;FLAVOR:Marlin
;TIME:2556
;MATERIAL:6959
;MATERIAL2:0
;NOZZLE_DIAMETER:0.4
;Filament used: 2.89339m
;Layer height: 0.25
;MINX:100.72
;MINY:100.72
;MINZ:0.4
;MAXX:179.28
;MAXY:139.28
;MAXZ:2.9
;Generated with Sovol Slicer 1.5.7
M140 S110
M105
M190 S110
M104 S228
M105
M109 S228
M82 ;absolute extrusion mode
M201 X500.00 Y500.00 Z100.00 E5000.00 ;Setup machine max acceleration
M203 X500.00 Y500.00 Z10.00 E50.00 ;Setup machine max feedrate
M204 P500.00 R1000.00 T500.00 ;Setup Print/Retract/Travel acceleration
M205 X8.00 Y8.00 Z0.40 E5.00 ;Setup Jerk
M220 S100 ;Reset Feedrate
M221 S100 ;Reset Flowrate

G28 ;Home

G92 E0 ;Reset Extruder
G1 Z2.0 F3000 ;Move Z Axis up
G1 X10.1 Y20 Z0.28 F5000.0 ;Move to start position
G1 X10.1 Y200.0 Z0.28 F1500.0 E15 ;Draw the first line
G1 X10.4 Y200.0 Z0.28 F5000.0 ;Move to side a little
G1 X10.4 Y20 Z0.28 F1500.0 E30 ;Draw the second line
G92 E0 ;Reset Extruder
G1 Z2.0 F3000 ;Move Z Axis up

G92 E0
G92 E0
G1 F2400 E-3
;LAYER_COUNT:11
;LAYER:0
M107
G0 F2880 X102.114 Y102.429 Z0.4
;TYPE:SKIRT
G1 F2400 E0
G1 F1200 X102.591 Y101.97 E0.05725
G1 X102.682 Y101.895 E0.06744
G1 X103.223 Y101.513 E0.12471
G1 X103.319 Y101.455 E0.13441
G1 X103.911 Y101.154 E0.19184
G1 X104.019 Y101.109 E0.20196
G1 X104.644 Y100.901 E0.25892
G1 X104.754 Y100.873 E0.26874
G1 X105.424 Y100.754 E0.32759
G1 X105.961 Y100.721 E0.37411
G1 X173.999 Y100.72 E6.25779
G1 X174.054 Y100.722 E6.26255
G1 X174.699 Y100.768 E6.31847
G1 X174.813 Y100.785 E6.32843
G1 X175.462 Y100.929 E6.38592
G1 X175.571 Y100.961 E6.39575
G1 X176.19 Y101.197 E6.45303
G1 X176.294 Y101.246 E6.46298
G1 X176.868 Y101.568 E6.51989
G1 X176.965 Y101.633 E6.52999
G1 X177.49 Y102.042 E6.58754
G1 X177.573 Y102.116 E6.59715
G1 X178.03 Y102.591 E6.65415
G1 X178.105 Y102.682 E6.66435
G1 X178.487 Y103.223 E6.72162
G1 X178.545 Y103.319 E6.73132
G1 X178.846 Y103.911 E6.78875
G1 X178.891 Y104.019 E6.79887
G1 X179.099 Y104.644 E6.85583
G1 X179.127 Y104.753 E6.86557
G1 X179.246 Y105.421 E6.92424
G1 X179.279 Y105.961 E6.97103
G1 X179.28 Y133.999 E9.39565
G1 X179.278 Y134.054 E9.40041
G1 X179.232 Y134.699 E9.45633
G1 X179.216 Y134.813 E9.46628
G1 X179.073 Y135.459 E9.5235
G1 X179.04 Y135.568 E9.53335
G1 X178.803 Y136.19 E9.59091
G1 X178.754 Y136.294 E9.60085
G1 X178.432 Y136.868 E9.65776
G1 X178.367 Y136.966 E9.66793
G1 X177.95 Y137.501 E9.72659
G1 X177.874 Y137.585 E9.73639
G1 X177.393 Y138.045 E9.79394
G1 X177.301 Y138.12 E9.80421
G1 X176.774 Y138.489 E9.85984
G1 X176.681 Y138.545 E9.86923
G1 X176.089 Y138.846 E9.92666
G1 X175.981 Y138.891 E9.93678
G1 X175.356 Y139.099 E9.99374
G1 X175.246 Y139.127 E10.00356
G1 X174.591 Y139.243 E10.06108
G1 X174.043 Y139.279 E10.10857
G1 X106 Y139.28 E15.99268
G1 X105.944 Y139.278 E15.99753
G1 X105.3 Y139.232 E16.05336
G1 X105.187 Y139.215 E16.06324
G1 X104.538 Y139.071 E16.12073
G1 X104.429 Y139.039 E16.13055
G1 X103.81 Y138.803 E16.18784
G1 X103.706 Y138.754 E16.19778
G1 X103.133 Y138.432 E16.25462
G1 X103.036 Y138.368 E16.26467
G1 X102.51 Y137.959 E16.32229
G1 X102.427 Y137.884 E16.33196
G1 X101.97 Y137.409 E16.38896
G1 X101.895 Y137.318 E16.39916
G1 X101.511 Y136.774 E16.45674
G1 X101.452 Y136.677 E16.46656
G1 X101.146 Y136.074 E16.52504
G1 X101.101 Y135.965 E16.53523
G1 X100.899 Y135.351 E16.59113
G1 X100.872 Y135.242 E16.60084
G1 X100.757 Y134.59 E16.65809
G1 X100.721 Y134.044 E16.70541
G1 X100.72 Y106 E19.13056
G1 X100.722 Y105.944 E19.1354
G1 X100.768 Y105.3 E19.19123
G1 X100.784 Y105.187 E19.2011
G1 X100.927 Y104.541 E19.25832
G1 X100.96 Y104.432 E19.26817
G1 X101.197 Y103.81 E19.32573
G1 X101.246 Y103.706 E19.33567
G1 X101.568 Y103.132 E19.39258
G1 X101.632 Y103.035 E19.40263
G1 X102.039 Y102.512 E19.45994
G1 X102.114 Y102.429 E19.46962
G0 F2880 X102.475 Y102.804
G1 F1200 X102.952 Y102.345 E19.52686
G1 X102.982 Y102.32 E19.53024
G1 X103.523 Y101.938 E19.58751
G1 X103.555 Y101.918 E19.59077
G1 X104.147 Y101.617 E19.6482
G1 X104.183 Y101.602 E19.65158
G1 X104.808 Y101.394 E19.70854
G1 X104.845 Y101.385 E19.71183
G1 X105.515 Y101.266 E19.77068
G1 X105.987 Y101.24 E19.81156
G1 X173.999 Y101.24 E25.69299
G1 X174.662 Y101.287 E25.75046
G1 X174.7 Y101.292 E25.75378
G1 X175.349 Y101.436 E25.81127
G1 X175.386 Y101.447 E25.8146
G1 X176.005 Y101.683 E25.87189
G1 X176.039 Y101.699 E25.87514
G1 X176.613 Y102.021 E25.93206
G1 X176.646 Y102.043 E25.93549
G1 X177.171 Y102.452 E25.99304
G1 X177.198 Y102.477 E25.99622
G1 X177.655 Y102.952 E26.05322
G1 X177.68 Y102.982 E26.0566
G1 X178.062 Y103.523 E26.11387
G1 X178.082 Y103.555 E26.11713
G1 X178.383 Y104.147 E26.17456
G1 X178.398 Y104.183 E26.17793
G1 X178.606 Y104.808 E26.2349
G1 X178.615 Y104.844 E26.2381
G1 X178.734 Y105.512 E26.29678
G1 X178.76 Y105.987 E26.33792
G1 X178.759 Y134.017 E28.76185
G1 X178.713 Y134.662 E28.81777
G1 X178.708 Y134.7 E28.82108
G1 X178.565 Y135.346 E28.8783
G1 X178.554 Y135.383 E28.88164
G1 X178.317 Y136.005 E28.9392
G1 X178.301 Y136.039 E28.94245
G1 X177.979 Y136.613 E28.99936
G1 X177.957 Y136.646 E29.00279
G1 X177.54 Y137.181 E29.06145
G1 X177.515 Y137.209 E29.0647
G1 X177.034 Y137.669 E29.12225
G1 X177.003 Y137.694 E29.12569
G1 X176.476 Y138.063 E29.18133
G1 X176.445 Y138.082 E29.18447
G1 X175.853 Y138.383 E29.2419
G1 X175.817 Y138.398 E29.24528
G1 X175.192 Y138.606 E29.30224
G1 X175.155 Y138.615 E29.30553
G1 X174.469 Y138.735 E29.36576
G1 X174.014 Y138.76 E29.40516
G1 X105.981 Y138.759 E35.28841
G1 X105.337 Y138.713 E35.34424
G1 X105.3 Y138.708 E35.34747
G1 X104.651 Y138.564 E35.40496
G1 X104.614 Y138.553 E35.40829
G1 X103.995 Y138.317 E35.46558
G1 X103.961 Y138.301 E35.46883
G1 X103.388 Y137.979 E35.52567
G1 X103.355 Y137.957 E35.5291
G1 X102.829 Y137.548 E35.58672
G1 X102.802 Y137.523 E35.5899
G1 X102.345 Y137.048 E35.6469
G1 X102.32 Y137.018 E35.65028
G1 X101.936 Y136.474 E35.70786
G1 X101.916 Y136.442 E35.71113
G1 X101.61 Y135.839 E35.7696
G1 X101.595 Y135.802 E35.77305
G1 X101.393 Y135.188 E35.82895
G1 X101.384 Y135.152 E35.83216
G1 X101.265 Y134.469 E35.89211
G1 X101.24 Y134.015 E35.93143
G1 X101.241 Y105.981 E38.35571
G1 X101.287 Y105.337 E38.41154
G1 X101.292 Y105.3 E38.41477
G1 X101.435 Y104.654 E38.47199
G1 X101.446 Y104.617 E38.47532
G1 X101.683 Y103.995 E38.53288
G1 X101.699 Y103.961 E38.53613
G1 X102.021 Y103.387 E38.59305
G1 X102.043 Y103.354 E38.59648
G1 X102.45 Y102.831 E38.65379
G1 X102.475 Y102.804 E38.65697
G1 F2400 E35.65697
;MESH:Case3D_Sensor-Tampa.stl
G0 F2880 X102.299 Y106.023
G0 X103.684 Y134.241
G0 X105.486 Y137.583
G0 X105.396 Y138.197
;TYPE:WALL-OUTER
G1 F2400 E38.65697
G1 F1200 X104.784 Y138.061 E38.71118
G1 X104.2 Y137.839 E38.76521
G1 X103.657 Y137.534 E38.81907
G1 X103.162 Y137.148 E38.87335
G1 X102.732 Y136.702 E38.92693
G1 X102.374 Y136.195 E38.9806
G1 X102.084 Y135.622 E39.03613
G1 X101.892 Y135.042 E39.08897
G1 X101.784 Y134.43 E39.14271
G1 X101.76 Y133.986 E39.18116
G1 X101.76 Y106 E41.60129
G1 X101.803 Y105.396 E41.65365
G1 X101.939 Y104.784 E41.70786
G1 X102.161 Y104.2 E41.76189
G1 X102.466 Y103.657 E41.81575
G1 X102.852 Y103.162 E41.87003
G1 X103.298 Y102.732 E41.92361
G1 X103.805 Y102.374 E41.97728
G1 X104.365 Y102.091 E42.03154
G1 X104.958 Y101.892 E42.08563
G1 X105.585 Y101.781 E42.14069
G1 X106.013 Y101.76 E42.17775
G1 X173.996 Y101.76 E48.05667
G1 X174.604 Y101.803 E48.10938
G1 X175.216 Y101.939 E48.16359
G1 X175.8 Y102.161 E48.21762
G1 X176.343 Y102.466 E48.27148
G1 X176.838 Y102.852 E48.32576
G1 X177.268 Y103.298 E48.37934
G1 X177.626 Y103.805 E48.43301
G1 X177.909 Y104.365 E48.48727
G1 X178.108 Y104.958 E48.54136
G1 X178.219 Y105.585 E48.59642
G1 X178.24 Y106.013 E48.63348
G1 X178.24 Y134 E51.05369
G1 X178.197 Y134.602 E51.10588
G1 X178.061 Y135.216 E51.16027
G1 X177.839 Y135.8 E51.21429
G1 X177.534 Y136.343 E51.26815
G1 X177.139 Y136.85 E51.32373
G1 X176.694 Y137.273 E51.37682
G1 X176.19 Y137.628 E51.43013
G1 X175.635 Y137.909 E51.48393
G1 X175.042 Y138.108 E51.53802
G1 X174.43 Y138.216 E51.59176
G1 X173.986 Y138.24 E51.63021
G1 X106.004 Y138.24 E57.50905
G1 X105.396 Y138.197 E57.56176
G0 F2880 X105.478 Y137.631
G0 X105.489 Y137.583
G0 X143.226 Y124.151
G0 X173.455 Y108.314
G0 X173.531 Y107.699
G1 F1200 X174.052 Y107.763 E57.60715
G1 X174.57 Y107.669 E57.65268
G1 X175.037 Y107.427 E57.69816
G1 X175.41 Y107.058 E57.74353
G1 X175.657 Y106.602 E57.78838
G1 X175.761 Y106.08 E57.83441
G1 X175.707 Y105.557 E57.87988
G1 X175.5 Y105.074 E57.92532
G1 X175.16 Y104.672 E57.97085
G1 X174.717 Y104.39 E58.01626
G1 X174.212 Y104.25 E58.06158
G1 X173.686 Y104.265 E58.10708
G1 X173.189 Y104.435 E58.15251
G1 X172.763 Y104.744 E58.19802
G1 X172.448 Y105.164 E58.24342
G1 X172.271 Y105.659 E58.28888
G1 X172.246 Y106.183 E58.33424
G1 X172.379 Y106.694 E58.3799
G1 X172.655 Y107.139 E58.42519
G1 X173.05 Y107.485 E58.4706
G1 X173.531 Y107.699 E58.51612
G0 F2880 X173.391 Y108.206
;TYPE:WALL-INNER
G1 F1200 X174.067 Y108.289 E58.57502
G1 X174.74 Y108.167 E58.63417
G1 X175.346 Y107.852 E58.69323
G1 X175.831 Y107.373 E58.75218
G1 X176.152 Y106.781 E58.81041
G1 X176.286 Y106.105 E58.87001
G1 X176.216 Y105.425 E58.92912
G1 X175.947 Y104.798 E58.98812
G1 X175.506 Y104.276 E59.04721
G1 X174.931 Y103.91 E59.10616
G1 X174.275 Y103.728 E59.16503
G1 X173.592 Y103.747 E59.22411
G1 X172.947 Y103.968 E59.28308
G1 X172.394 Y104.369 E59.34215
G1 X171.985 Y104.915 E59.40114
G1 X171.755 Y105.557 E59.46011
G1 X171.723 Y106.237 E59.51898
G1 X171.896 Y106.901 E59.57832
G1 X172.254 Y107.479 E59.63711
G1 X172.767 Y107.928 E59.69607
G1 X173.391 Y108.206 E59.75514
G0 F2880 X173.25 Y108.713
G1 F1200 X174.082 Y108.815 E59.82763
G1 X174.91 Y108.665 E59.9004
G1 X175.656 Y108.277 E59.97311
G1 X176.251 Y107.689 E60.04545
G1 X176.647 Y106.96 E60.11719
G1 X176.69 Y106.745 E60.13615
G1 X176.795 Y106.206 E60.18364
G1 X176.811 Y106.129 E60.19044
G1 X176.804 Y106.054 E60.19696
G1 X176.725 Y105.293 E60.26312
G1 X176.57 Y104.932 E60.29709
G1 X176.394 Y104.522 E60.33568
G1 X176.144 Y104.226 E60.36918
G1 X175.852 Y103.88 E60.40833
G1 X175.543 Y103.684 E60.43998
G1 X175.145 Y103.43 E60.48081
G1 X174.812 Y103.338 E60.51068
G1 X174.349 Y103.209 E60.55224
G1 X174.339 Y103.206 E60.55315
G1 X173.963 Y103.216 E60.58567
G1 X173.498 Y103.229 E60.6259
G1 X173.244 Y103.316 E60.64912
G1 X172.705 Y103.501 E60.6984
G1 X172.025 Y103.994 E60.77103
G1 X171.522 Y104.666 E60.84362
G1 X171.239 Y105.455 E60.91611
G1 X171.2 Y106.292 E60.98856
G1 X171.413 Y107.108 E61.06149
G1 X171.853 Y107.819 E61.1338
G1 X172.484 Y108.371 E61.2063
G1 X173.25 Y108.713 E61.27884
G0 F2880 X171.684 Y134.241
G0 X172.224 Y135.504
G0 X173.455 Y136.314
G0 X173.531 Y135.699
;TYPE:WALL-OUTER
G1 F1200 X174.052 Y135.763 E61.32424
G1 X174.57 Y135.669 E61.36976
G1 X175.037 Y135.427 E61.41525
G1 X175.41 Y135.058 E61.46062
G1 X175.657 Y134.602 E61.50547
G1 X175.761 Y134.08 E61.55149
G1 X175.707 Y133.557 E61.59696
G1 X175.5 Y133.074 E61.6424
G1 X175.16 Y132.672 E61.68793
G1 X174.717 Y132.39 E61.73335
G1 X174.212 Y132.25 E61.77866
G1 X173.686 Y132.265 E61.82417
G1 X173.189 Y132.435 E61.86959
G1 X172.763 Y132.744 E61.9151
G1 X172.448 Y133.164 E61.9605
G1 X172.271 Y133.659 E62.00596
G1 X172.246 Y134.183 E62.05133
G1 X172.379 Y134.694 E62.09699
G1 X172.655 Y135.139 E62.14227
G1 X173.05 Y135.485 E62.18768
G1 X173.531 Y135.699 E62.23321
G0 F2880 X173.391 Y136.206
;TYPE:WALL-INNER
G1 F1200 X174.067 Y136.289 E62.2921
G1 X174.74 Y136.167 E62.35125
G1 X175.346 Y135.852 E62.41031
G1 X175.831 Y135.373 E62.46926
G1 X176.152 Y134.781 E62.5275
G1 X176.286 Y134.105 E62.58709
G1 X176.216 Y133.425 E62.64621
G1 X175.947 Y132.798 E62.70521
G1 X175.506 Y132.276 E62.7643
G1 X174.931 Y131.91 E62.82324
G1 X174.275 Y131.728 E62.88211
G1 X173.592 Y131.747 E62.9412
G1 X172.947 Y131.968 E63.00016
G1 X172.394 Y132.369 E63.05923
G1 X171.985 Y132.915 E63.11822
G1 X171.755 Y133.557 E63.1772
G1 X171.723 Y134.237 E63.23607
G1 X171.896 Y134.901 E63.2954
G1 X172.254 Y135.479 E63.3542
G1 X172.767 Y135.928 E63.41315
G1 X173.391 Y136.206 E63.47223
G0 F2880 X173.182 Y136.683
G1 F1200 X173.25 Y136.713 E63.47865
G1 X174.016 Y136.806 E63.54538
G1 X174.082 Y136.815 E63.55114
G1 X174.713 Y136.701 E63.60659
G1 X174.91 Y136.665 E63.62391
G1 X175.044 Y136.595 E63.63698
G1 X175.468 Y136.375 E63.67829
G1 X175.656 Y136.277 E63.69662
G1 X175.752 Y136.182 E63.7083
G1 X176.077 Y135.861 E63.74781
G1 X176.251 Y135.689 E63.76896
G1 X176.313 Y135.574 E63.78026
G1 X176.536 Y135.164 E63.82062
G1 X176.647 Y134.96 E63.84071
G1 X176.669 Y134.845 E63.85083
G1 X176.762 Y134.373 E63.89243
G1 X176.795 Y134.206 E63.90715
G1 X176.811 Y134.129 E63.91395
G1 X176.797 Y133.991 E63.92595
G1 X176.725 Y133.293 E63.98663
G1 X176.683 Y133.195 E63.99585
G1 X176.394 Y132.522 E64.05919
G1 X175.852 Y131.88 E64.13185
G1 X175.145 Y131.43 E64.20432
G1 X174.339 Y131.206 E64.27666
G1 X173.498 Y131.229 E64.34941
G1 X172.705 Y131.501 E64.42191
G1 X172.025 Y131.994 E64.49454
G1 X171.522 Y132.666 E64.56713
G1 X171.239 Y133.455 E64.63962
G1 X171.2 Y134.292 E64.71208
G1 X171.413 Y135.108 E64.78501
G1 X171.853 Y135.819 E64.85731
G1 X172.484 Y136.371 E64.92981
G1 X173.182 Y136.683 E64.99593
G0 F2880 X140.167 Y124.902
G0 X140.182 Y124.283
;TYPE:WALL-OUTER
G1 F1200 X140.906 Y124.228 E65.05872
G1 X141.596 Y124.108 E65.11928
G1 X142.32 Y123.906 E65.18428
G1 X142.996 Y123.64 E65.2471
G1 X143.643 Y123.31 E65.30991
G1 X144.253 Y122.915 E65.37275
G1 X144.82 Y122.462 E65.43551
G1 X145.341 Y121.955 E65.49838
G1 X145.808 Y121.399 E65.56117
G1 X146.216 Y120.799 E65.62391
G1 X146.564 Y120.161 E65.68676
G1 X146.846 Y119.492 E65.74954
G1 X147.053 Y118.821 E65.81027
G1 X147.204 Y118.086 E65.87515
G1 X147.276 Y117.363 E65.93799
G1 X147.276 Y116.637 E66.00077
G1 X147.204 Y115.914 E66.0636
G1 X147.06 Y115.203 E66.12633
G1 X146.846 Y114.508 E66.18922
G1 X146.564 Y113.839 E66.252
G1 X146.216 Y113.201 E66.31485
G1 X145.808 Y112.601 E66.37759
G1 X145.341 Y112.045 E66.44038
G1 X144.839 Y111.555 E66.50105
G1 X144.273 Y111.1 E66.56385
G1 X143.643 Y110.691 E66.6288
G1 X143.018 Y110.371 E66.68952
G1 X142.32 Y110.094 E66.75446
G1 X141.644 Y109.904 E66.81518
G1 X140.907 Y109.772 E66.87993
G1 X140.182 Y109.717 E66.94281
G1 X139.48 Y109.733 E67.00353
G1 X138.735 Y109.826 E67.06845
G1 X138.026 Y109.987 E67.13133
G1 X137.338 Y110.219 E67.19411
G1 X136.676 Y110.517 E67.25689
G1 X136.048 Y110.88 E67.31962
G1 X135.458 Y111.304 E67.38245
G1 X134.913 Y111.785 E67.44531
G1 X134.42 Y112.317 E67.50803
G1 X133.981 Y112.896 E67.57087
G1 X133.601 Y113.515 E67.63368
G1 X133.287 Y114.17 E67.69649
G1 X133.038 Y114.852 E67.75928
G1 X132.859 Y115.556 E67.82209
G1 X132.751 Y116.275 E67.88497
G1 X132.715 Y117 E67.94774
G1 X132.751 Y117.725 E68.01051
G1 X132.859 Y118.444 E68.07338
G1 X133.038 Y119.148 E68.1362
G1 X133.287 Y119.83 E68.19899
G1 X133.601 Y120.485 E68.2618
G1 X133.981 Y121.104 E68.32461
G1 X134.42 Y121.683 E68.38745
G1 X134.913 Y122.215 E68.45017
G1 X135.458 Y122.696 E68.51303
G1 X136.048 Y123.12 E68.57586
G1 X136.676 Y123.483 E68.63858
G1 X137.338 Y123.781 E68.70136
G1 X138.026 Y124.013 E68.76415
G1 X138.735 Y124.174 E68.82702
G1 X139.455 Y124.265 E68.88978
G1 X140.182 Y124.283 E68.95267
G0 F2880 X140.195 Y124.803
;TYPE:WALL-INNER
G1 F1200 X140.97 Y124.745 E69.01988
G1 X141.711 Y124.616 E69.08492
G1 X142.486 Y124.4 E69.15449
G1 X143.21 Y124.115 E69.22178
G1 X143.903 Y123.761 E69.28907
G1 X144.557 Y123.337 E69.35647
G1 X145.164 Y122.852 E69.42366
G1 X145.722 Y122.309 E69.49099
G1 X146.223 Y121.713 E69.55832
G1 X146.66 Y121.07 E69.62555
G1 X147.033 Y120.387 E69.69285
G1 X147.335 Y119.67 E69.76013
G1 X147.557 Y118.95 E69.82528
G1 X147.719 Y118.164 E69.89468
G1 X147.796 Y117.389 E69.96203
G1 X147.796 Y116.611 E70.02931
G1 X147.719 Y115.836 E70.09666
G1 X147.565 Y115.075 E70.1638
G1 X147.335 Y114.33 E70.23123
G1 X147.033 Y113.613 E70.29851
G1 X146.66 Y112.93 E70.3658
G1 X146.223 Y112.287 E70.43304
G1 X145.723 Y111.691 E70.50031
G1 X145.184 Y111.165 E70.56544
G1 X144.578 Y110.678 E70.63267
G1 X143.904 Y110.24 E70.70218
G1 X143.233 Y109.897 E70.76735
G1 X142.487 Y109.601 E70.83675
G1 X141.76 Y109.397 E70.90205
G1 X140.973 Y109.255 E70.9712
G1 X140.196 Y109.197 E71.03858
G1 X139.442 Y109.214 E71.1038
G1 X138.645 Y109.313 E71.17325
G1 X137.885 Y109.486 E71.24066
G1 X137.148 Y109.734 E71.3079
G1 X136.439 Y110.054 E71.37517
G1 X135.765 Y110.443 E71.44246
G1 X135.133 Y110.897 E71.50976
G1 X134.549 Y111.412 E71.57709
G1 X134.021 Y111.982 E71.64428
G1 X133.551 Y112.602 E71.71156
G1 X133.144 Y113.266 E71.77891
G1 X132.807 Y113.968 E71.84625
G1 X132.541 Y114.698 E71.91344
G1 X132.349 Y115.453 E71.9808
G1 X132.233 Y116.223 E72.04814
G1 X132.194 Y117 E72.11542
G1 X132.233 Y117.777 E72.18269
G1 X132.349 Y118.547 E72.25003
G1 X132.541 Y119.302 E72.3174
G1 X132.807 Y120.032 E72.38459
G1 X133.144 Y120.734 E72.45193
G1 X133.551 Y121.398 E72.51928
G1 X134.021 Y122.018 E72.58656
G1 X134.549 Y122.588 E72.65375
G1 X135.133 Y123.103 E72.72108
G1 X135.765 Y123.557 E72.78837
G1 X136.439 Y123.946 E72.85567
G1 X137.148 Y124.266 E72.92294
G1 X137.885 Y124.514 E72.99018
G1 X138.645 Y124.687 E73.05758
G1 X139.416 Y124.784 E73.12478
G1 X140.195 Y124.803 E73.19217
G0 F2880 X140.208 Y125.323
G1 F1200 X141.034 Y125.262 E73.26379
G1 X141.826 Y125.124 E73.33331
G1 X142.651 Y124.894 E73.40738
G1 X143.424 Y124.59 E73.47921
G1 X144.163 Y124.212 E73.55099
G1 X144.861 Y123.759 E73.62294
G1 X145.508 Y123.242 E73.69456
G1 X146.103 Y122.664 E73.7663
G1 X146.638 Y122.027 E73.83823
G1 X147.089 Y121.362 E73.90772
G1 X147.104 Y121.341 E73.90995
G1 X147.502 Y120.613 E73.9817
G1 X147.824 Y119.848 E74.05347
G1 X148.061 Y119.079 E74.12306
G1 X148.065 Y119.056 E74.12508
G1 X148.234 Y118.242 E74.19697
G1 X148.316 Y117.415 E74.26884
G1 X148.316 Y116.585 E74.34062
G1 X148.234 Y115.759 E74.4124
G1 X148.07 Y114.946 E74.48412
G1 X147.824 Y114.152 E74.556
G1 X147.502 Y113.387 E74.62778
G1 X147.104 Y112.659 E74.69952
G1 X146.638 Y111.973 E74.77124
G1 X146.105 Y111.337 E74.843
G1 X145.529 Y110.775 E74.91259
G1 X144.883 Y110.256 E74.98425
G1 X144.165 Y109.789 E75.05832
G1 X143.448 Y109.423 E75.12793
G1 X142.654 Y109.108 E75.2018
G1 X141.877 Y108.89 E75.27159
G1 X141.039 Y108.738 E75.34524
G1 X140.21 Y108.677 E75.41712
G1 X139.404 Y108.695 E75.48684
G1 X138.555 Y108.8 E75.56081
G1 X137.744 Y108.985 E75.63275
G1 X136.958 Y109.249 E75.70445
G1 X136.201 Y109.591 E75.77628
G1 X135.483 Y110.006 E75.848
G1 X135.463 Y110.021 E75.85016
G1 X134.809 Y110.49 E75.91976
G1 X134.185 Y111.039 E75.99163
G1 X133.622 Y111.647 E76.06329
G1 X133.121 Y112.308 E76.13501
G1 X132.687 Y113.017 E76.2069
G1 X132.327 Y113.766 E76.27876
G1 X132.043 Y114.545 E76.35046
G1 X131.839 Y115.35 E76.42228
G1 X131.836 Y115.375 E76.42445
G1 X131.715 Y116.171 E76.49408
G1 X131.673 Y117 E76.56586
G1 X131.715 Y117.829 E76.63764
G1 X131.839 Y118.65 E76.70944
G1 X132.043 Y119.455 E76.78126
G1 X132.327 Y120.234 E76.85296
G1 X132.687 Y120.983 E76.92482
G1 X133.121 Y121.692 E76.99671
G1 X133.622 Y122.353 E77.06844
G1 X134.185 Y122.961 E77.14009
G1 X134.809 Y123.51 E77.21197
G1 X135.462 Y123.978 E77.28144
G1 X135.483 Y123.994 E77.28372
G1 X135.505 Y124.006 E77.28589
G1 X136.201 Y124.409 E77.35544
G1 X136.958 Y124.751 E77.42727
G1 X137.744 Y125.015 E77.49897
G1 X138.555 Y125.2 E77.57091
G1 X139.377 Y125.303 E77.64255
G1 X140.208 Y125.323 E77.71443
G0 F2880 X137.134 Y124.303
G0 X136.347 Y123.9
G0 X106.855 Y108.219
G0 X106.57 Y107.669
;TYPE:WALL-OUTER
G1 F1200 X107.037 Y107.427 E77.75992
G1 X107.41 Y107.058 E77.80529
G1 X107.657 Y106.602 E77.85013
G1 X107.761 Y106.08 E77.89616
G1 X107.707 Y105.557 E77.94163
G1 X107.5 Y105.074 E77.98707
G1 X107.16 Y104.672 E78.0326
G1 X106.717 Y104.39 E78.07801
G1 X106.212 Y104.25 E78.12333
G1 X105.686 Y104.265 E78.16884
G1 X105.189 Y104.435 E78.21426
G1 X104.763 Y104.744 E78.25977
G1 X104.448 Y105.164 E78.30517
G1 X104.271 Y105.659 E78.35063
G1 X104.246 Y106.183 E78.396
G1 X104.379 Y106.694 E78.44166
G1 X104.655 Y107.139 E78.48694
G1 X105.05 Y107.485 E78.53235
G1 X105.531 Y107.699 E78.57788
G1 X106.052 Y107.763 E78.62327
G1 X106.57 Y107.669 E78.66879
G0 F2880 X106.74 Y108.167
;TYPE:WALL-INNER
G1 F1200 X107.346 Y107.852 E78.72786
G1 X107.831 Y107.373 E78.7868
G1 X108.152 Y106.781 E78.84504
G1 X108.286 Y106.105 E78.90464
G1 X108.216 Y105.425 E78.96375
G1 X107.947 Y104.798 E79.02275
G1 X107.506 Y104.276 E79.08184
G1 X106.931 Y103.91 E79.14079
G1 X106.275 Y103.728 E79.19966
G1 X105.592 Y103.747 E79.25874
G1 X104.947 Y103.968 E79.3177
G1 X104.394 Y104.369 E79.37677
G1 X103.985 Y104.915 E79.43577
G1 X103.755 Y105.557 E79.49474
G1 X103.723 Y106.237 E79.55361
G1 X103.896 Y106.901 E79.61295
G1 X104.254 Y107.479 E79.67174
G1 X104.767 Y107.928 E79.7307
G1 X105.391 Y108.206 E79.78977
G1 X106.067 Y108.289 E79.84867
G1 X106.74 Y108.167 E79.90782
G0 F2880 X106.91 Y108.665
G1 F1200 X107.656 Y108.277 E79.98053
G1 X108.251 Y107.689 E80.05287
G1 X108.647 Y106.96 E80.12461
G1 X108.795 Y106.206 E80.19106
G1 X108.811 Y106.129 E80.19786
G1 X108.725 Y105.293 E80.27054
G1 X108.394 Y104.522 E80.34309
G1 X107.852 Y103.88 E80.41575
G1 X107.145 Y103.43 E80.48822
G1 X106.738 Y103.316 E80.52477
G1 X106.339 Y103.206 E80.56056
G1 X106.034 Y103.214 E80.58695
G1 X105.498 Y103.229 E80.63332
G1 X105.348 Y103.28 E80.64702
G1 X104.901 Y103.434 E80.6879
G1 X104.705 Y103.501 E80.70582
G1 X104.579 Y103.592 E80.71926
G1 X104.197 Y103.869 E80.76006
G1 X104.025 Y103.994 E80.77845
G1 X103.95 Y104.095 E80.78933
G1 X103.662 Y104.479 E80.83084
G1 X103.522 Y104.666 E80.85104
G1 X103.483 Y104.776 E80.86113
G1 X103.325 Y105.216 E80.90156
G1 X103.239 Y105.455 E80.92352
G1 X103.234 Y105.566 E80.93313
G1 X103.211 Y106.058 E80.97572
G1 X103.2 Y106.292 E80.99598
G1 X103.316 Y106.74 E81.036
G1 X103.413 Y107.108 E81.06891
G1 X103.853 Y107.819 E81.14122
G1 X104.484 Y108.371 E81.21372
G1 X105.25 Y108.713 E81.28626
G1 X106.082 Y108.815 E81.35875
G1 X106.91 Y108.665 E81.43151
G0 F2880 X108.325 Y134.106
G0 X107.862 Y135.397
G0 X106.855 Y136.219
G0 X106.57 Y135.669
;TYPE:WALL-OUTER
G1 F1200 X107.037 Y135.427 E81.477
G1 X107.41 Y135.058 E81.52237
G1 X107.657 Y134.602 E81.56722
G1 X107.761 Y134.08 E81.61325
G1 X107.707 Y133.557 E81.65871
G1 X107.5 Y133.074 E81.70416
G1 X107.16 Y132.672 E81.74969
G1 X106.717 Y132.39 E81.7951
G1 X106.212 Y132.25 E81.84042
G1 X105.686 Y132.265 E81.88592
G1 X105.189 Y132.435 E81.93134
G1 X104.763 Y132.744 E81.97685
G1 X104.448 Y133.164 E82.02225
G1 X104.271 Y133.659 E82.06771
G1 X104.246 Y134.183 E82.11308
G1 X104.379 Y134.694 E82.15874
G1 X104.655 Y135.139 E82.20402
G1 X105.05 Y135.485 E82.24943
G1 X105.531 Y135.699 E82.29496
G1 X106.052 Y135.763 E82.34035
G1 X106.57 Y135.669 E82.38588
G0 F2880 X106.74 Y136.167
;TYPE:WALL-INNER
G1 F1200 X107.346 Y135.852 E82.44494
G1 X107.831 Y135.373 E82.50389
G1 X108.152 Y134.781 E82.56212
G1 X108.286 Y134.105 E82.62172
G1 X108.216 Y133.425 E82.68083
G1 X107.947 Y132.798 E82.73983
G1 X107.506 Y132.276 E82.79893
G1 X106.931 Y131.91 E82.85787
G1 X106.275 Y131.728 E82.91674
G1 X105.592 Y131.747 E82.97583
G1 X104.947 Y131.968 E83.03479
G1 X104.394 Y132.369 E83.09386
G1 X103.985 Y132.915 E83.15285
G1 X103.755 Y133.557 E83.21183
G1 X103.723 Y134.237 E83.2707
G1 X103.896 Y134.901 E83.33003
G1 X104.254 Y135.479 E83.38883
G1 X104.767 Y135.928 E83.44778
G1 X105.391 Y136.206 E83.50686
G1 X106.067 Y136.289 E83.56575
G1 X106.74 Y136.167 E83.6249
G0 F2880 X106.815 Y136.683
G1 F1200 X106.91 Y136.665 E83.63326
G1 X107.656 Y136.277 E83.70598
G1 X108.251 Y135.689 E83.77832
G1 X108.647 Y134.96 E83.85006
G1 X108.795 Y134.206 E83.9165
G1 X108.811 Y134.129 E83.92331
G1 X108.725 Y133.293 E83.99598
G1 X108.394 Y132.522 E84.06854
G1 X107.852 Y131.88 E84.1412
G1 X107.145 Y131.43 E84.21367
G1 X106.339 Y131.206 E84.28601
G1 X105.498 Y131.229 E84.35876
G1 X104.705 Y131.501 E84.43126
G1 X104.025 Y131.994 E84.50389
G1 X103.522 Y132.666 E84.57648
G1 X103.316 Y133.24 E84.62922
G1 X103.239 Y133.455 E84.64897
G1 X103.214 Y133.996 E84.6958
G1 X103.2 Y134.292 E84.72143
G1 X103.3 Y134.676 E84.75574
G1 X103.413 Y135.108 E84.79436
G1 X103.618 Y135.44 E84.8281
G1 X103.853 Y135.819 E84.86666
G1 X104.127 Y136.059 E84.89816
G1 X104.484 Y136.371 E84.93916
G1 X104.81 Y136.516 E84.97002
G1 X105.236 Y136.706 E85.01035
G1 X105.25 Y136.713 E85.01171
G1 X105.598 Y136.755 E85.04202
G1 X106.082 Y136.815 E85.08419
G1 X106.815 Y136.683 E85.1486
G0 F2880 X105.486 Y137.583
G0 X105.472 Y137.681
G1 F1200 X104.931 Y137.561 E85.19652
G1 X104.42 Y137.366 E85.24382
G1 X103.947 Y137.101 E85.2907
G1 X103.509 Y136.759 E85.33876
G1 X103.136 Y136.372 E85.38524
G1 X102.821 Y135.926 E85.43246
G1 X102.566 Y135.422 E85.4813
G1 X102.397 Y134.912 E85.52776
G1 X102.301 Y134.37 E85.57536
G1 X102.282 Y134.005 E85.60697
G1 X102.28 Y133.977 E85.6094
G1 X102.28 Y106.023 E88.02676
G1 X102.319 Y105.472 E88.07453
G1 X102.439 Y104.931 E88.12245
G1 X102.634 Y104.42 E88.16974
G1 X102.899 Y103.947 E88.21663
G1 X103.241 Y103.509 E88.26468
G1 X103.628 Y103.136 E88.31117
G1 X104.074 Y102.821 E88.35838
G1 X104.568 Y102.571 E88.40626
G1 X105.086 Y102.397 E88.45352
G1 X105.647 Y102.298 E88.50278
G1 X105.996 Y102.282 E88.53299
G1 X106.018 Y102.28 E88.5349
G1 X173.973 Y102.28 E94.4114
G1 X174.528 Y102.319 E94.45951
G1 X175.069 Y102.439 E94.50743
G1 X175.58 Y102.634 E94.55473
G1 X176.053 Y102.899 E94.60162
G1 X176.491 Y103.241 E94.64967
G1 X176.864 Y103.628 E94.69615
G1 X177.179 Y104.074 E94.74337
G1 X177.429 Y104.568 E94.79125
G1 X177.603 Y105.086 E94.8385
G1 X177.702 Y105.647 E94.88777
G1 X177.718 Y105.987 E94.9172
G1 X177.72 Y106.013 E94.91946
G1 X177.72 Y133.977 E97.33768
G1 X177.681 Y134.528 E97.38545
G1 X177.561 Y135.068 E97.43329
G1 X177.366 Y135.58 E97.48066
G1 X177.101 Y136.053 E97.52755
G1 X176.752 Y136.501 E97.57666
G1 X176.362 Y136.871 E97.62315
G1 X175.924 Y137.18 E97.6695
G1 X175.432 Y137.429 E97.71719
G1 X174.913 Y137.603 E97.76452
G1 X174.37 Y137.699 E97.81221
G1 X173.996 Y137.718 E97.84459
G1 X173.977 Y137.72 E97.84624
G1 X106.027 Y137.72 E103.72231
G1 X105.472 Y137.681 E103.77042
G0 F2880 X105.548 Y137.165
G1 F1200 X105.169 Y137.082 E103.79634
G1 X105.078 Y137.061 E103.80318
G1 X104.642 Y136.894 E103.83433
G1 X104.299 Y136.702 E103.86065
G1 X104.235 Y136.666 E103.86616
G1 X103.856 Y136.37 E103.89819
G1 X103.58 Y136.083 E103.92479
G1 X103.54 Y136.042 E103.92975
G1 X103.268 Y135.657 E103.96123
G1 X103.077 Y135.279 E103.98939
G1 X103.049 Y135.224 E103.99472
G1 X102.902 Y134.781 E104.02577
G1 X102.846 Y134.337 E104.05495
G1 X102.8 Y133.977 E104.07899
G1 X102.8 Y133.455 E104.11594
G1 X102.8 Y133.226 E104.13424
G1 X102.8 Y106.755 E106.42336
G1 X102.8 Y106.292 E106.45885
G1 X102.8 Y106.039 E106.47612
G1 X102.835 Y105.548 E106.50943
G1 X102.873 Y105.375 E106.52158
G1 X102.939 Y105.078 E106.54197
G1 X103.106 Y104.642 E106.57351
G1 X103.195 Y104.483 E106.586
G1 X103.334 Y104.235 E106.60508
G1 X103.63 Y103.856 E106.6375
G1 X103.765 Y103.726 E106.65024
G1 X103.958 Y103.54 E106.66825
G1 X104.344 Y103.268 E106.70001
G1 X104.536 Y103.171 E106.7145
G1 X104.769 Y103.052 E106.73197
G1 X105.217 Y102.902 E106.76365
G1 X105.452 Y102.873 E106.77952
G1 X106.022 Y102.8 E106.81692
G1 X106.339 Y102.8 E106.83868
G1 X106.753 Y102.8 E106.87062
G1 X173.229 Y102.8 E112.61922
G1 X173.498 Y102.8 E112.6405
G1 X173.951 Y102.8 E112.67229
G1 X174.365 Y102.828 E112.70013
G1 X174.452 Y102.835 E112.70657
G1 X174.922 Y102.939 E112.73866
G1 X175.28 Y103.076 E112.76432
G1 X175.358 Y103.106 E112.7706
G1 X175.765 Y103.334 E112.80171
G1 X176.083 Y103.582 E112.82868
G1 X176.142 Y103.628 E112.83429
G1 X176.46 Y103.958 E112.86481
G1 X176.703 Y104.303 E112.89301
G1 X176.732 Y104.344 E112.89677
G1 X176.948 Y104.769 E112.92857
G1 X177.083 Y105.173 E112.95687
G1 X177.098 Y105.217 E112.96089
G1 X177.101 Y105.244 E112.96324
G1 X177.2 Y106.013 E113.01354
G1 X177.2 Y106.129 E113.02157
G1 X177.2 Y106.679 E113.0653
G1 X177.2 Y133.186 E115.35753
G1 X177.2 Y133.293 E115.3664
G1 X177.2 Y133.949 E115.41421
G1 X177.186 Y134.155 E115.42836
G1 X177.165 Y134.452 E115.44955
G1 X177.061 Y134.921 E115.48203
G1 X176.996 Y135.093 E115.4946
G1 X176.894 Y135.358 E115.5136
G1 X176.666 Y135.765 E115.54506
G1 X176.547 Y135.918 E115.55826
G1 X176.365 Y136.152 E115.57816
G1 X176.033 Y136.466 E115.60899
G1 X175.871 Y136.58 E115.62241
G1 X175.655 Y136.733 E115.64007
G1 X175.229 Y136.949 E115.67202
G1 X175.028 Y137.016 E115.68628
G1 X174.785 Y137.097 E115.70339
G1 X174.128 Y137.179 E115.746
G1 X173.968 Y137.2 E115.75735
G1 X173.25 Y137.2 E115.80984
G1 X173.175 Y137.2 E115.81613
G1 X106.827 Y137.2 E121.55367
G1 X106.082 Y137.2 E121.60981
G1 X106.049 Y137.2 E121.6123
G1 X105.548 Y137.165 E121.64588
G0 F2880 X107.964 Y136.69
;TYPE:SKIN
G1 F1200 X108.663 Y135.999 E121.73088
G1 X109.132 Y135.135 E121.81589
G1 X109.327 Y134.153 E121.90247
G1 X109.225 Y133.163 E121.98853
G1 X108.833 Y132.251 E122.07438
G1 X108.191 Y131.492 E122.16034
G1 X107.355 Y130.959 E122.24608
G1 X106.402 Y130.694 E122.33162
G1 X105.406 Y130.721 E122.41778
G1 X104.468 Y131.044 E122.50357
G1 X103.663 Y131.627 E122.58952
G1 X103.31 Y132.097 E122.64035
G1 X103.31 Y107.912 E124.73179
G1 X103.459 Y108.153 E124.75629
G1 X104.206 Y108.805 E124.84203
G1 X105.112 Y109.21 E124.92785
G1 X106.097 Y109.331 E125.01367
G1 X107.077 Y109.153 E125.0998
G1 X107.96 Y108.694 E125.18586
G1 X108.663 Y107.999 E125.27135
G1 X109.132 Y107.135 E125.35636
G1 X109.327 Y106.153 E125.44294
G1 X109.225 Y105.163 E125.529
G1 X108.833 Y104.251 E125.61485
G1 X108.191 Y103.492 E125.70081
G1 X107.906 Y103.31 E125.73006
G1 X172.1 Y103.31 E131.28132
G1 X171.663 Y103.627 E131.328
G1 X171.067 Y104.421 E131.41386
G1 X170.733 Y105.355 E131.49964
G1 X170.686 Y106.345 E131.58534
G1 X170.939 Y107.312 E131.67178
G1 X171.459 Y108.153 E131.75729
G1 X172.206 Y108.805 E131.84303
G1 X173.112 Y109.21 E131.92885
G1 X174.097 Y109.331 E132.01467
G1 X175.077 Y109.153 E132.1008
G1 X175.96 Y108.694 E132.18686
G1 X176.663 Y107.999 E132.27235
G1 X176.69 Y107.949 E132.27726
G1 X176.69 Y132.082 E134.3642
G1 X176.191 Y131.492 E134.43102
G1 X175.355 Y130.959 E134.51676
G1 X174.402 Y130.694 E134.60229
G1 X173.406 Y130.721 E134.68846
G1 X172.468 Y131.044 E134.77425
G1 X171.663 Y131.627 E134.8602
G1 X171.067 Y132.421 E134.94605
G1 X170.733 Y133.355 E135.03183
G1 X170.686 Y134.345 E135.11754
G1 X170.939 Y135.312 E135.20398
G1 X171.459 Y136.153 E135.28948
G1 X172.074 Y136.69 E135.36008
G1 X107.964 Y136.69 E140.90408
G0 F2880 X132.238 Y121.228
G1 F1200 X132.699 Y121.98 E140.98036
G1 X133.231 Y122.681 E141.05646
G1 X133.828 Y123.326 E141.13246
G1 X134.491 Y123.91 E141.20887
G1 X135.206 Y124.423 E141.28497
G1 X135.968 Y124.864 E141.3611
G1 X136.772 Y125.226 E141.43735
G1 X137.606 Y125.507 E141.51346
G1 X138.467 Y125.702 E141.5898
G1 X139.339 Y125.813 E141.66581
G1 X140.22 Y125.833 E141.74202
G1 X141.097 Y125.768 E141.81807
G1 X141.938 Y125.622 E141.89188
G1 X142.814 Y125.378 E141.97052
G1 X143.634 Y125.055 E142.04673
G1 X144.418 Y124.654 E142.12288
G1 X145.159 Y124.173 E142.19928
G1 X145.845 Y123.625 E142.27521
G1 X146.477 Y123.012 E142.35134
G1 X147.046 Y122.335 E142.42782
G1 X147.54 Y121.607 E142.5039
G1 X147.961 Y120.835 E142.57994
G1 X148.304 Y120.023 E142.65617
G1 X148.555 Y119.206 E142.73008
G1 X148.738 Y118.319 E142.8084
G1 X148.826 Y117.44 E142.88479
G1 X148.826 Y116.56 E142.96089
G1 X148.739 Y115.683 E143.0371
G1 X148.565 Y114.82 E143.11323
G1 X148.304 Y113.977 E143.18955
G1 X147.961 Y113.165 E143.26577
G1 X147.54 Y112.393 E143.34181
G1 X147.046 Y111.665 E143.4179
G1 X146.48 Y110.99 E143.49407
G1 X145.868 Y110.393 E143.56801
G1 X145.183 Y109.842 E143.64403
G1 X144.42 Y109.347 E143.72268
G1 X143.658 Y108.958 E143.79666
G1 X142.817 Y108.624 E143.87491
G1 X141.991 Y108.392 E143.94911
G1 X141.104 Y108.232 E144.02705
G1 X140.223 Y108.167 E144.10344
G1 X139.367 Y108.185 E144.17748
G1 X138.467 Y108.297 E144.25591
G1 X137.606 Y108.493 E144.33227
G1 X136.772 Y108.774 E144.40838
G1 X135.968 Y109.136 E144.48463
G1 X135.206 Y109.577 E144.56076
G1 X134.491 Y110.09 E144.63686
G1 X133.828 Y110.674 E144.71327
G1 X133.231 Y111.319 E144.78927
G1 X132.699 Y112.02 E144.86537
G1 X132.238 Y112.772 E144.94165
G1 X131.856 Y113.568 E145.018
G1 X131.555 Y114.394 E145.09402
G1 X131.339 Y115.25 E145.17037
G1 X131.207 Y116.12 E145.24646
G1 X131.163 Y117 E145.32266
G1 X131.207 Y117.88 E145.39885
G1 X131.339 Y118.75 E145.47495
G1 X131.555 Y119.606 E145.55129
G1 X131.856 Y120.432 E145.62731
G1 X132.238 Y121.228 E145.70367
G0 F2880 X108.868 Y136.078
G1 F1200 X109.26 Y136.469 E145.75154
G0 F2880 X109.995 Y136.469
G1 F1200 X109.127 Y135.601 E145.8577
G0 F2880 X109.361 Y135.1
G1 F1200 X110.73 Y136.469 E146.02512
G0 F2880 X111.466 Y136.469
G1 F1200 X109.484 Y134.488 E146.26745
G0 F2880 X109.509 Y133.777
G1 F1200 X112.201 Y136.469 E146.59667
G0 F2880 X112.936 Y136.469
G1 F1200 X109.339 Y132.872 E147.03657
G0 F2880 X107.137 Y130.669
G1 F1200 X103.529 Y127.062 E147.47775
G0 F2880 X103.529 Y127.797
G1 F1200 X106.21 Y130.478 E147.80563
G0 F2880 X105.494 Y130.497
G1 F1200 X103.529 Y128.532 E148.04594
G0 F2880 X103.529 Y129.268
G1 F1200 X104.916 Y130.655 E148.21556
G0 F2880 X104.37 Y130.844
G1 F1200 X103.529 Y130.003 E148.31842
G0 F2880 X103.529 Y130.739
G1 F1200 X103.941 Y131.151 E148.3688
G0 F2880 X103.529 Y126.326
G1 F1200 X113.672 Y136.469 E149.60925
G0 F2880 X114.407 Y136.469
G1 F1200 X103.529 Y125.591 E150.93959
G0 F2880 X103.529 Y124.855
G1 F1200 X115.143 Y136.469 E152.35993
G0 F2880 X115.878 Y136.469
G1 F1200 X103.529 Y124.12 E153.87017
G0 F2880 X103.529 Y123.385
G1 F1200 X116.613 Y136.469 E155.47029
G0 F2880 X117.349 Y136.469
G1 F1200 X103.529 Y122.649 E157.16042
G0 F2880 X103.529 Y121.914
G1 F1200 X118.084 Y136.469 E158.94044
G0 F2880 X118.82 Y136.469
G1 F1200 X103.529 Y121.179 E160.8104
G0 F2880 X103.529 Y120.443
G1 F1200 X119.555 Y136.469 E162.77032
G0 F2880 X120.29 Y136.469
G1 F1200 X103.529 Y119.708 E164.82012
G0 F2880 X103.529 Y118.972
G1 F1200 X121.026 Y136.469 E166.95994
G0 F2880 X121.761 Y136.469
G1 F1200 X103.529 Y118.237 E169.18964
G0 F2880 X103.529 Y117.502
G1 F1200 X122.497 Y136.469 E171.50929
G0 F2880 X123.232 Y136.469
G1 F1200 X103.529 Y116.766 E173.91889
G0 F2880 X103.529 Y116.031
G1 F1200 X123.967 Y136.469 E176.41837
G0 F2880 X124.703 Y136.469
G1 F1200 X103.529 Y115.295 E179.00787
G0 F2880 X103.529 Y114.56
G1 F1200 X125.438 Y136.469 E181.68725
G0 F2880 X126.174 Y136.469
G1 F1200 X103.529 Y113.825 E184.45659
G0 F2880 X103.529 Y113.089
G1 F1200 X126.909 Y136.469 E187.31587
G0 F2880 X127.644 Y136.469
G1 F1200 X103.529 Y112.354 E190.26504
G0 F2880 X103.529 Y111.618
G1 F1200 X128.38 Y136.469 E193.30421
G0 F2880 X129.115 Y136.469
G1 F1200 X103.529 Y110.883 E196.43328
G0 F2880 X103.529 Y110.148
G1 F1200 X129.85 Y136.469 E199.65223
G0 F2880 X130.586 Y136.469
G1 F1200 X103.529 Y109.412 E202.9612
G0 F2880 X103.529 Y108.677
G1 F1200 X131.321 Y136.469 E206.36005
G0 F2880 X132.057 Y136.469
G1 F1200 X104.977 Y109.389 E209.67183
G0 F2880 X105.844 Y109.521
G1 F1200 X132.792 Y136.469 E212.96746
G0 F2880 X133.527 Y136.469
G1 F1200 X106.534 Y109.475 E216.26866
G0 F2880 X107.154 Y109.361
G1 F1200 X134.263 Y136.469 E219.58392
G0 F2880 X134.998 Y136.469
G1 F1200 X107.639 Y109.11 E222.92982
G0 F2880 X108.115 Y108.851
G1 F1200 X135.734 Y136.469 E226.30745
G0 F2880 X136.469 Y136.469
G1 F1200 X108.485 Y108.485 E229.72978
G0 F2880 X108.849 Y108.113
G1 F1200 X137.204 Y136.469 E233.19755
G0 F2880 X137.94 Y136.469
G1 F1200 X109.107 Y107.637 E236.72365
G0 F2880 X109.352 Y107.146
G1 F1200 X138.675 Y136.469 E240.30973
G0 F2880 X139.411 Y136.469
G1 F1200 X109.474 Y106.533 E243.97085
G0 F2880 X109.515 Y105.838
G1 F1200 X140.146 Y136.469 E247.7169
G0 F2880 X140.881 Y136.469
G1 F1200 X109.379 Y104.967 E251.56947
G0 F2880 X109.413 Y103.53
G1 F1200 X142.352 Y136.469 E255.59778
G0 F2880 X141.617 Y136.469
G1 F1200 X108.678 Y103.53 E259.62608
G0 F2880 X110.148 Y103.53
G1 F1200 X143.088 Y136.469 E263.65445
G0 F2880 X143.823 Y136.469
G1 F1200 X110.884 Y103.53 E267.68276
G0 F2880 X111.619 Y103.53
G1 F1200 X144.558 Y136.469 E271.71107
G0 F2880 X145.294 Y136.469
G1 F1200 X112.355 Y103.53 E275.73938
G0 F2880 X113.09 Y103.53
G1 F1200 X146.029 Y136.469 E279.76769
G0 F2880 X146.764 Y136.469
G1 F1200 X134.44 Y124.145 E281.27487
G0 F2880 X136.276 Y125.245
G1 F1200 X147.5 Y136.469 E282.64752
G0 F2880 X148.235 Y136.469
G1 F1200 X137.455 Y125.688 E283.96593
G0 F2880 X138.418 Y125.916
G1 F1200 X148.971 Y136.469 E285.25652
G0 F2880 X149.706 Y136.469
G1 F1200 X139.262 Y126.025 E286.53378
G0 F2880 X140.02 Y126.048
G1 F1200 X150.441 Y136.469 E287.80823
G0 F2880 X151.177 Y136.469
G1 F1200 X140.723 Y126.015 E289.08671
G0 F2880 X141.384 Y125.941
G1 F1200 X151.912 Y136.469 E290.37424
G0 F2880 X152.648 Y136.469
G1 F1200 X142.008 Y125.83 E291.67541
G0 F2880 X142.584 Y125.67
G1 F1200 X153.383 Y136.469 E292.99608
G0 F2880 X154.118 Y136.469
G1 F1200 X143.136 Y125.487 E294.33914
G0 F2880 X143.663 Y125.278
G1 F1200 X154.854 Y136.469 E295.70775
G0 F2880 X155.589 Y136.469
G1 F1200 X144.155 Y125.034 E297.10615
G0 F2880 X144.632 Y124.776
G1 F1200 X156.325 Y136.469 E298.53616
G0 F2880 X157.06 Y136.469
G1 F1200 X145.077 Y124.486 E300.00163
G0 F2880 X145.504 Y124.177
G1 F1200 X157.795 Y136.469 E301.50483
G0 F2880 X158.531 Y136.469
G1 F1200 X145.913 Y123.851 E303.04796
G0 F2880 X146.293 Y123.496
G1 F1200 X159.266 Y136.469 E304.63451
G0 F2880 X160.002 Y136.469
G1 F1200 X146.663 Y123.13 E306.26582
G0 F2880 X146.999 Y122.731
G1 F1200 X160.737 Y136.469 E307.94592
G0 F2880 X161.472 Y136.469
G1 F1200 X147.321 Y122.318 E309.67653
G0 F2880 X147.619 Y121.88
G1 F1200 X162.208 Y136.469 E311.46071
G0 F2880 X162.943 Y136.469
G1 F1200 X147.892 Y121.418 E313.30138
G0 F2880 X148.151 Y120.942
G1 F1200 X163.678 Y136.469 E315.20027
G0 F2880 X164.414 Y136.469
G1 F1200 X148.37 Y120.425 E317.16239
G0 F2880 X148.573 Y119.892
G1 F1200 X165.149 Y136.469 E319.18963
G0 F2880 X165.885 Y136.469
G1 F1200 X148.746 Y119.33 E321.28566
G0 F2880 X148.877 Y118.726
G1 F1200 X166.62 Y136.469 E323.45556
G0 F2880 X167.355 Y136.469
G1 F1200 X148.98 Y118.093 E325.70281
G0 F2880 X149.045 Y117.423
G1 F1200 X168.091 Y136.469 E328.03206
G0 F2880 X168.826 Y136.469
G1 F1200 X149.045 Y116.688 E330.4512
G0 F2880 X148.978 Y115.886
G1 F1200 X169.562 Y136.469 E332.96848
G0 F2880 X170.297 Y136.469
G1 F1200 X148.824 Y114.996 E335.59454
G0 F2880 X148.53 Y113.967
G1 F1200 X171.032 Y136.469 E338.34645
G0 F2880 X170.788 Y135.49
G1 F1200 X147.906 Y112.607 E341.14489
G0 F2880 X144.379 Y109.08
G1 F1200 X138.829 Y103.53 E341.82363
G0 F2880 X139.564 Y103.53
G1 F1200 X170.486 Y134.452 E345.60527
G0 F2880 X170.494 Y133.725
G1 F1200 X140.299 Y103.53 E349.298
G0 F2880 X141.035 Y103.53
G1 F1200 X170.594 Y133.089 E352.91294
G0 F2880 X170.787 Y132.547
G1 F1200 X141.77 Y103.53 E356.46161
G0 F2880 X142.506 Y103.53
G1 F1200 X171.05 Y132.074 E359.95243
G0 F2880 X171.366 Y131.655
G1 F1200 X143.241 Y103.53 E363.392
G0 F2880 X143.976 Y103.53
G1 F1200 X171.742 Y131.295 E366.78761
G0 F2880 X172.169 Y130.987
G1 F1200 X144.712 Y103.53 E370.14549
G0 F2880 X145.447 Y103.53
G1 F1200 X172.661 Y130.744 E373.47366
G0 F2880 X173.207 Y130.555
G1 F1200 X146.183 Y103.53 E376.77865
G0 F2880 X146.918 Y103.53
G1 F1200 X173.875 Y130.487 E380.07538
G0 F2880 X174.661 Y130.537
G1 F1200 X147.653 Y103.53 E383.37829
G0 F2880 X148.389 Y103.53
G1 F1200 X175.914 Y131.055 E386.74449
G0 F2880 X176.469 Y130.874
G1 F1200 X149.124 Y103.53 E390.08861
G0 F2880 X149.859 Y103.53
G1 F1200 X176.469 Y130.139 E393.34285
G0 F2880 X176.469 Y129.404
G1 F1200 X150.595 Y103.53 E396.50714
G0 F2880 X151.33 Y103.53
G1 F1200 X176.469 Y128.668 E399.58148
G0 F2880 X176.469 Y127.933
G1 F1200 X152.066 Y103.53 E402.56587
G0 F2880 X152.801 Y103.53
G1 F1200 X176.469 Y127.197 E405.46031
G0 F2880 X176.469 Y126.462
G1 F1200 X153.536 Y103.53 E408.26486
G0 F2880 X154.272 Y103.53
G1 F1200 X176.469 Y125.727 E410.97947
G0 F2880 X176.469 Y124.991
G1 F1200 X155.007 Y103.53 E413.60412
G0 F2880 X155.743 Y103.53
G1 F1200 X176.469 Y124.256 E416.13883
G0 F2880 X176.469 Y123.52
G1 F1200 X156.478 Y103.53 E418.58359
G0 F2880 X157.213 Y103.53
G1 F1200 X176.469 Y122.785 E420.93846
G0 F2880 X176.469 Y122.05
G1 F1200 X157.949 Y103.53 E423.20338
G0 F2880 X158.684 Y103.53
G1 F1200 X176.469 Y121.314 E425.37836
G0 F2880 X176.469 Y120.579
G1 F1200 X159.42 Y103.53 E427.46338
G0 F2880 X160.155 Y103.53
G1 F1200 X176.469 Y119.843 E429.45846
G0 F2880 X176.469 Y119.108
G1 F1200 X160.89 Y103.53 E431.36365
G0 F2880 X161.626 Y103.53
G1 F1200 X176.469 Y118.373 E433.17889
G0 F2880 X176.469 Y117.637
G1 F1200 X162.361 Y103.53 E434.90418
G0 F2880 X163.097 Y103.53
G1 F1200 X176.469 Y116.902 E436.53952
G0 F2880 X176.469 Y116.167
G1 F1200 X163.832 Y103.53 E438.08497
G0 F2880 X164.567 Y103.53
G1 F1200 X176.469 Y115.431 E439.54048
G0 F2880 X176.469 Y114.696
G1 F1200 X165.303 Y103.53 E440.90604
G0 F2880 X166.038 Y103.53
G1 F1200 X176.469 Y113.96 E442.18165
G0 F2880 X176.469 Y113.225
G1 F1200 X172.357 Y109.113 E442.68453
G0 F2880 X173.452 Y109.473
G1 F1200 X176.469 Y112.49 E443.0535
G0 F2880 X176.469 Y111.754
G1 F1200 X174.243 Y109.528 E443.32573
G0 F2880 X174.865 Y109.415
G1 F1200 X176.469 Y111.019 E443.52189
G0 F2880 X176.469 Y110.283
G1 F1200 X175.412 Y109.227 E443.65109
G0 F2880 X175.897 Y108.976
G1 F1200 X176.469 Y109.548 E443.72105
G0 F2880 X176.469 Y108.813
G1 F1200 X176.312 Y108.656 E443.74025
G0 F2880 X173.675 Y108.286
G0 X170.878 Y107.635
G1 F1200 X166.773 Y103.53 E444.24227
G0 F2880 X167.509 Y103.53
G1 F1200 X170.505 Y106.526 E444.60867
G0 F2880 X170.492 Y105.778
G1 F1200 X168.244 Y103.53 E444.88359
G0 F2880 X168.98 Y103.53
G1 F1200 X170.579 Y105.129 E445.07915
G0 F2880 X170.773 Y104.588
G1 F1200 X169.715 Y103.53 E445.20853
G0 F2880 X170.45 Y103.53
G1 F1200 X171.027 Y104.106 E445.27904
G0 F2880 X171.342 Y103.686
G1 F1200 X171.186 Y103.53 E445.29812
G0 F2880 X143.038 Y108.475
G1 F1200 X138.093 Y103.53 E445.90287
G0 F2880 X137.358 Y103.53
G1 F1200 X141.996 Y108.168 E446.47008
G0 F2880 X141.103 Y108.011
G1 F1200 X136.622 Y103.53 E447.01809
G0 F2880 X135.887 Y103.53
G1 F1200 X140.309 Y107.952 E447.55888
G0 F2880 X139.582 Y107.96
G1 F1200 X135.152 Y103.53 E448.10065
G0 F2880 X134.416 Y103.53
G1 F1200 X138.906 Y108.02 E448.64976
G0 F2880 X138.267 Y108.116
G1 F1200 X133.681 Y103.53 E449.21061
G0 F2880 X132.945 Y103.53
G1 F1200 X137.668 Y108.252 E449.78815
G0 F2880 X137.108 Y108.428
G1 F1200 X132.21 Y103.53 E450.38716
G0 F2880 X131.475 Y103.53
G1 F1200 X136.567 Y108.622 E451.00989
G0 F2880 X136.06 Y108.85
G1 F1200 X130.739 Y103.53 E451.66057
G0 F2880 X130.004 Y103.53
G1 F1200 X135.579 Y109.105 E452.34237
G0 F2880 X135.114 Y109.375
G1 F1200 X129.269 Y103.53 E453.05719
G0 F2880 X128.533 Y103.53
G1 F1200 X134.683 Y109.68 E453.80931
G0 F2880 X134.263 Y109.995
G1 F1200 X127.798 Y103.53 E454.59995
G0 F2880 X127.062 Y103.53
G1 F1200 X133.872 Y110.339 E455.43273
G0 F2880 X133.5 Y110.703
G1 F1200 X126.327 Y103.53 E456.30996
G0 F2880 X125.592 Y103.53
G1 F1200 X133.147 Y111.085 E457.2339
G0 F2880 X132.821 Y111.495
G1 F1200 X124.856 Y103.53 E458.20799
G0 F2880 X124.121 Y103.53
G1 F1200 X132.505 Y111.914 E459.23332
G0 F2880 X132.225 Y112.369
G1 F1200 X123.385 Y103.53 E460.31436
G0 F2880 X122.65 Y103.53
G1 F1200 X131.96 Y112.84 E461.45293
G0 F2880 X131.722 Y113.337
G1 F1200 X121.915 Y103.53 E462.65229
G0 F2880 X121.179 Y103.53
G1 F1200 X131.514 Y113.864 E463.91616
G0 F2880 X131.323 Y114.409
G1 F1200 X120.444 Y103.53 E465.24662
G0 F2880 X119.708 Y103.53
G1 F1200 X131.176 Y114.997 E466.64905
G0 F2880 X131.06 Y115.617
G1 F1200 X118.973 Y103.53 E468.12724
G0 F2880 X118.238 Y103.53
G1 F1200 X130.978 Y116.27 E469.68529
G0 F2880 X130.944 Y116.971
G1 F1200 X117.502 Y103.53 E471.32913
G0 F2880 X116.767 Y103.53
G1 F1200 X130.979 Y117.742 E473.0672
G0 F2880 X131.092 Y118.59
G1 F1200 X116.031 Y103.53 E474.90904
G0 F2880 X115.296 Y103.53
G1 F1200 X131.312 Y119.546 E476.86774
G0 F2880 X131.748 Y120.717
G1 F1200 X114.561 Y103.53 E478.96964
G0 F2880 X113.825 Y103.53
G1 F1200 X132.885 Y122.589 E481.30054
G1 F2400 E478.30054
;MESH:NONMESH
G0 F600 X132.885 Y122.589 Z0.65
G0 F2880 X137.134 Y124.303
G0 X139.414 Y124.823
G0 X140.974 Y124.784
G0 X142.498 Y124.437
G0 X143.305 Y124.074
G0 X173.351 Y108.425
;TIME_ELAPSED:299.898287
;LAYER:1
M106 S255
;TYPE:WALL-INNER
;MESH:Case3D_Sensor-Tampa.stl
G1 F2400 E481.30054
G1 F2100 X174.093 Y108.509 E481.33158
G1 X174.831 Y108.37 E481.36281
G1 X175.491 Y108.019 E481.39389
G1 X176.017 Y107.494 E481.42478
G1 X176.363 Y106.853 E481.45507
G1 X176.508 Y106.096 E481.48711
G1 X176.426 Y105.349 E481.51835
G1 X176.124 Y104.664 E481.54948
G1 X175.638 Y104.096 E481.58056
G1 X175.004 Y103.699 E481.61166
G1 X174.282 Y103.505 E481.64274
G1 X173.533 Y103.534 E481.6739
G1 X172.827 Y103.779 E481.70497
G1 X172.224 Y104.225 E481.73615
G1 X171.779 Y104.828 E481.76731
G1 X171.534 Y105.534 E481.79838
G1 X171.504 Y106.281 E481.82946
G1 X171.701 Y107.008 E481.86078
G1 X172.099 Y107.638 E481.89176
G1 X172.665 Y108.127 E481.92286
G1 X173.351 Y108.425 E481.95395
G0 F5040 X173.456 Y108.034
G1 F2100 X174.078 Y108.105 E481.97998
G1 X174.697 Y107.988 E482.00617
G1 X175.251 Y107.694 E482.03225
G1 X175.693 Y107.252 E482.05823
G1 X175.982 Y106.717 E482.08351
G1 X176.104 Y106.08 E482.11048
G1 X176.035 Y105.454 E482.13666
G1 X175.782 Y104.879 E482.16278
G1 X175.374 Y104.403 E482.18884
G1 X174.842 Y104.07 E482.21494
G1 X174.237 Y103.907 E482.24099
G1 X173.608 Y103.931 E482.26716
G1 X173.016 Y104.137 E482.29322
G1 X172.51 Y104.511 E482.31938
G1 X172.137 Y105.017 E482.34551
G1 X171.931 Y105.609 E482.37157
G1 X171.906 Y106.236 E482.39766
G1 X172.071 Y106.845 E482.42389
G1 X172.405 Y107.374 E482.4499
G1 X172.88 Y107.784 E482.47599
G1 X173.456 Y108.034 E482.5021
G0 F5040 X173.561 Y107.643
;TYPE:WALL-OUTER
G1 F1350 X174.063 Y107.701 E482.52311
G1 X174.563 Y107.606 E482.54426
G1 X175.011 Y107.369 E482.56534
G1 X175.369 Y107.011 E482.58639
G1 X175.601 Y106.581 E482.6067
G1 X175.7 Y106.064 E482.62858
G1 X175.644 Y105.559 E482.64971
G1 X175.44 Y105.094 E482.67082
G1 X175.11 Y104.71 E482.69187
G1 X174.68 Y104.441 E482.71296
G1 X174.191 Y104.309 E482.73401
G1 X173.683 Y104.328 E482.75515
G1 X173.205 Y104.495 E482.7762
G1 X172.796 Y104.797 E482.79734
G1 X172.495 Y105.206 E482.81845
G1 X172.328 Y105.684 E482.8395
G1 X172.308 Y106.191 E482.8606
G1 X172.441 Y106.682 E482.88175
G1 X172.711 Y107.11 E482.90278
G1 X173.095 Y107.441 E482.92386
G1 X173.561 Y107.643 E482.94498
G0 F5040 X173.447 Y108.067
G0 X173.431 Y108.13
G0 X171.867 Y134.24
G0 X172.31 Y135.297
G0 X173.351 Y136.425
;TYPE:WALL-INNER
G1 F2100 X174.093 Y136.509 E482.97602
G1 X174.831 Y136.37 E483.00725
G1 X175.491 Y136.019 E483.03832
G1 X176.017 Y135.494 E483.06922
G1 X176.363 Y134.853 E483.09951
G1 X176.508 Y134.096 E483.13155
G1 X176.426 Y133.349 E483.16279
G1 X176.124 Y132.664 E483.19392
G1 X175.638 Y132.096 E483.225
G1 X175.004 Y131.699 E483.2561
G1 X174.282 Y131.505 E483.28718
G1 X173.533 Y131.534 E483.31834
G1 X172.827 Y131.779 E483.34941
G1 X172.224 Y132.225 E483.38059
G1 X171.779 Y132.828 E483.41175
G1 X171.534 Y133.534 E483.44282
G1 X171.504 Y134.281 E483.4739
G1 X171.701 Y135.008 E483.50522
G1 X172.099 Y135.638 E483.5362
G1 X172.665 Y136.127 E483.56729
G1 X173.351 Y136.425 E483.59839
G0 F5040 X173.456 Y136.034
G1 F2100 X174.078 Y136.105 E483.62442
G1 X174.697 Y135.988 E483.65061
G1 X175.251 Y135.694 E483.67668
G1 X175.693 Y135.252 E483.70267
G1 X175.982 Y134.717 E483.72795
G1 X176.104 Y134.08 E483.75492
G1 X176.035 Y133.454 E483.7811
G1 X175.782 Y132.879 E483.80722
G1 X175.374 Y132.403 E483.83328
G1 X174.842 Y132.07 E483.85938
G1 X174.237 Y131.907 E483.88543
G1 X173.608 Y131.931 E483.9116
G1 X173.016 Y132.137 E483.93766
G1 X172.51 Y132.511 E483.96382
G1 X172.137 Y133.017 E483.98995
G1 X171.931 Y133.609 E484.01601
G1 X171.906 Y134.236 E484.0421
G1 X172.071 Y134.845 E484.06833
G1 X172.405 Y135.374 E484.09434
G1 X172.88 Y135.784 E484.12043
G1 X173.456 Y136.034 E484.14653
G0 F5040 X173.561 Y135.643
;TYPE:WALL-OUTER
G1 F1350 X174.063 Y135.701 E484.16754
G1 X174.563 Y135.606 E484.1887
G1 X175.011 Y135.369 E484.20977
G1 X175.369 Y135.011 E484.23082
G1 X175.601 Y134.581 E484.25114
G1 X175.7 Y134.064 E484.27302
G1 X175.644 Y133.559 E484.29415
G1 X175.44 Y133.094 E484.31526
G1 X175.11 Y132.71 E484.33631
G1 X174.68 Y132.441 E484.35739
G1 X174.191 Y132.309 E484.37845
G1 X173.683 Y132.328 E484.39959
G1 X173.205 Y132.495 E484.42064
G1 X172.796 Y132.797 E484.44178
G1 X172.495 Y133.206 E484.46289
G1 X172.328 Y133.684 E484.48394
G1 X172.308 Y134.191 E484.50503
G1 X172.441 Y134.682 E484.52618
G1 X172.711 Y135.11 E484.54722
G1 X173.095 Y135.441 E484.5683
G1 X173.561 Y135.643 E484.58942
G0 F5040 X173.447 Y136.067
G0 X173.431 Y136.13
G0 X140.2 Y125.023
;TYPE:WALL-INNER
G1 F2100 X140.997 Y124.963 E484.62265
G1 X141.721 Y124.839 E484.65318
G1 X142.554 Y124.609 E484.68911
G1 X143.301 Y124.316 E484.72247
G1 X144.013 Y123.951 E484.75574
G1 X144.686 Y123.517 E484.78903
G1 X145.311 Y123.017 E484.82231
G1 X145.883 Y122.46 E484.8555
G1 X146.398 Y121.847 E484.88879
G1 X146.849 Y121.185 E484.92209
G1 X147.231 Y120.483 E484.95532
G1 X147.541 Y119.748 E484.98848
G1 X147.761 Y119.045 E485.01911
G1 X147.937 Y118.199 E485.05503
G1 X148.016 Y117.4 E485.08841
G1 X148.016 Y116.6 E485.12167
G1 X147.937 Y115.803 E485.15497
G1 X147.778 Y115.019 E485.18823
G1 X147.541 Y114.254 E485.22152
G1 X147.231 Y113.517 E485.25477
G1 X146.849 Y112.815 E485.28799
G1 X146.398 Y112.153 E485.3213
G1 X145.885 Y111.542 E485.35446
G1 X145.361 Y111.028 E485.38498
G1 X144.741 Y110.526 E485.41815
G1 X144.018 Y110.051 E485.45411
G1 X143.36 Y109.714 E485.48485
G1 X143.343 Y109.708 E485.4856
G1 X142.56 Y109.393 E485.52069
G1 X141.85 Y109.192 E485.55137
G1 X141.002 Y109.037 E485.58721
G1 X140.202 Y108.977 E485.62056
G1 X139.467 Y108.993 E485.65112
G1 X138.609 Y109.095 E485.68705
G1 X137.826 Y109.273 E485.72043
G1 X137.067 Y109.529 E485.75373
G1 X136.338 Y109.859 E485.787
G1 X135.646 Y110.257 E485.82019
G1 X134.995 Y110.725 E485.85352
G1 X134.395 Y111.254 E485.88678
G1 X133.852 Y111.841 E485.92002
G1 X133.369 Y112.478 E485.95326
G1 X132.95 Y113.16 E485.98654
G1 X132.604 Y113.883 E486.01986
G1 X132.33 Y114.634 E486.0531
G1 X132.132 Y115.41 E486.08639
G1 X132.013 Y116.201 E486.11965
G1 X131.973 Y117 E486.15291
G1 X132.013 Y117.799 E486.18617
G1 X132.132 Y118.59 E486.21943
G1 X132.33 Y119.366 E486.25272
G1 X132.604 Y120.117 E486.28596
G1 X132.95 Y120.84 E486.31928
G1 X133.369 Y121.522 E486.35256
G1 X133.852 Y122.159 E486.3858
G1 X134.395 Y122.746 E486.41904
G1 X134.995 Y123.275 E486.4523
G1 X135.646 Y123.743 E486.48563
G1 X136.338 Y124.141 E486.51882
G1 X137.067 Y124.471 E486.55209
G1 X137.826 Y124.727 E486.58539
G1 X138.587 Y124.898 E486.61782
G1 X138.606 Y124.903 E486.61864
G1 X139.4 Y125.003 E486.65191
G1 X140.2 Y125.023 E486.68518
G0 F5040 X140.19 Y124.623
G1 F2100 X140.948 Y124.566 E486.71678
G1 X141.634 Y124.448 E486.74572
G1 X142.427 Y124.229 E486.77992
G1 X143.136 Y123.951 E486.81158
G1 X143.813 Y123.604 E486.84321
G1 X144.452 Y123.192 E486.87482
G1 X145.046 Y122.717 E486.90644
G1 X145.59 Y122.187 E486.93802
G1 X146.079 Y121.605 E486.96962
G1 X146.507 Y120.976 E487.00125
G1 X146.87 Y120.309 E487.03283
G1 X147.165 Y119.61 E487.06437
G1 X147.373 Y118.944 E487.09338
G1 X147.541 Y118.138 E487.12761
G1 X147.616 Y117.38 E487.15927
G1 X147.616 Y116.62 E487.19087
G1 X147.541 Y115.863 E487.2225
G1 X147.39 Y115.118 E487.2541
G1 X147.165 Y114.391 E487.28574
G1 X146.87 Y113.691 E487.31732
G1 X146.507 Y113.024 E487.34889
G1 X146.079 Y112.395 E487.38052
G1 X145.591 Y111.814 E487.41207
G1 X145.094 Y111.327 E487.441
G1 X144.505 Y110.849 E487.47254
G1 X143.816 Y110.397 E487.50679
G1 X143.194 Y110.078 E487.53586
G1 X142.431 Y109.772 E487.57003
G1 X141.759 Y109.582 E487.59907
G1 X140.951 Y109.434 E487.63322
G1 X140.191 Y109.377 E487.66491
G1 X139.495 Y109.392 E487.69385
G1 X138.677 Y109.49 E487.7281
G1 X137.935 Y109.659 E487.75974
G1 X137.214 Y109.902 E487.79137
G1 X136.521 Y110.215 E487.82299
G1 X135.863 Y110.594 E487.85456
G1 X135.245 Y111.038 E487.88619
G1 X134.675 Y111.541 E487.9178
G1 X134.159 Y112.098 E487.94937
G1 X133.7 Y112.704 E487.98097
G1 X133.302 Y113.352 E488.01259
G1 X132.973 Y114.038 E488.04422
G1 X132.713 Y114.752 E488.07581
G1 X132.525 Y115.489 E488.10743
G1 X132.412 Y116.241 E488.13905
G1 X132.374 Y117 E488.17064
G1 X132.412 Y117.759 E488.20224
G1 X132.525 Y118.511 E488.23385
G1 X132.713 Y119.248 E488.26548
G1 X132.973 Y119.962 E488.29707
G1 X133.302 Y120.648 E488.3287
G1 X133.7 Y121.296 E488.36031
G1 X134.159 Y121.902 E488.39192
G1 X134.675 Y122.459 E488.42349
G1 X135.245 Y122.962 E488.45509
G1 X135.863 Y123.406 E488.48673
G1 X136.521 Y123.785 E488.5183
G1 X137.214 Y124.098 E488.54991
G1 X137.934 Y124.341 E488.58151
G1 X138.675 Y124.509 E488.6131
G1 X139.43 Y124.604 E488.64473
G1 X140.19 Y124.623 E488.67634
G0 F5040 X140.18 Y124.223
;TYPE:WALL-OUTER
G1 F1350 X140.899 Y124.169 E488.70632
G1 X141.546 Y124.057 E488.73362
G1 X142.3 Y123.849 E488.76613
G1 X142.971 Y123.586 E488.7961
G1 X143.613 Y123.257 E488.82609
G1 X144.218 Y122.867 E488.85602
G1 X144.781 Y122.417 E488.88598
G1 X145.297 Y121.914 E488.91594
G1 X145.76 Y121.363 E488.94586
G1 X146.165 Y120.767 E488.97582
G1 X146.509 Y120.135 E489.00574
G1 X146.789 Y119.472 E489.03566
G1 X146.985 Y118.843 E489.06305
G1 X147.145 Y118.077 E489.09558
G1 X147.216 Y117.36 E489.12554
G1 X147.216 Y116.64 E489.15547
G1 X147.145 Y115.923 E489.18543
G1 X147.002 Y115.217 E489.21537
G1 X146.789 Y114.528 E489.24536
G1 X146.509 Y113.865 E489.27528
G1 X146.165 Y113.233 E489.3052
G1 X145.76 Y112.637 E489.33515
G1 X145.297 Y112.086 E489.36508
G1 X144.827 Y111.626 E489.39242
G1 X144.269 Y111.172 E489.42232
G1 X143.614 Y110.743 E489.45488
G1 X143.028 Y110.442 E489.48227
G1 X142.302 Y110.151 E489.51478
G1 X141.668 Y109.972 E489.54217
G1 X140.9 Y109.831 E489.57464
G1 X140.18 Y109.777 E489.60466
G1 X139.523 Y109.791 E489.63198
G1 X138.746 Y109.885 E489.66452
G1 X138.043 Y110.045 E489.69449
G1 X137.36 Y110.275 E489.72445
G1 X136.704 Y110.571 E489.75437
G1 X136.08 Y110.931 E489.78432
G1 X135.495 Y111.351 E489.81427
G1 X134.955 Y111.828 E489.84422
G1 X134.466 Y112.355 E489.87411
G1 X134.031 Y112.93 E489.90409
G1 X133.654 Y113.544 E489.93404
G1 X133.342 Y114.193 E489.96398
G1 X133.096 Y114.87 E489.99393
G1 X132.918 Y115.568 E490.02387
G1 X132.811 Y116.281 E490.05385
G1 X132.775 Y117 E490.08378
G1 X132.811 Y117.719 E490.11371
G1 X132.918 Y118.432 E490.14368
G1 X133.096 Y119.13 E490.17363
G1 X133.342 Y119.807 E490.20358
G1 X133.654 Y120.456 E490.23352
G1 X134.031 Y121.07 E490.26347
G1 X134.466 Y121.645 E490.29345
G1 X134.955 Y122.172 E490.32334
G1 X135.495 Y122.649 E490.35329
G1 X136.08 Y123.069 E490.38323
G1 X136.704 Y123.429 E490.41318
G1 X137.36 Y123.725 E490.44311
G1 X138.043 Y123.955 E490.47307
G1 X138.745 Y124.115 E490.503
G1 X139.46 Y124.205 E490.53296
G1 X140.18 Y124.223 E490.56291
G0 F5040 X140.19 Y124.662
G0 X140.192 Y124.722
G0 X138.669 Y124.548
G0 X136.774 Y123.927
G0 X106.831 Y108.37
;TYPE:WALL-INNER
G1 F2100 X107.491 Y108.019 E490.59399
G1 X108.017 Y107.494 E490.62488
G1 X108.363 Y106.853 E490.65517
G1 X108.508 Y106.096 E490.68721
G1 X108.426 Y105.349 E490.71846
G1 X108.124 Y104.664 E490.74958
G1 X107.638 Y104.096 E490.78066
G1 X107.004 Y103.699 E490.81176
G1 X106.282 Y103.505 E490.84284
G1 X105.533 Y103.534 E490.874
G1 X104.827 Y103.779 E490.90507
G1 X104.224 Y104.225 E490.93625
G1 X103.779 Y104.828 E490.96741
G1 X103.534 Y105.534 E490.99848
G1 X103.504 Y106.281 E491.02956
G1 X103.701 Y107.008 E491.06088
G1 X104.099 Y107.638 E491.09186
G1 X104.665 Y108.127 E491.12296
G1 X105.351 Y108.425 E491.15405
G1 X106.093 Y108.509 E491.1851
G1 X106.831 Y108.37 E491.21632
G0 F5040 X106.697 Y107.988
G1 F2100 X107.251 Y107.694 E491.2424
G1 X107.693 Y107.252 E491.26838
G1 X107.982 Y106.717 E491.29366
G1 X108.104 Y106.08 E491.32063
G1 X108.035 Y105.454 E491.34681
G1 X107.782 Y104.879 E491.37293
G1 X107.374 Y104.403 E491.39899
G1 X106.842 Y104.07 E491.42509
G1 X106.237 Y103.907 E491.45114
G1 X105.608 Y103.931 E491.47731
G1 X105.016 Y104.137 E491.50337
G1 X104.51 Y104.511 E491.52953
G1 X104.137 Y105.017 E491.55566
G1 X103.931 Y105.609 E491.58172
G1 X103.906 Y106.236 E491.60781
G1 X104.071 Y106.845 E491.63404
G1 X104.405 Y107.374 E491.66005
G1 X104.88 Y107.784 E491.68614
G1 X105.456 Y108.034 E491.71225
G1 X106.078 Y108.105 E491.73827
G1 X106.697 Y107.988 E491.76446
G0 F5040 X106.563 Y107.606
;TYPE:WALL-OUTER
G1 F1350 X107.011 Y107.369 E491.78554
G1 X107.369 Y107.011 E491.80658
G1 X107.601 Y106.581 E491.8269
G1 X107.7 Y106.064 E491.84878
G1 X107.644 Y105.559 E491.86991
G1 X107.44 Y105.094 E491.89102
G1 X107.11 Y104.71 E491.91207
G1 X106.68 Y104.441 E491.93316
G1 X106.191 Y104.309 E491.95421
G1 X105.683 Y104.328 E491.97535
G1 X105.205 Y104.495 E491.9964
G1 X104.796 Y104.797 E492.01754
G1 X104.495 Y105.206 E492.03865
G1 X104.328 Y105.684 E492.0597
G1 X104.308 Y106.191 E492.0808
G1 X104.441 Y106.682 E492.10194
G1 X104.711 Y107.11 E492.12298
G1 X105.095 Y107.441 E492.14406
G1 X105.561 Y107.643 E492.16518
G1 X106.063 Y107.701 E492.18619
G1 X106.563 Y107.606 E492.20735
G0 F5040 X106.708 Y108.021
G0 X106.73 Y108.082
G0 X108.143 Y134.081
G0 X107.782 Y135.171
G0 X106.831 Y136.37
;TYPE:WALL-INNER
G1 F2100 X107.491 Y136.019 E492.23842
G1 X108.017 Y135.494 E492.26932
G1 X108.363 Y134.853 E492.29961
G1 X108.508 Y134.096 E492.33165
G1 X108.426 Y133.349 E492.36289
G1 X108.124 Y132.664 E492.39402
G1 X107.638 Y132.096 E492.4251
G1 X107.004 Y131.699 E492.4562
G1 X106.282 Y131.505 E492.48728
G1 X105.533 Y131.534 E492.51844
G1 X104.827 Y131.779 E492.54951
G1 X104.224 Y132.225 E492.58069
G1 X103.779 Y132.828 E492.61185
G1 X103.534 Y133.534 E492.64292
G1 X103.504 Y134.281 E492.674
G1 X103.701 Y135.008 E492.70532
G1 X104.099 Y135.638 E492.7363
G1 X104.665 Y136.127 E492.7674
G1 X105.351 Y136.425 E492.79849
G1 X106.093 Y136.509 E492.82954
G1 X106.831 Y136.37 E492.86076
G0 F5040 X106.697 Y135.988
G1 F2100 X107.251 Y135.694 E492.88683
G1 X107.693 Y135.252 E492.91282
G1 X107.982 Y134.717 E492.9381
G1 X108.104 Y134.08 E492.96507
G1 X108.035 Y133.454 E492.99125
G1 X107.782 Y132.879 E493.01737
G1 X107.374 Y132.403 E493.04343
G1 X106.842 Y132.07 E493.06953
G1 X106.237 Y131.907 E493.09558
G1 X105.608 Y131.931 E493.12175
G1 X105.016 Y132.137 E493.14781
G1 X104.51 Y132.511 E493.17397
G1 X104.137 Y133.017 E493.2001
G1 X103.931 Y133.609 E493.22616
G1 X103.906 Y134.236 E493.25225
G1 X104.071 Y134.845 E493.27848
G1 X104.405 Y135.374 E493.30449
G1 X104.88 Y135.784 E493.33058
G1 X105.456 Y136.034 E493.35668
G1 X106.078 Y136.105 E493.38271
G1 X106.697 Y135.988 E493.4089
G0 F5040 X106.563 Y135.606
;TYPE:WALL-OUTER
G1 F1350 X107.011 Y135.369 E493.42997
G1 X107.369 Y135.011 E493.45102
G1 X107.601 Y134.581 E493.47134
G1 X107.7 Y134.064 E493.49322
G1 X107.644 Y133.559 E493.51435
G1 X107.44 Y133.094 E493.53546
G1 X107.11 Y132.71 E493.55651
G1 X106.68 Y132.441 E493.57759
G1 X106.191 Y132.309 E493.59865
G1 X105.683 Y132.328 E493.61979
G1 X105.205 Y132.495 E493.64084
G1 X104.796 Y132.797 E493.66198
G1 X104.495 Y133.206 E493.68309
G1 X104.328 Y133.684 E493.70414
G1 X104.308 Y134.191 E493.72523
G1 X104.441 Y134.682 E493.74638
G1 X104.711 Y135.11 E493.76742
G1 X105.095 Y135.441 E493.7885
G1 X105.561 Y135.643 E493.80962
G1 X106.063 Y135.701 E493.83062
G1 X106.563 Y135.606 E493.85178
G0 F5040 X106.708 Y136.021
G0 X106.73 Y136.082
G0 X174.364 Y137.478
;TYPE:WALL-INNER
G1 F2100 X173.98 Y137.5 E493.86778
G1 X106.029 Y137.5 E496.69285
G1 X105.525 Y137.464 E496.71386
G1 X105.006 Y137.353 E496.73592
G1 X104.541 Y137.177 E496.75659
G1 X104.079 Y136.922 E496.77853
G1 X103.675 Y136.611 E496.79973
G1 X103.316 Y136.242 E496.82113
G1 X103.013 Y135.818 E496.8428
G1 X102.827 Y135.472 E496.85913
G1 X102.665 Y135.049 E496.87796
G1 X102.547 Y134.546 E496.89944
G1 X102.5 Y133.976 E496.92322
G1 X102.5 Y106.029 E498.08512
G1 X102.536 Y105.525 E498.10613
G1 X102.647 Y105.006 E498.1282
G1 X102.823 Y104.541 E498.14887
G1 X103.078 Y104.079 E498.17081
G1 X103.389 Y103.675 E498.192
G1 X103.758 Y103.316 E498.21341
G1 X104.173 Y103.02 E498.2346
G1 X104.636 Y102.781 E498.25626
G1 X105.134 Y102.612 E498.27813
G1 X105.509 Y102.537 E498.29403
G1 X106.03 Y102.5 E498.31574
G1 X173.971 Y102.5 E501.1404
G1 X174.475 Y102.536 E501.16141
G1 X174.994 Y102.647 E501.18347
G1 X175.459 Y102.823 E501.20414
G1 X175.921 Y103.078 E501.22608
G1 X176.325 Y103.389 E501.24728
G1 X176.684 Y103.758 E501.26868
G1 X176.98 Y104.173 E501.28988
G1 X177.219 Y104.636 E501.31154
G1 X177.388 Y105.134 E501.3334
G1 X177.462 Y105.505 E501.34913
G1 X177.5 Y106.03 E501.37101
G1 X177.5 Y133.971 E502.53267
G1 X177.464 Y134.475 E502.55367
G1 X177.353 Y134.994 E502.57574
G1 X177.176 Y135.462 E502.59654
G1 X176.923 Y135.921 E502.61833
G1 X176.688 Y136.237 E502.6347
G1 X176.368 Y136.573 E502.65399
G1 X176.06 Y136.825 E502.67054
G1 X175.672 Y137.071 E502.68964
G1 X175.315 Y137.24 E502.70606
G1 X174.877 Y137.385 E502.72524
G1 X174.364 Y137.478 E502.74692
G0 F5040 X174.41 Y137.876
G1 F2100 X173.985 Y137.9 E502.76462
G1 X106.015 Y137.9 E505.59048
G1 X105.469 Y137.861 E505.61324
G1 X104.894 Y137.738 E505.63768
G1 X104.37 Y137.54 E505.66097
G1 X103.86 Y137.258 E505.6852
G1 X103.407 Y136.91 E505.70895
G1 X103.01 Y136.501 E505.73265
G1 X102.67 Y136.026 E505.75694
G1 X102.466 Y135.645 E505.7749
G1 X102.455 Y135.615 E505.77623
G1 X102.293 Y135.193 E505.79502
G1 X102.282 Y135.165 E505.79628
G1 X102.277 Y135.141 E505.79729
G1 X102.159 Y134.638 E505.81877
G1 X102.15 Y134.604 E505.82024
G1 X102.1 Y133.997 E505.84556
G1 X102.1 Y106.015 E507.00891
G1 X102.139 Y105.469 E507.03167
G1 X102.262 Y104.894 E507.05612
G1 X102.46 Y104.37 E507.07941
G1 X102.742 Y103.86 E507.10364
G1 X103.09 Y103.407 E507.12739
G1 X103.499 Y103.01 E507.15108
G1 X103.966 Y102.676 E507.17495
G1 X104.48 Y102.411 E507.199
G1 X105.025 Y102.226 E507.22292
G1 X105.431 Y102.146 E507.24013
G1 X105.459 Y102.14 E507.24132
G1 X106.015 Y102.1 E507.26449
G1 X173.985 Y102.1 E510.09036
G1 X174.531 Y102.139 E510.11312
G1 X175.106 Y102.262 E510.13756
G1 X175.63 Y102.46 E510.16085
G1 X176.14 Y102.742 E510.18508
G1 X176.593 Y103.09 E510.20883
G1 X176.99 Y103.499 E510.23253
G1 X177.324 Y103.966 E510.2564
G1 X177.589 Y104.48 E510.28044
G1 X177.774 Y105.025 E510.30437
G1 X177.853 Y105.427 E510.3214
G1 X177.859 Y105.454 E510.32255
G1 X177.9 Y106.015 E510.34594
G1 X177.9 Y133.985 E511.5088
G1 X177.861 Y134.531 E511.53155
G1 X177.738 Y135.106 E511.556
G1 X177.54 Y135.63 E511.57929
G1 X177.258 Y136.141 E511.60355
G1 X176.994 Y136.496 E511.62195
G1 X176.642 Y136.866 E511.64318
G1 X176.295 Y137.15 E511.66182
G1 X175.87 Y137.419 E511.68273
G1 X175.844 Y137.431 E511.68392
G1 X175.487 Y137.6 E511.70034
G1 X175.459 Y137.614 E511.70165
G1 X174.979 Y137.772 E511.72266
G1 X174.949 Y137.777 E511.72392
G1 X174.41 Y137.876 E511.7467
G0 F5040 X174.457 Y138.274
;TYPE:WALL-OUTER
G1 F1350 X173.989 Y138.3 E511.76619
G1 X106 Y138.3 E514.59285
G1 X105.414 Y138.258 E514.61727
G1 X104.783 Y138.123 E514.6441
G1 X104.199 Y137.903 E514.67004
G1 X103.645 Y137.596 E514.69638
G1 X103.14 Y137.209 E514.72283
G1 X102.701 Y136.756 E514.74905
G1 X102.329 Y136.237 E514.7756
G1 X102.102 Y135.812 E514.79563
G1 X101.899 Y135.284 E514.81915
G1 X101.753 Y134.663 E514.84567
G1 X101.702 Y134.029 E514.87212
G1 X101.7 Y133.99 E514.87374
G1 X101.7 Y106 E516.03743
G1 X101.742 Y105.414 E516.06186
G1 X101.877 Y104.783 E516.08868
G1 X102.097 Y104.199 E516.11463
G1 X102.404 Y103.645 E516.14096
G1 X102.791 Y103.14 E516.16741
G1 X103.244 Y102.701 E516.19364
G1 X103.759 Y102.332 E516.21998
G1 X104.322 Y102.042 E516.24631
G1 X104.919 Y101.84 E516.27251
G1 X105.408 Y101.743 E516.29324
G1 X106 Y101.7 E516.31792
G1 X174 Y101.7 E519.14503
G1 X174.586 Y101.742 E519.16945
G1 X175.217 Y101.877 E519.19628
G1 X175.801 Y102.097 E519.22223
G1 X176.355 Y102.404 E519.24856
G1 X176.86 Y102.791 E519.27501
G1 X177.299 Y103.244 E519.30124
G1 X177.668 Y103.759 E519.32758
G1 X177.958 Y104.322 E519.35391
G1 X178.16 Y104.919 E519.38011
G1 X178.257 Y105.408 E519.40084
G1 X178.3 Y106 E519.42551
G1 X178.3 Y134 E520.58962
G1 X178.258 Y134.586 E520.61404
G1 X178.123 Y135.217 E520.64087
G1 X177.903 Y135.801 E520.66682
G1 X177.595 Y136.358 E520.69328
G1 X177.3 Y136.755 E520.71384
G1 X176.916 Y137.159 E520.73701
G1 X176.53 Y137.475 E520.75775
G1 X176.061 Y137.772 E520.78083
G1 X175.61 Y137.985 E520.80157
G1 X175.082 Y138.159 E520.82468
G1 X174.457 Y138.274 E520.8511
G0 F5040 X174.405 Y137.838
G0 X174.32 Y137.09
;TYPE:SKIN
G1 F1350 X173.958 Y137.11 E520.86618
G1 X106.043 Y137.11 E523.68975
G1 X105.583 Y137.077 E523.70893
G1 X105.117 Y136.978 E523.72873
G1 X104.701 Y136.82 E523.74724
G1 X104.294 Y136.596 E523.76655
G1 X103.933 Y136.318 E523.78549
G1 X103.618 Y135.994 E523.80428
G1 X103.343 Y135.609 E523.82395
G1 X103.04 Y134.938 E523.85456
G1 X102.932 Y134.477 E523.87425
G1 X102.89 Y133.976 E523.89515
G1 X102.89 Y106.043 E525.05647
G1 X102.923 Y105.583 E525.07564
G1 X103.022 Y105.117 E525.09545
G1 X103.18 Y104.701 E525.11395
G1 X103.404 Y104.294 E525.13326
G1 X103.682 Y103.933 E525.15221
G1 X104.006 Y103.618 E525.17099
G1 X104.375 Y103.355 E525.18983
G1 X104.795 Y103.138 E525.20949
G1 X105.558 Y102.925 E525.24242
G1 X106.044 Y102.89 E525.26268
G1 X173.957 Y102.89 E528.08617
G1 X174.417 Y102.923 E528.10535
G1 X174.883 Y103.022 E528.12515
G1 X175.299 Y103.18 E528.14365
G1 X175.706 Y103.404 E528.16297
G1 X176.067 Y103.682 E528.18191
G1 X176.382 Y104.006 E528.2007
G1 X176.645 Y104.375 E528.21954
G1 X176.862 Y104.795 E528.23919
G1 X177.076 Y105.56 E528.27222
G1 X177.11 Y106.03 E528.29181
G1 X177.11 Y133.957 E529.45288
G1 X177.077 Y134.417 E529.47205
G1 X176.977 Y134.885 E529.49195
G1 X176.82 Y135.3 E529.5104
G1 X176.591 Y135.717 E529.53018
G1 X176.101 Y136.288 E529.56146
G1 X175.489 Y136.726 E529.59275
G1 X174.783 Y137.005 E529.62431
G1 X174.32 Y137.09 E529.64388
G0 F5040 X174.107 Y136.903
G1 F1350 X174.962 Y136.742 E529.68005
G1 X175.725 Y136.336 E529.71598
G1 X176.333 Y135.73 E529.75167
G1 X176.735 Y134.985 E529.78687
G1 X176.902 Y134.112 E529.82382
G1 X176.807 Y133.247 E529.86
G1 X176.458 Y132.454 E529.89602
G1 X175.895 Y131.797 E529.93199
G1 X175.162 Y131.338 E529.96795
G1 X174.327 Y131.113 E530.0039
G1 X173.46 Y131.146 E530.03997
G1 X172.643 Y131.43 E530.07594
G1 X171.945 Y131.946 E530.11202
G1 X171.43 Y132.644 E530.14809
G1 X171.146 Y133.46 E530.18401
G1 X171.112 Y134.326 E530.22004
G1 X171.34 Y135.166 E530.25623
G1 X171.8 Y135.895 E530.29206
G1 X172.455 Y136.461 E530.32805
G1 X173.249 Y136.806 E530.36405
G1 X174.107 Y136.903 E530.39995
G0 F5040 X175.725 Y135.275
G0 X176.118 Y134.205
G0 X174.107 Y108.903
G1 F1350 X174.962 Y108.742 E530.43612
G1 X175.725 Y108.336 E530.47205
G1 X176.333 Y107.73 E530.50774
G1 X176.735 Y106.985 E530.54293
G1 X176.902 Y106.112 E530.57989
G1 X176.807 Y105.247 E530.61607
G1 X176.458 Y104.454 E530.65209
G1 X175.895 Y103.797 E530.68806
G1 X175.162 Y103.338 E530.72402
G1 X174.327 Y103.113 E530.75997
G1 X173.46 Y103.146 E530.79604
G1 X172.643 Y103.43 E530.832
G1 X171.945 Y103.946 E530.86809
G1 X171.43 Y104.644 E530.90415
G1 X171.146 Y105.46 E530.94007
G1 X171.112 Y106.326 E530.97611
G1 X171.34 Y107.166 E531.01229
G1 X171.8 Y107.895 E531.04813
G1 X172.455 Y108.461 E531.08412
G1 X173.249 Y108.806 E531.12011
G1 X174.107 Y108.903 E531.15601
G0 F5040 X147.182 Y121.388
G1 F1350 X147.582 Y120.653 E531.1908
G1 X147.908 Y119.882 E531.2256
G1 X148.139 Y119.143 E531.25779
G1 X148.323 Y118.258 E531.29537
G1 X148.406 Y117.419 E531.33043
G1 X148.406 Y116.581 E531.36527
G1 X148.323 Y115.745 E531.40019
G1 X148.156 Y114.922 E531.43511
G1 X147.908 Y114.12 E531.47001
G1 X147.582 Y113.348 E531.50485
G1 X147.182 Y112.612 E531.53968
G1 X146.71 Y111.917 E531.5746
G1 X146.172 Y111.277 E531.60936
G1 X145.621 Y110.737 E531.64144
G1 X144.971 Y110.21 E531.67623
G1 X144.215 Y109.714 E531.71382
G1 X143.522 Y109.359 E531.74619
G1 X142.686 Y109.023 E531.78365
G1 X141.938 Y108.812 E531.81596
G1 X141.052 Y108.649 E531.85342
G1 X140.212 Y108.587 E531.88844
G1 X139.44 Y108.603 E531.92054
G1 X138.543 Y108.711 E531.9581
G1 X137.72 Y108.897 E531.99318
G1 X136.924 Y109.166 E532.02811
G1 X136.16 Y109.512 E532.06298
G1 X135.434 Y109.929 E532.09779
G1 X134.751 Y110.419 E532.13274
G1 X134.122 Y110.975 E532.16764
G1 X133.553 Y111.59 E532.20247
G1 X133.047 Y112.258 E532.23731
G1 X132.607 Y112.973 E532.27222
G1 X132.244 Y113.731 E532.30716
G1 X131.957 Y114.519 E532.34203
G1 X131.75 Y115.332 E532.37691
G1 X131.625 Y116.162 E532.4118
G1 X131.583 Y117 E532.44669
G1 X131.625 Y117.838 E532.48157
G1 X131.75 Y118.668 E532.51647
G1 X131.957 Y119.481 E532.55134
G1 X132.244 Y120.269 E532.58621
G1 X132.607 Y121.027 E532.62115
G1 X133.047 Y121.742 E532.65606
G1 X133.553 Y122.41 E532.6909
G1 X134.122 Y123.025 E532.72573
G1 X134.751 Y123.581 E532.76063
G1 X135.434 Y124.071 E532.79558
G1 X136.16 Y124.488 E532.83039
G1 X136.924 Y124.834 E532.86526
G1 X137.721 Y125.103 E532.90023
G1 X138.538 Y125.287 E532.93505
G1 X139.371 Y125.393 E532.96996
G1 X140.21 Y125.413 E533.00485
G1 X141.044 Y125.351 E533.03962
G1 X141.806 Y125.22 E533.07176
G1 X142.677 Y124.98 E533.10933
G1 X143.461 Y124.672 E533.14435
G1 X144.208 Y124.289 E533.17925
G1 X144.914 Y123.834 E533.21417
G1 X145.57 Y123.31 E533.24907
G1 X146.169 Y122.725 E533.28388
G1 X146.71 Y122.083 E533.31879
G1 X147.182 Y121.388 E533.35372
G0 F5040 X143.832 Y123.638
G0 X142.749 Y124.144
G0 X108.902 Y134.112
G1 F1350 X108.807 Y133.247 E533.38989
G1 X108.458 Y132.454 E533.42592
G1 X107.895 Y131.797 E533.46189
G1 X107.162 Y131.338 E533.49784
G1 X106.327 Y131.113 E533.5338
G1 X105.46 Y131.146 E533.56987
G1 X104.643 Y131.43 E533.60583
G1 X103.945 Y131.946 E533.64192
G1 X103.43 Y132.644 E533.67798
G1 X103.146 Y133.46 E533.7139
G1 X103.112 Y134.326 E533.74993
G1 X103.34 Y135.166 E533.78612
G1 X103.8 Y135.895 E533.82196
G1 X104.455 Y136.461 E533.85795
G1 X105.249 Y136.806 E533.89394
G1 X106.107 Y136.903 E533.92984
G1 X106.962 Y136.742 E533.96601
G1 X107.725 Y136.336 E534.00194
G1 X108.333 Y135.73 E534.03763
G1 X108.735 Y134.985 E534.07283
G1 X108.902 Y134.112 E534.10978
G0 F5040 X108.735 Y106.985
G1 F1350 X108.902 Y106.112 E534.14674
G1 X108.807 Y105.247 E534.18291
G1 X108.458 Y104.454 E534.21893
G1 X107.895 Y103.797 E534.25491
G1 X107.162 Y103.338 E534.29086
G1 X106.327 Y103.113 E534.32682
G1 X105.46 Y103.146 E534.36289
G1 X104.643 Y103.43 E534.39885
G1 X103.945 Y103.946 E534.43494
G1 X103.43 Y104.644 E534.471
G1 X103.146 Y105.46 E534.50692
G1 X103.112 Y106.326 E534.54295
G1 X103.34 Y107.166 E534.57914
G1 X103.8 Y107.895 E534.61498
G1 X104.455 Y108.461 E534.65097
G1 X105.249 Y108.806 E534.68696
G1 X106.107 Y108.903 E534.72286
G1 X106.962 Y108.742 E534.75903
G1 X107.725 Y108.336 E534.79496
G1 X108.333 Y107.73 E534.83065
G1 X108.735 Y106.985 E534.86585
G0 F5040 X107.236 Y103.197
G1 F1350 X107.384 Y103.05 E534.87452
G0 F5040 X107.584 Y103.415
G1 F1350 X107.95 Y103.05 E534.89601
G0 F5040 X108.516 Y103.05
G1 F1350 X107.932 Y103.633 E534.93032
G0 F5040 X108.211 Y103.92
G1 F1350 X109.081 Y103.05 E534.98147
G0 F5040 X109.647 Y103.05
G1 F1350 X108.473 Y104.224 E535.0505
G0 F5040 X108.686 Y104.576
G1 F1350 X110.213 Y103.05 E535.14025
G0 F5040 X110.778 Y103.05
G1 F1350 X108.859 Y104.97 E535.25311
G0 F5040 X108.984 Y105.409
G1 F1350 X111.344 Y103.05 E535.39184
G0 F5040 X111.91 Y103.05
G1 F1350 X109.041 Y105.918 E535.5605
G0 F5040 X108.982 Y106.543
G1 F1350 X112.475 Y103.05 E535.76587
G0 F5040 X113.041 Y103.05
G1 F1350 X108.693 Y107.398 E536.02152
G0 F5040 X107.405 Y108.686
G1 F1350 X103.05 Y113.041 E536.27757
G0 F5040 X103.05 Y112.475
G1 F1350 X106.542 Y108.983 E536.48289
G0 F5040 X105.918 Y109.041
G1 F1350 X103.05 Y111.91 E536.65155
G0 F5040 X103.05 Y111.344
G1 F1350 X105.41 Y108.984 E536.79031
G0 F5040 X104.97 Y108.858
G1 F1350 X103.05 Y110.778 E536.90319
G0 F5040 X103.05 Y110.213
G1 F1350 X104.576 Y108.687 E536.99292
G0 F5040 X104.224 Y108.473
G1 F1350 X103.05 Y109.647 E537.06194
G0 F5040 X103.05 Y109.081
G1 F1350 X103.921 Y108.21 E537.11316
G0 F5040 X103.634 Y107.932
G1 F1350 X103.05 Y108.516 E537.14749
G0 F5040 X103.05 Y107.95
G1 F1350 X103.415 Y107.584 E537.16898
G0 F5040 X103.196 Y107.238
G1 F1350 X103.05 Y107.384 E537.17757
G0 F5040 X103.05 Y113.607
G1 F1350 X113.607 Y103.05 E537.79828
G0 F5040 X114.172 Y103.05
G1 F1350 X103.05 Y114.172 E538.45221
G0 F5040 X103.05 Y114.738
G1 F1350 X114.738 Y103.05 E539.13942
G0 F5040 X115.304 Y103.05
G1 F1350 X103.05 Y115.304 E539.85991
G0 F5040 X103.05 Y115.87
G1 F1350 X115.87 Y103.05 E540.61367
G0 F5040 X116.435 Y103.05
G1 F1350 X103.05 Y116.435 E541.40066
G0 F5040 X103.05 Y117.001
G1 F1350 X117.001 Y103.05 E542.22093
G0 F5040 X117.567 Y103.05
G1 F1350 X103.05 Y117.567 E543.07447
G0 F5040 X103.05 Y118.132
G1 F1350 X118.132 Y103.05 E543.96123
G0 F5040 X118.698 Y103.05
G1 F1350 X103.05 Y118.698 E544.88128
G0 F5040 X103.05 Y119.264
G1 F1350 X119.264 Y103.05 E545.8346
G0 F5040 X119.829 Y103.05
G1 F1350 X103.05 Y119.829 E546.82114
G0 F5040 X103.05 Y120.395
G1 F1350 X120.395 Y103.05 E547.84096
G0 F5040 X120.961 Y103.05
G1 F1350 X103.05 Y120.961 E548.89406
G0 F5040 X103.05 Y121.526
G1 F1350 X121.526 Y103.05 E549.98037
G0 F5040 X122.092 Y103.05
G1 F1350 X103.05 Y122.092 E551.09997
G0 F5040 X103.05 Y122.658
G1 F1350 X122.658 Y103.05 E552.25285
G0 F5040 X123.223 Y103.05
G1 F1350 X103.05 Y123.223 E553.43894
G0 F5040 X103.05 Y123.789
G1 F1350 X123.789 Y103.05 E554.65831
G0 F5040 X124.355 Y103.05
G1 F1350 X103.05 Y124.355 E555.91097
G0 F5040 X103.05 Y124.921
G1 F1350 X124.921 Y103.05 E557.1969
G0 F5040 X125.486 Y103.05
G1 F1350 X103.05 Y125.486 E558.51605
G0 F5040 X103.05 Y126.052
G1 F1350 X126.052 Y103.05 E559.86848
G0 F5040 X126.618 Y103.05
G1 F1350 X103.05 Y126.618 E561.25419
G0 F5040 X103.05 Y127.183
G1 F1350 X127.183 Y103.05 E562.67311
G0 F5040 X127.749 Y103.05
G1 F1350 X103.05 Y127.749 E564.12532
G0 F5040 X103.05 Y128.315
G1 F1350 X128.315 Y103.05 E565.61081
G0 F5040 X128.88 Y103.05
G1 F1350 X103.05 Y128.88 E567.12951
G0 F5040 X103.05 Y129.446
G1 F1350 X129.446 Y103.05 E568.68149
G0 F5040 X130.012 Y103.05
G1 F1350 X103.05 Y130.012 E570.26676
G0 F5040 X103.05 Y130.577
G1 F1350 X130.577 Y103.05 E571.88524
G0 F5040 X131.143 Y103.05
G1 F1350 X103.05 Y131.143 E573.537
G0 F5040 X103.05 Y131.709
G1 F1350 X131.709 Y103.05 E575.22204
G0 F5040 X132.274 Y103.05
G1 F1350 X103.05 Y132.274 E576.9403
G0 F5040 X103.267 Y132.623
G1 F1350 X103.05 Y132.84 E576.95306
G0 F5040 X104.624 Y131.265
G1 F1350 X132.84 Y103.05 E578.61202
G0 F5040 X133.406 Y103.05
G1 F1350 X105.472 Y130.984 E580.25443
G0 F5040 X106.059 Y130.962
G1 F1350 X133.971 Y103.05 E581.89555
G0 F5040 X134.537 Y103.05
G1 F1350 X106.574 Y131.013 E583.53967
G0 F5040 X107.019 Y131.134
G1 F1350 X135.103 Y103.05 E585.1909
G0 F5040 X135.669 Y103.05
G1 F1350 X107.412 Y131.306 E586.85227
G0 F5040 X107.76 Y131.524
G1 F1350 X136.234 Y103.05 E588.52644
G0 F5040 X136.8 Y103.05
G1 F1350 X108.081 Y131.768 E590.21497
G0 F5040 X108.343 Y132.072
G1 F1350 X137.366 Y103.05 E591.92138
G0 F5040 X137.931 Y103.05
G1 F1350 X108.6 Y132.38 E593.64591
G0 F5040 X108.773 Y132.774
G1 F1350 X138.497 Y103.05 E595.39356
G0 F5040 X139.063 Y103.05
G1 F1350 X108.946 Y133.166 E597.1643
G0 F5040 X109.013 Y133.665
G1 F1350 X139.628 Y103.05 E598.96434
G0 F5040 X140.194 Y103.05
G1 F1350 X109.05 Y134.194 E600.79549
G0 F5040 X108.915 Y134.894
G1 F1350 X140.76 Y103.05 E602.66783
G0 F5040 X141.325 Y103.05
G1 F1350 X107.426 Y136.949 E604.66096
G0 F5040 X107.992 Y136.949
G1 F1350 X133.351 Y111.59 E606.15197
G0 F5040 X134.627 Y110.314
G1 F1350 X141.891 Y103.05 E606.57906
G0 F5040 X142.457 Y103.05
G1 F1350 X136.18 Y109.326 E606.9481
G0 F5040 X137.153 Y108.919
G1 F1350 X143.022 Y103.05 E607.29317
G0 F5040 X143.588 Y103.05
G1 F1350 X137.96 Y108.678 E607.62408
G0 F5040 X138.668 Y108.535
G1 F1350 X144.154 Y103.05 E607.9466
G0 F5040 X144.72 Y103.05
G1 F1350 X139.312 Y108.458 E608.26457
G0 F5040 X139.901 Y108.434
G1 F1350 X145.285 Y103.05 E608.58113
G0 F5040 X145.851 Y103.05
G1 F1350 X140.456 Y108.445 E608.89834
G0 F5040 X140.983 Y108.483
G1 F1350 X146.417 Y103.05 E609.21781
G0 F5040 X146.982 Y103.05
G1 F1350 X141.469 Y108.563 E609.54195
G0 F5040 X141.947 Y108.651
G1 F1350 X147.548 Y103.05 E609.87127
G0 F5040 X148.114 Y103.05
G1 F1350 X142.39 Y108.774 E610.20782
G0 F5040 X142.823 Y108.906
G1 F1350 X148.679 Y103.05 E610.55213
G0 F5040 X149.245 Y103.05
G1 F1350 X143.227 Y109.068 E610.90596
G0 F5040 X143.627 Y109.233
G1 F1350 X149.811 Y103.05 E611.26953
G0 F5040 X150.376 Y103.05
G1 F1350 X144.001 Y109.425 E611.64435
G0 F5040 X144.368 Y109.624
G1 F1350 X150.942 Y103.05 E612.03088
G0 F5040 X151.508 Y103.05
G1 F1350 X144.71 Y109.848 E612.43058
G0 F5040 X145.052 Y110.071
G1 F1350 X152.073 Y103.05 E612.84338
G0 F5040 X152.639 Y103.05
G1 F1350 X145.364 Y110.324 E613.2711
G0 F5040 X145.676 Y110.578
G1 F1350 X153.205 Y103.05 E613.71374
G0 F5040 X153.77 Y103.05
G1 F1350 X145.966 Y110.854 E614.17259
G0 F5040 X146.253 Y111.133
G1 F1350 X154.336 Y103.05 E614.64784
G0 F5040 X154.902 Y103.05
G1 F1350 X146.515 Y111.437 E615.14096
G0 F5040 X146.773 Y111.744
G1 F1350 X155.468 Y103.05 E615.65216
G0 F5040 X156.033 Y103.05
G1 F1350 X147.009 Y112.074 E616.18274
G0 F5040 X147.238 Y112.41
G1 F1350 X156.599 Y103.05 E616.7331
G0 F5040 X157.165 Y103.05
G1 F1350 X147.448 Y112.767 E617.30443
G0 F5040 X147.647 Y113.133
G1 F1350 X157.73 Y103.05 E617.89727
G0 F5040 X158.296 Y103.05
G1 F1350 X147.827 Y113.519 E618.5128
G0 F5040 X147.995 Y113.917
G1 F1350 X158.862 Y103.05 E619.15174
G0 F5040 X159.427 Y103.05
G1 F1350 X148.142 Y114.335 E619.81526
G0 F5040 X148.276 Y114.767
G1 F1350 X159.993 Y103.05 E620.50417
G0 F5040 X160.559 Y103.05
G1 F1350 X148.381 Y115.227 E621.22016
G0 F5040 X148.476 Y115.698
G1 F1350 X161.124 Y103.05 E621.96382
G0 F5040 X161.69 Y103.05
G1 F1350 X148.529 Y116.21 E622.7376
G0 F5040 X148.565 Y116.74
G1 F1350 X162.256 Y103.05 E623.54255
G0 F5040 X162.821 Y103.05
G1 F1350 X148.565 Y117.306 E624.38075
G0 F5040 X148.517 Y117.92
G1 F1350 X163.387 Y103.05 E625.25505
G0 F5040 X163.953 Y103.05
G1 F1350 X148.418 Y118.585 E626.16845
G0 F5040 X148.252 Y119.317
G1 F1350 X164.518 Y103.05 E627.12486
G0 F5040 X165.084 Y103.05
G1 F1350 X147.955 Y120.179 E628.13197
G0 F5040 X147.425 Y121.275
G1 F1350 X165.65 Y103.05 E629.20354
G0 F5040 X166.216 Y103.05
G1 F1350 X132.316 Y136.949 E631.1967
G0 F5040 X131.75 Y136.949
G1 F1350 X144.259 Y124.44 E631.93218
G0 F5040 X143.182 Y124.952
G1 F1350 X131.185 Y136.949 E632.63755
G0 F5040 X130.619 Y136.949
G1 F1350 X142.328 Y125.24 E633.326
G0 F5040 X141.583 Y125.42
G1 F1350 X130.053 Y136.949 E634.00389
G0 F5040 X129.488 Y136.949
G1 F1350 X140.917 Y125.519 E634.6759
G0 F5040 X140.306 Y125.565
G1 F1350 X128.922 Y136.949 E635.34524
G0 F5040 X128.356 Y136.949
G1 F1350 X139.744 Y125.561 E636.01481
G0 F5040 X139.207 Y125.533
G1 F1350 X127.791 Y136.949 E636.68602
G0 F5040 X127.225 Y136.949
G1 F1350 X138.706 Y125.469 E637.36103
G0 F5040 X138.228 Y125.381
G1 F1350 X126.659 Y136.949 E638.04122
G0 F5040 X126.094 Y136.949
G1 F1350 X137.766 Y125.277 E638.72749
G0 F5040 X137.335 Y125.142
G1 F1350 X125.528 Y136.949 E639.42169
G0 F5040 X124.962 Y136.949
G1 F1350 X136.913 Y124.998 E640.12436
G0 F5040 X136.519 Y124.826
G1 F1350 X124.397 Y136.949 E640.83712
G0 F5040 X123.831 Y136.949
G1 F1350 X136.13 Y124.65 E641.56026
G0 F5040 X135.768 Y124.446
G1 F1350 X123.265 Y136.949 E642.29538
G0 F5040 X122.699 Y136.949
G1 F1350 X135.409 Y124.24 E643.04265
G0 F5040 X135.074 Y124.009
G1 F1350 X122.134 Y136.949 E643.80348
G0 F5040 X121.568 Y136.949
G1 F1350 X134.744 Y123.773 E644.57817
G0 F5040 X134.436 Y123.515
G1 F1350 X121.002 Y136.949 E645.36804
G0 F5040 X120.437 Y136.949
G1 F1350 X134.136 Y123.25 E646.17349
G0 F5040 X133.851 Y122.97
G1 F1350 X119.871 Y136.949 E646.99543
G0 F5040 X119.305 Y136.949
G1 F1350 X133.579 Y122.675 E647.83469
G0 F5040 X133.32 Y122.369
G1 F1350 X118.74 Y136.949 E648.69194
G0 F5040 X118.174 Y136.949
G1 F1350 X133.076 Y122.048 E649.56809
G0 F5040 X132.842 Y121.716
G1 F1350 X117.608 Y136.949 E650.46376
G0 F5040 X117.043 Y136.949
G1 F1350 X132.626 Y121.366 E651.37998
G0 F5040 X132.418 Y121.008
G1 F1350 X116.477 Y136.949 E652.31725
G0 F5040 X115.911 Y136.949
G1 F1350 X132.235 Y120.626 E653.27701
G0 F5040 X132.059 Y120.235
G1 F1350 X115.346 Y136.949 E654.2597
G0 F5040 X114.78 Y136.949
G1 F1350 X131.909 Y119.82 E655.26682
G0 F5040 X131.769 Y119.394
G1 F1350 X114.214 Y136.949 E656.29898
G0 F5040 X113.649 Y136.949
G1 F1350 X131.654 Y118.943 E657.35764
G0 F5040 X131.558 Y118.474
G1 F1350 X113.083 Y136.949 E658.4439
G0 F5040 X112.517 Y136.949
G1 F1350 X131.484 Y117.982 E659.55909
G0 F5040 X131.445 Y117.456
G1 F1350 X111.951 Y136.949 E660.70523
G0 F5040 X111.386 Y136.949
G1 F1350 X131.427 Y116.908 E661.88356
G0 F5040 X131.456 Y116.313
G1 F1350 X110.82 Y136.949 E663.09688
G0 F5040 X110.254 Y136.949
G1 F1350 X131.537 Y115.667 E664.34821
G0 F5040 X131.679 Y114.959
G1 F1350 X109.689 Y136.949 E665.64114
G0 F5040 X109.123 Y136.949
G1 F1350 X131.919 Y114.153 E666.98145
G0 F5040 X132.33 Y113.177
G1 F1350 X108.557 Y136.949 E668.37919
G0 F5040 X132.882 Y136.949
G1 F1350 X166.781 Y103.05 E670.37232
G0 F5040 X167.347 Y103.05
G1 F1350 X133.448 Y136.949 E672.36545
G0 F5040 X134.013 Y136.949
G1 F1350 X167.913 Y103.05 E674.35861
G0 F5040 X168.478 Y103.05
G1 F1350 X134.579 Y136.949 E676.35174
G0 F5040 X135.145 Y136.949
G1 F1350 X169.044 Y103.05 E678.34487
G0 F5040 X169.61 Y103.05
G1 F1350 X135.71 Y136.949 E680.33803
G0 F5040 X136.276 Y136.949
G1 F1350 X170.175 Y103.05 E682.33116
G0 F5040 X170.741 Y103.05
G1 F1350 X136.842 Y136.949 E684.3243
G0 F5040 X137.407 Y136.949
G1 F1350 X171.307 Y103.05 E686.31746
G0 F5040 X171.872 Y103.05
G1 F1350 X137.973 Y136.949 E688.31059
G0 F5040 X138.539 Y136.949
G1 F1350 X172.438 Y103.05 E690.30372
G0 F5040 X172.874 Y103.18
G1 F1350 X173.004 Y103.05 E690.31136
G0 F5040 X171.178 Y104.875
G1 F1350 X139.104 Y136.949 E692.19719
G0 F5040 X139.67 Y136.949
G1 F1350 X170.977 Y105.642 E694.03792
G0 F5040 X170.955 Y106.23
G1 F1350 X140.236 Y136.949 E695.84408
G0 F5040 X140.801 Y136.949
G1 F1350 X171.048 Y106.703 E697.62246
G0 F5040 X171.169 Y107.147
G1 F1350 X141.367 Y136.949 E699.3747
G0 F5040 X141.933 Y136.949
G1 F1350 X171.369 Y107.513 E701.10543
G0 F5040 X171.587 Y107.86
G1 F1350 X142.498 Y136.949 E702.81575
G0 F5040 X143.064 Y136.949
G1 F1350 X171.858 Y108.156 E704.5087
G0 F5040 X172.161 Y108.418
G1 F1350 X143.63 Y136.949 E706.18621
G0 F5040 X144.196 Y136.949
G1 F1350 X172.493 Y108.651 E707.84999
G0 F5040 X172.888 Y108.823
G1 F1350 X144.761 Y136.949 E709.50372
G0 F5040 X145.327 Y136.949
G1 F1350 X173.304 Y108.972 E711.14867
G0 F5040 X173.812 Y109.03
G1 F1350 X145.893 Y136.949 E712.7902
G0 F5040 X146.458 Y136.949
G1 F1350 X174.397 Y109.011 E714.43287
G0 F5040 X175.153 Y108.82
G1 F1350 X147.024 Y136.949 E716.08675
G0 F5040 X147.59 Y136.949
G1 F1350 X176.949 Y107.59 E717.81295
G0 F5040 X176.832 Y107.141
G1 F1350 X176.928 Y107.046 E717.81856
G0 F5040 X176.949 Y108.156
G1 F1350 X148.155 Y136.949 E719.51151
G0 F5040 X148.721 Y136.949
G1 F1350 X176.949 Y108.721 E721.17121
G0 F5040 X176.949 Y109.287
G1 F1350 X149.287 Y136.949 E722.79763
G0 F5040 X149.852 Y136.949
G1 F1350 X176.949 Y109.853 E724.3908
G0 F5040 X176.949 Y110.418
G1 F1350 X150.418 Y136.949 E725.95072
G0 F5040 X150.984 Y136.949
G1 F1350 X176.949 Y110.984 E727.47736
G0 F5040 X176.949 Y111.55
G1 F1350 X151.549 Y136.949 E728.97075
G0 F5040 X152.115 Y136.949
G1 F1350 X176.949 Y112.116 E730.43087
G0 F5040 X176.949 Y112.681
G1 F1350 X152.681 Y136.949 E731.85773
G0 F5040 X153.247 Y136.949
G1 F1350 X176.949 Y113.247 E733.25132
G0 F5040 X176.949 Y113.813
G1 F1350 X153.812 Y136.949 E734.61166
G0 F5040 X154.378 Y136.949
G1 F1350 X176.949 Y114.378 E735.93875
G0 F5040 X176.949 Y114.944
G1 F1350 X154.944 Y136.949 E737.23256
G0 F5040 X155.509 Y136.949
G1 F1350 X176.949 Y115.51 E738.49312
G0 F5040 X176.949 Y116.075
G1 F1350 X156.075 Y136.949 E739.72043
G0 F5040 X156.641 Y136.949
G1 F1350 X176.949 Y116.641 E740.91446
G0 F5040 X176.949 Y117.207
G1 F1350 X157.206 Y136.949 E742.07524
G0 F5040 X157.772 Y136.949
G1 F1350 X176.949 Y117.772 E743.20278
G0 F5040 X176.949 Y118.338
G1 F1350 X158.338 Y136.949 E744.29703
G0 F5040 X158.903 Y136.949
G1 F1350 X176.949 Y118.904 E745.35804
G0 F5040 X176.949 Y119.469
G1 F1350 X159.469 Y136.949 E746.3858
G0 F5040 X160.035 Y136.949
G1 F1350 X176.949 Y120.035 E747.38027
G0 F5040 X176.949 Y120.601
G1 F1350 X160.6 Y136.949 E748.3415
G0 F5040 X161.166 Y136.949
G1 F1350 X176.949 Y121.166 E749.26948
G0 F5040 X176.949 Y121.732
G1 F1350 X161.732 Y136.949 E750.16419
G0 F5040 X162.297 Y136.949
G1 F1350 X176.949 Y122.298 E751.02564
G0 F5040 X176.949 Y122.864
G1 F1350 X162.863 Y136.949 E751.85381
G0 F5040 X163.429 Y136.949
G1 F1350 X176.949 Y123.429 E752.64873
G0 F5040 X176.949 Y123.995
G1 F1350 X163.995 Y136.949 E753.41038
G0 F5040 X164.56 Y136.949
G1 F1350 X176.949 Y124.561 E754.13878
G0 F5040 X176.949 Y125.126
G1 F1350 X165.126 Y136.949 E754.83392
G0 F5040 X165.692 Y136.949
G1 F1350 X176.949 Y125.692 E755.49579
G0 F5040 X176.949 Y126.258
G1 F1350 X166.257 Y136.949 E756.12441
G0 F5040 X166.823 Y136.949
G1 F1350 X171.515 Y132.257 E756.40028
G0 F5040 X172.255 Y131.517
G1 F1350 X176.949 Y126.823 E756.67627
G0 F5040 X176.949 Y127.389
G1 F1350 X173.309 Y131.029 E756.89029
G0 F5040 X173.936 Y130.968
G1 F1350 X176.949 Y127.955 E757.06744
G0 F5040 X176.949 Y128.52
G1 F1350 X174.48 Y130.989 E757.21261
G0 F5040 X174.926 Y131.109
G1 F1350 X176.949 Y129.086 E757.33156
G0 F5040 X176.949 Y129.652
G1 F1350 X175.339 Y131.262 E757.42622
G0 F5040 X175.687 Y131.479
G1 F1350 X176.949 Y130.217 E757.50042
G0 F5040 X176.949 Y130.783
G1 F1350 X176.027 Y131.705 E757.55463
G0 F5040 X176.288 Y132.009
G1 F1350 X176.949 Y131.349 E757.59346
G0 F5040 X176.949 Y131.915
G1 F1350 X176.549 Y132.314 E757.61695
G0 F5040 X176.737 Y132.692
G1 F1350 X176.949 Y132.48 E757.62942
G0 F5040 X174.241 Y131.868
G0 X173.114 Y132.062
G0 X171.027 Y133.311
G1 F1350 X167.389 Y136.949 E757.84332
G0 F5040 X167.954 Y136.949
G1 F1350 X170.966 Y133.938 E758.02038
G0 F5040 X170.988 Y134.481
G1 F1350 X168.52 Y136.949 E758.16549
G0 F5040 X169.086 Y136.949
G1 F1350 X171.109 Y134.926 E758.28444
G0 F5040 X171.26 Y135.34
G1 F1350 X169.651 Y136.949 E758.37904
G0 F5040 X170.217 Y136.949
G1 F1350 X171.479 Y135.688 E758.45321
G0 F5040 X171.706 Y136.026
G1 F1350 X170.783 Y136.949 E758.50748
G0 F5040 X171.348 Y136.949
G1 F1350 X172.01 Y136.288 E758.54637
G0 F5040 X172.313 Y136.55
G1 F1350 X171.914 Y136.949 E758.56983
G0 F5040 X172.48 Y136.949
G1 F1350 X172.692 Y136.737 E758.5823
G1 F2400 E755.5823
;MESH:NONMESH
G0 F600 X172.692 Y136.737 Z0.9
G0 F5040 X171.867 Y134.24
G0 X173.367 Y108.429
;TIME_ELAPSED:600.546774
;LAYER:2
;TYPE:WALL-INNER
;MESH:Case3D_Sensor-Tampa.stl
G1 F2400 E758.5823
G1 F3000 X174.111 Y108.509 E758.61341
G1 X174.845 Y108.364 E758.64451
G1 X175.504 Y108.011 E758.67559
G1 X176.025 Y107.483 E758.70643
G1 X176.365 Y106.85 E758.73631
G1 X176.497 Y106.141 E758.76629
G1 X176.509 Y106.081 E758.76883
G1 X176.421 Y105.334 E758.80011
G1 X176.117 Y104.649 E758.83126
G1 X175.626 Y104.087 E758.86229
G1 X174.989 Y103.692 E758.89345
G1 X174.322 Y103.52 E758.92209
G1 X174.263 Y103.504 E758.92463
G1 X173.517 Y103.537 E758.95568
G1 X172.813 Y103.787 E758.98674
G1 X172.213 Y104.237 E759.01792
G1 X171.773 Y104.841 E759.04898
G1 X171.53 Y105.549 E759.08011
G1 X171.506 Y106.298 E759.11126
G1 X171.705 Y107.021 E759.14244
G1 X172.108 Y107.65 E759.1735
G1 X172.678 Y108.135 E759.20461
G1 X173.367 Y108.429 E759.23576
G0 F7200 X173.469 Y108.038
G1 F3000 X174.093 Y108.105 E759.26185
G1 X174.709 Y107.983 E759.28796
G1 X175.262 Y107.687 E759.31403
G1 X175.7 Y107.243 E759.33996
G1 X175.983 Y106.715 E759.36487
G1 X176.105 Y106.067 E759.39228
G1 X176.031 Y105.441 E759.41849
G1 X175.776 Y104.867 E759.4446
G1 X175.364 Y104.395 E759.47065
G1 X174.83 Y104.064 E759.49677
G1 X174.221 Y103.906 E759.52293
G1 X173.595 Y103.934 E759.54898
G1 X173.004 Y104.144 E759.57506
G1 X172.501 Y104.521 E759.60119
G1 X172.132 Y105.028 E759.62726
G1 X171.928 Y105.622 E759.65337
G1 X171.908 Y106.25 E759.67949
G1 X172.075 Y106.856 E759.70563
G1 X172.413 Y107.384 E759.73169
G1 X172.891 Y107.791 E759.75779
G1 X173.469 Y108.038 E759.78393
G0 F7200 X173.571 Y107.647
;TYPE:WALL-OUTER
G1 F1500 X174.075 Y107.701 E759.805
G1 X174.573 Y107.602 E759.82611
G1 X175.02 Y107.363 E759.84718
G1 X175.375 Y107.003 E759.8682
G1 X175.601 Y106.58 E759.88814
G1 X175.701 Y106.053 E759.91044
G1 X175.641 Y105.548 E759.93159
G1 X175.435 Y105.085 E759.95266
G1 X175.102 Y104.703 E759.97372
G1 X174.671 Y104.436 E759.9948
G1 X174.179 Y104.308 E760.01594
G1 X173.673 Y104.331 E760.037
G1 X173.195 Y104.501 E760.05809
G1 X172.789 Y104.805 E760.07918
G1 X172.491 Y105.215 E760.10025
G1 X172.326 Y105.695 E760.12135
G1 X172.31 Y106.202 E760.14244
G1 X172.445 Y106.691 E760.16353
G1 X172.718 Y107.118 E760.1846
G1 X173.104 Y107.447 E760.20569
G1 X173.571 Y107.647 E760.22681
G0 F7200 X173.46 Y108.072
G0 X173.444 Y108.134
G0 X171.869 Y134.254
G0 X172.317 Y135.307
G0 X173.367 Y136.429
;TYPE:WALL-INNER
G1 F3000 X174.111 Y136.509 E760.25792
G1 X174.845 Y136.364 E760.28903
G1 X175.504 Y136.011 E760.32011
G1 X176.025 Y135.483 E760.35095
G1 X176.365 Y134.85 E760.38082
G1 X176.497 Y134.141 E760.4108
G1 X176.509 Y134.081 E760.41335
G1 X176.421 Y133.334 E760.44462
G1 X176.117 Y132.649 E760.47578
G1 X175.626 Y132.087 E760.5068
G1 X174.989 Y131.692 E760.53796
G1 X174.322 Y131.52 E760.5666
G1 X174.263 Y131.504 E760.56914
G1 X173.517 Y131.537 E760.60019
G1 X172.813 Y131.787 E760.63125
G1 X172.213 Y132.237 E760.66243
G1 X171.773 Y132.841 E760.6935
G1 X171.53 Y133.549 E760.72462
G1 X171.506 Y134.298 E760.75577
G1 X171.705 Y135.021 E760.78695
G1 X172.108 Y135.65 E760.81801
G1 X172.678 Y136.135 E760.84912
G1 X173.367 Y136.429 E760.88027
G0 F7200 X173.469 Y136.038
G1 F3000 X174.093 Y136.105 E760.90636
G1 X174.709 Y135.983 E760.93247
G1 X175.262 Y135.687 E760.95855
G1 X175.7 Y135.243 E760.98448
G1 X175.983 Y134.715 E761.00938
G1 X176.105 Y134.067 E761.0368
G1 X176.031 Y133.441 E761.063
G1 X175.776 Y132.867 E761.08912
G1 X175.364 Y132.395 E761.11516
G1 X174.83 Y132.064 E761.14128
G1 X174.221 Y131.906 E761.16744
G1 X173.595 Y131.934 E761.19349
G1 X173.004 Y132.144 E761.21957
G1 X172.501 Y132.521 E761.2457
G1 X172.132 Y133.028 E761.27177
G1 X171.928 Y133.622 E761.29789
G1 X171.908 Y134.25 E761.32401
G1 X172.075 Y134.856 E761.35014
G1 X172.413 Y135.384 E761.37621
G1 X172.891 Y135.791 E761.40231
G1 X173.469 Y136.038 E761.42844
G0 F7200 X173.571 Y135.647
;TYPE:WALL-OUTER
G1 F1500 X174.075 Y135.701 E761.44951
G1 X174.573 Y135.602 E761.47062
G1 X175.02 Y135.363 E761.4917
G1 X175.375 Y135.003 E761.51272
G1 X175.601 Y134.58 E761.53266
G1 X175.701 Y134.053 E761.55496
G1 X175.641 Y133.548 E761.5761
G1 X175.435 Y133.085 E761.59717
G1 X175.102 Y132.703 E761.61824
G1 X174.671 Y132.436 E761.63932
G1 X174.179 Y132.308 E761.66045
G1 X173.673 Y132.331 E761.68151
G1 X173.195 Y132.501 E761.7026
G1 X172.789 Y132.805 E761.72369
G1 X172.491 Y133.215 E761.74476
G1 X172.326 Y133.695 E761.76586
G1 X172.31 Y134.202 E761.78695
G1 X172.445 Y134.691 E761.80804
G1 X172.718 Y135.118 E761.82912
G1 X173.104 Y135.447 E761.8502
G1 X173.571 Y135.647 E761.87132
G0 F7200 X173.46 Y136.072
G0 X173.444 Y136.134
G0 X140.2 Y125.023
;TYPE:WALL-INNER
G1 F3000 X140.995 Y124.963 E761.90447
G1 X141.682 Y124.848 E761.93343
G1 X142.272 Y124.696 E761.95876
G1 X142.841 Y124.506 E761.9837
G1 X143.568 Y124.188 E762.01669
G1 X144.26 Y123.799 E762.04969
G1 X144.768 Y123.454 E762.07522
G1 X145.313 Y123.017 E762.10427
G1 X145.884 Y122.459 E762.13746
G1 X146.398 Y121.847 E762.17069
G1 X146.849 Y121.185 E762.20399
G1 X147.231 Y120.483 E762.23722
G1 X147.541 Y119.748 E762.27038
G1 X147.748 Y119.083 E762.29934
G1 X147.885 Y118.488 E762.32472
G1 X147.973 Y117.9 E762.34944
G1 X148.018 Y117.295 E762.37466
G1 X148.016 Y116.6 E762.40356
G1 X147.937 Y115.803 E762.43686
G1 X147.778 Y115.019 E762.47011
G1 X147.541 Y114.254 E762.50341
G1 X147.231 Y113.517 E762.53665
G1 X146.849 Y112.815 E762.56988
G1 X146.398 Y112.153 E762.60318
G1 X145.885 Y111.542 E762.63635
G1 X145.383 Y111.05 E762.66557
G1 X144.774 Y110.55 E762.69833
G1 X144.264 Y110.204 E762.72396
G1 X143.66 Y109.857 E762.75292
G1 X142.933 Y109.529 E762.78607
G1 X142.174 Y109.273 E762.81938
G1 X141.413 Y109.102 E762.8518
G1 X141.394 Y109.097 E762.85262
G1 X140.6 Y108.997 E762.88589
G1 X139.8 Y108.977 E762.91916
G1 X139.001 Y109.037 E762.95248
G1 X138.214 Y109.176 E762.9857
G1 X137.444 Y109.391 E763.01894
G1 X136.699 Y109.684 E763.05222
G1 X135.987 Y110.049 E763.08549
G1 X135.314 Y110.483 E763.11878
G1 X134.689 Y110.983 E763.15206
G1 X134.117 Y111.54 E763.18525
G1 X133.602 Y112.153 E763.21854
G1 X133.151 Y112.815 E763.25184
G1 X132.769 Y113.517 E763.28507
G1 X132.459 Y114.254 E763.31831
G1 X132.222 Y115.019 E763.3516
G1 X132.063 Y115.803 E763.38486
G1 X131.984 Y116.6 E763.41816
G1 X131.984 Y117.4 E763.45142
G1 X132.063 Y118.197 E763.48472
G1 X132.222 Y118.981 E763.51798
G1 X132.459 Y119.746 E763.55127
G1 X132.769 Y120.483 E763.58451
G1 X133.151 Y121.185 E763.61774
G1 X133.602 Y121.847 E763.65104
G1 X134.117 Y122.46 E763.68433
G1 X134.689 Y123.017 E763.71752
G1 X135.314 Y123.517 E763.7508
G1 X135.987 Y123.951 E763.78409
G1 X136.604 Y124.268 E763.81293
G1 X137.15 Y124.499 E763.83758
G1 X137.165 Y124.506 E763.83827
G1 X137.179 Y124.51 E763.83887
G1 X137.827 Y124.727 E763.86728
G1 X138.606 Y124.903 E763.90049
G1 X139.4 Y125.003 E763.93376
G1 X140.2 Y125.023 E763.96703
G0 F7200 X140.19 Y124.623
G1 F3000 X140.947 Y124.566 E763.99859
G1 X141.599 Y124.456 E764.02608
G1 X142.159 Y124.312 E764.05012
G1 X142.697 Y124.132 E764.07371
G1 X143.39 Y123.829 E764.10515
G1 X144.049 Y123.459 E764.13657
G1 X144.53 Y123.132 E764.16075
G1 X145.047 Y122.717 E764.18832
G1 X145.59 Y122.187 E764.21986
G1 X146.079 Y121.605 E764.25147
G1 X146.507 Y120.976 E764.2831
G1 X146.87 Y120.309 E764.31467
G1 X147.165 Y119.61 E764.34621
G1 X147.362 Y118.978 E764.37373
G1 X147.492 Y118.414 E764.3978
G1 X147.575 Y117.856 E764.42125
G1 X147.618 Y117.281 E764.44522
G1 X147.616 Y116.62 E764.47271
G1 X147.541 Y115.863 E764.50433
G1 X147.39 Y115.118 E764.53594
G1 X147.165 Y114.391 E764.56758
G1 X146.87 Y113.691 E764.59916
G1 X146.507 Y113.024 E764.63073
G1 X146.079 Y112.395 E764.66236
G1 X145.591 Y111.814 E764.6939
G1 X145.116 Y111.348 E764.72157
G1 X144.534 Y110.871 E764.75285
G1 X144.052 Y110.543 E764.77709
G1 X143.478 Y110.214 E764.8046
G1 X142.786 Y109.902 E764.83616
G1 X142.066 Y109.659 E764.86775
G1 X141.325 Y109.491 E764.89934
G1 X140.57 Y109.396 E764.93098
G1 X139.81 Y109.377 E764.96258
G1 X139.051 Y109.434 E764.99423
G1 X138.303 Y109.566 E765.02581
G1 X137.571 Y109.771 E765.05741
G1 X136.864 Y110.049 E765.089
G1 X136.187 Y110.396 E765.12062
G1 X135.548 Y110.808 E765.15223
G1 X134.954 Y111.283 E765.18385
G1 X134.41 Y111.813 E765.21543
G1 X133.921 Y112.395 E765.24703
G1 X133.493 Y113.024 E765.27866
G1 X133.13 Y113.691 E765.31024
G1 X132.835 Y114.391 E765.34182
G1 X132.61 Y115.118 E765.37346
G1 X132.459 Y115.863 E765.40506
G1 X132.384 Y116.62 E765.43669
G1 X132.384 Y117.38 E765.46828
G1 X132.459 Y118.137 E765.49991
G1 X132.61 Y118.882 E765.53151
G1 X132.835 Y119.609 E765.56315
G1 X133.13 Y120.309 E765.59473
G1 X133.493 Y120.976 E765.62631
G1 X133.921 Y121.605 E765.65794
G1 X134.41 Y122.187 E765.68954
G1 X134.954 Y122.717 E765.72112
G1 X135.548 Y123.192 E765.75274
G1 X136.187 Y123.604 E765.78435
G1 X136.774 Y123.906 E765.81179
G1 X137.306 Y124.132 E765.83582
G1 X137.935 Y124.341 E765.86338
G1 X138.675 Y124.509 E765.89493
G1 X139.43 Y124.604 E765.92657
G1 X140.19 Y124.623 E765.95817
G0 F7200 X140.18 Y124.223
;TYPE:WALL-OUTER
G1 F1500 X140.898 Y124.169 E765.98811
G1 X141.516 Y124.064 E766.01417
G1 X142.046 Y123.928 E766.03692
G1 X142.553 Y123.758 E766.05915
G1 X143.212 Y123.47 E766.08905
G1 X143.838 Y123.119 E766.11889
G1 X144.292 Y122.81 E766.14172
G1 X144.781 Y122.417 E766.1678
G1 X145.297 Y121.914 E766.19776
G1 X145.76 Y121.363 E766.22768
G1 X146.165 Y120.767 E766.25764
G1 X146.509 Y120.135 E766.28756
G1 X146.789 Y119.472 E766.31748
G1 X146.976 Y118.873 E766.34357
G1 X147.099 Y118.34 E766.36631
G1 X147.177 Y117.812 E766.3885
G1 X147.218 Y117.267 E766.41122
G1 X147.216 Y116.64 E766.43729
G1 X147.145 Y115.923 E766.46725
G1 X147.002 Y115.217 E766.49719
G1 X146.789 Y114.528 E766.52718
G1 X146.509 Y113.865 E766.5571
G1 X146.165 Y113.233 E766.58701
G1 X145.76 Y112.637 E766.61697
G1 X145.297 Y112.086 E766.64689
G1 X144.849 Y111.646 E766.673
G1 X144.294 Y111.192 E766.70281
G1 X143.84 Y110.882 E766.72567
G1 X143.296 Y110.571 E766.75172
G1 X142.64 Y110.275 E766.78164
G1 X141.957 Y110.045 E766.8116
G1 X141.255 Y109.885 E766.84154
G1 X140.54 Y109.795 E766.8715
G1 X139.82 Y109.777 E766.90144
G1 X139.101 Y109.831 E766.93142
G1 X138.392 Y109.956 E766.96135
G1 X137.699 Y110.151 E766.99128
G1 X137.029 Y110.414 E767.0212
G1 X136.387 Y110.743 E767.0512
G1 X135.782 Y111.133 E767.08112
G1 X135.219 Y111.583 E767.11109
G1 X134.703 Y112.086 E767.14105
G1 X134.24 Y112.637 E767.17097
G1 X133.835 Y113.233 E767.20093
G1 X133.491 Y113.865 E767.23084
G1 X133.211 Y114.528 E767.26076
G1 X132.998 Y115.217 E767.29075
G1 X132.855 Y115.923 E767.32069
G1 X132.784 Y116.64 E767.35065
G1 X132.784 Y117.36 E767.38058
G1 X132.855 Y118.077 E767.41054
G1 X132.998 Y118.783 E767.44049
G1 X133.211 Y119.472 E767.47047
G1 X133.491 Y120.135 E767.50039
G1 X133.835 Y120.767 E767.53031
G1 X134.24 Y121.363 E767.56027
G1 X134.703 Y121.914 E767.59019
G1 X135.219 Y122.417 E767.62015
G1 X135.782 Y122.867 E767.65011
G1 X136.387 Y123.257 E767.68004
G1 X136.944 Y123.544 E767.70609
G1 X137.447 Y123.757 E767.7288
G1 X138.043 Y123.955 E767.75491
G1 X138.745 Y124.115 E767.78484
G1 X139.46 Y124.205 E767.8148
G1 X140.18 Y124.223 E767.84475
G0 F7200 X140.191 Y124.662
G0 X140.192 Y124.722
G0 X138.669 Y124.548
G0 X137.292 Y124.169
G0 X106.845 Y108.364
;TYPE:WALL-INNER
G1 F3000 X107.504 Y108.011 E767.87583
G1 X108.025 Y107.483 E767.90667
G1 X108.365 Y106.85 E767.93654
G1 X108.497 Y106.141 E767.96652
G1 X108.509 Y106.081 E767.96907
G1 X108.421 Y105.334 E768.00034
G1 X108.117 Y104.649 E768.0315
G1 X107.626 Y104.087 E768.06252
G1 X106.989 Y103.692 E768.09369
G1 X106.322 Y103.52 E768.12232
G1 X106.263 Y103.504 E768.12487
G1 X105.517 Y103.537 E768.15591
G1 X104.813 Y103.787 E768.18697
G1 X104.213 Y104.237 E768.21815
G1 X103.773 Y104.841 E768.24922
G1 X103.53 Y105.549 E768.28034
G1 X103.506 Y106.298 E768.3115
G1 X103.705 Y107.021 E768.34267
G1 X104.108 Y107.65 E768.37373
G1 X104.678 Y108.135 E768.40485
G1 X105.367 Y108.429 E768.43599
G1 X106.111 Y108.509 E768.4671
G1 X106.845 Y108.364 E768.49821
G0 F7200 X106.709 Y107.983
G1 F3000 X107.262 Y107.687 E768.52428
G1 X107.7 Y107.243 E768.55021
G1 X107.983 Y106.715 E768.57512
G1 X108.105 Y106.067 E768.60253
G1 X108.031 Y105.441 E768.62874
G1 X107.776 Y104.867 E768.65485
G1 X107.364 Y104.395 E768.6809
G1 X106.83 Y104.064 E768.70702
G1 X106.221 Y103.906 E768.73318
G1 X105.595 Y103.934 E768.75923
G1 X105.004 Y104.144 E768.78531
G1 X104.501 Y104.521 E768.81144
G1 X104.132 Y105.028 E768.83751
G1 X103.928 Y105.622 E768.86362
G1 X103.908 Y106.25 E768.88975
G1 X104.075 Y106.856 E768.91588
G1 X104.413 Y107.384 E768.94194
G1 X104.891 Y107.791 E768.96804
G1 X105.469 Y108.038 E768.99418
G1 X106.093 Y108.105 E769.02027
G1 X106.709 Y107.983 E769.04638
G0 F7200 X106.573 Y107.602
;TYPE:WALL-OUTER
G1 F1500 X107.02 Y107.363 E769.06745
G1 X107.375 Y107.003 E769.08847
G1 X107.601 Y106.58 E769.10841
G1 X107.701 Y106.053 E769.13071
G1 X107.641 Y105.548 E769.15185
G1 X107.435 Y105.085 E769.17292
G1 X107.102 Y104.703 E769.19399
G1 X106.671 Y104.436 E769.21507
G1 X106.179 Y104.308 E769.23621
G1 X105.673 Y104.331 E769.25726
G1 X105.195 Y104.501 E769.27836
G1 X104.789 Y104.805 E769.29944
G1 X104.491 Y105.215 E769.32052
G1 X104.326 Y105.695 E769.34162
G1 X104.31 Y106.202 E769.36271
G1 X104.445 Y106.691 E769.3838
G1 X104.718 Y107.118 E769.40487
G1 X105.104 Y107.447 E769.42596
G1 X105.571 Y107.647 E769.44708
G1 X106.075 Y107.701 E769.46815
G1 X106.573 Y107.602 E769.48926
G0 F7200 X106.721 Y108.016
G0 X106.742 Y108.077
G0 X108.144 Y134.068
G0 X107.787 Y135.163
G0 X106.845 Y136.364
;TYPE:WALL-INNER
G1 F3000 X107.504 Y136.011 E769.52034
G1 X108.025 Y135.483 E769.55118
G1 X108.365 Y134.85 E769.58105
G1 X108.497 Y134.141 E769.61104
G1 X108.509 Y134.081 E769.61358
G1 X108.421 Y133.334 E769.64485
G1 X108.117 Y132.649 E769.67601
G1 X107.626 Y132.087 E769.70704
G1 X106.989 Y131.692 E769.7382
G1 X106.322 Y131.52 E769.76684
G1 X106.263 Y131.504 E769.76938
G1 X105.517 Y131.537 E769.80042
G1 X104.813 Y131.787 E769.83148
G1 X104.213 Y132.237 E769.86266
G1 X103.773 Y132.841 E769.89373
G1 X103.53 Y133.549 E769.92485
G1 X103.506 Y134.298 E769.95601
G1 X103.705 Y135.021 E769.98719
G1 X104.108 Y135.65 E770.01824
G1 X104.678 Y136.135 E770.04936
G1 X105.367 Y136.429 E770.0805
G1 X106.111 Y136.509 E770.11161
G1 X106.845 Y136.364 E770.14272
G0 F7200 X106.709 Y135.983
G1 F3000 X107.262 Y135.687 E770.1688
G1 X107.7 Y135.243 E770.19473
G1 X107.983 Y134.715 E770.21963
G1 X108.105 Y134.067 E770.24705
G1 X108.031 Y133.441 E770.27325
G1 X107.776 Y132.867 E770.29937
G1 X107.364 Y132.395 E770.32541
G1 X106.83 Y132.064 E770.35153
G1 X106.221 Y131.906 E770.37769
G1 X105.595 Y131.934 E770.40374
G1 X105.004 Y132.144 E770.42982
G1 X104.501 Y132.521 E770.45595
G1 X104.132 Y133.028 E770.48202
G1 X103.928 Y133.622 E770.50814
G1 X103.908 Y134.25 E770.53426
G1 X104.075 Y134.856 E770.56039
G1 X104.413 Y135.384 E770.58646
G1 X104.891 Y135.791 E770.61256
G1 X105.469 Y136.038 E770.63869
G1 X106.093 Y136.105 E770.66478
G1 X106.709 Y135.983 E770.69089
G0 F7200 X106.573 Y135.602
;TYPE:WALL-OUTER
G1 F1500 X107.02 Y135.363 E770.71196
G1 X107.375 Y135.003 E770.73298
G1 X107.601 Y134.58 E770.75292
G1 X107.701 Y134.053 E770.77522
G1 X107.641 Y133.548 E770.79637
G1 X107.435 Y133.085 E770.81744
G1 X107.102 Y132.703 E770.8385
G1 X106.671 Y132.436 E770.85958
G1 X106.179 Y132.308 E770.88072
G1 X105.673 Y132.331 E770.90178
G1 X105.195 Y132.501 E770.92287
G1 X104.789 Y132.805 E770.94396
G1 X104.491 Y133.215 E770.96503
G1 X104.326 Y133.695 E770.98613
G1 X104.31 Y134.202 E771.00722
G1 X104.445 Y134.691 E771.02831
G1 X104.718 Y135.118 E771.04938
G1 X105.104 Y135.447 E771.07047
G1 X105.571 Y135.647 E771.09159
G1 X106.075 Y135.701 E771.11266
G1 X106.573 Y135.602 E771.13377
G0 F7200 X106.721 Y136.016
G0 X106.742 Y136.077
G0 X105.531 Y137.466
;TYPE:WALL-INNER
G1 F3000 X105.018 Y137.357 E771.15558
G1 X104.231 Y137.018 E771.1912
G1 X103.922 Y136.814 E771.2066
G1 X103.563 Y136.508 E771.22621
G1 X103.209 Y136.108 E771.24842
G1 X103.005 Y135.807 E771.26353
G1 X102.769 Y135.336 E771.28544
G1 X102.621 Y134.897 E771.3047
G1 X102.525 Y134.376 E771.32672
G1 X102.5 Y133.974 E771.34347
G1 X102.5 Y106.038 E772.50491
G1 X102.534 Y105.531 E772.52604
G1 X102.643 Y105.018 E772.54784
G1 X102.982 Y104.231 E772.58347
G1 X103.186 Y103.922 E772.59886
G1 X103.5 Y103.555 E772.61894
G1 X103.809 Y103.274 E772.63631
G1 X104.163 Y103.026 E772.65428
G1 X104.625 Y102.786 E772.67592
G1 X105.112 Y102.618 E772.69734
G1 X105.524 Y102.535 E772.71481
G1 X106.038 Y102.5 E772.73623
G1 X173.962 Y102.5 E775.56018
G1 X174.469 Y102.534 E775.58131
G1 X174.982 Y102.643 E775.60311
G1 X175.769 Y102.982 E775.63874
G1 X176.078 Y103.186 E775.65413
G1 X176.445 Y103.5 E775.67421
G1 X176.726 Y103.809 E775.69158
G1 X176.974 Y104.163 E775.70955
G1 X177.214 Y104.625 E775.73119
G1 X177.382 Y105.112 E775.75261
G1 X177.465 Y105.524 E775.77008
G1 X177.5 Y106.038 E775.7915
G1 X177.5 Y133.962 E776.95245
G1 X177.466 Y134.469 E776.97357
G1 X177.357 Y134.982 E776.99538
G1 X177.018 Y135.769 E777.03101
G1 X176.814 Y136.078 E777.0464
G1 X176.508 Y136.437 E777.06601
G1 X176.106 Y136.792 E777.08831
G1 X175.808 Y136.996 E777.10332
G1 X175.382 Y137.211 E777.12316
G1 X174.896 Y137.379 E777.14454
G1 X174.375 Y137.476 E777.16657
G1 X173.973 Y137.5 E777.18332
G1 X106.038 Y137.5 E780.00772
G1 X105.531 Y137.466 E780.02885
G0 F7200 X105.477 Y137.863
G1 F3000 X104.912 Y137.743 E780.05286
G1 X104.513 Y137.603 E780.07044
G1 X104.034 Y137.367 E780.09264
G1 X103.681 Y137.134 E780.11023
G1 X103.281 Y136.793 E780.13208
G1 X102.893 Y136.354 E780.15644
G1 X102.663 Y136.016 E780.17344
G1 X102.649 Y135.987 E780.17478
G1 X102.398 Y135.488 E780.198
G1 X102.233 Y134.997 E780.21954
G1 X102.127 Y134.424 E780.24376
G1 X102.1 Y133.988 E780.26192
G1 X102.1 Y106.026 E781.42445
G1 X102.137 Y105.477 E781.44732
G1 X102.257 Y104.912 E781.47134
G1 X102.397 Y104.513 E781.48892
G1 X102.633 Y104.034 E781.51112
G1 X102.866 Y103.681 E781.5287
G1 X103.212 Y103.276 E781.55085
G1 X103.562 Y102.958 E781.57051
G1 X103.95 Y102.686 E781.59021
G1 X104.466 Y102.418 E781.61438
G1 X105.008 Y102.231 E781.63822
G1 X105.445 Y102.144 E781.65675
G1 X105.471 Y102.138 E781.65786
G1 X105.496 Y102.137 E781.6589
G1 X106.01 Y102.102 E781.68032
G1 X106.026 Y102.1 E781.68099
G1 X173.974 Y102.1 E784.50593
G1 X174.523 Y102.137 E784.52881
G1 X175.088 Y102.257 E784.55283
G1 X175.487 Y102.397 E784.57041
G1 X175.966 Y102.633 E784.59261
G1 X176.319 Y102.866 E784.61019
G1 X176.724 Y103.212 E784.63234
G1 X177.042 Y103.562 E784.652
G1 X177.314 Y103.95 E784.6717
G1 X177.582 Y104.466 E784.69587
G1 X177.769 Y105.008 E784.71971
G1 X177.856 Y105.445 E784.73823
G1 X177.862 Y105.471 E784.73934
G1 X177.863 Y105.496 E784.74038
G1 X177.898 Y106.01 E784.7618
G1 X177.9 Y106.026 E784.76247
G1 X177.9 Y133.974 E785.92441
G1 X177.863 Y134.523 E785.94729
G1 X177.743 Y135.088 E785.97131
G1 X177.603 Y135.487 E785.98889
G1 X177.367 Y135.966 E786.01109
G1 X177.134 Y136.319 E786.02867
G1 X176.793 Y136.719 E786.05052
G1 X176.354 Y137.107 E786.07488
G1 X176.013 Y137.34 E786.09205
G1 X175.536 Y137.581 E786.11427
G1 X175 Y137.766 E786.13785
G1 X174.969 Y137.771 E786.13915
G1 X174.449 Y137.868 E786.16114
G1 X174.424 Y137.873 E786.1622
G1 X174.4 Y137.874 E786.1632
G1 X173.998 Y137.898 E786.17994
G1 X173.981 Y137.9 E786.18066
G1 X106.026 Y137.9 E789.0059
G1 X105.477 Y137.863 E789.02877
G0 F7200 X105.423 Y138.26
;TYPE:WALL-OUTER
G1 F1500 X104.804 Y138.129 E789.05508
G1 X104.354 Y137.971 E789.07491
G1 X103.837 Y137.716 E789.09887
G1 X103.44 Y137.454 E789.11865
G1 X103.003 Y137.081 E789.14254
G1 X102.578 Y136.601 E789.16919
G1 X102.314 Y136.214 E789.18867
G1 X102.029 Y135.646 E789.21509
G1 X101.845 Y135.098 E789.23912
G1 X101.729 Y134.473 E789.26555
G1 X101.7 Y133.988 E789.28575
G1 X101.7 Y106.014 E790.44877
G1 X101.74 Y105.423 E790.4734
G1 X101.871 Y104.804 E790.49971
G1 X102.029 Y104.354 E790.51953
G1 X102.284 Y103.837 E790.5435
G1 X102.546 Y103.44 E790.56328
G1 X102.924 Y102.997 E790.58749
G1 X103.311 Y102.646 E790.60921
G1 X103.742 Y102.343 E790.63111
G1 X104.307 Y102.05 E790.65757
G1 X104.904 Y101.844 E790.68383
G1 X105.418 Y101.741 E790.70562
G1 X106.014 Y101.7 E790.73046
G1 X173.986 Y101.7 E793.55641
G1 X174.577 Y101.74 E793.58104
G1 X175.196 Y101.871 E793.60734
G1 X175.646 Y102.029 E793.62717
G1 X176.163 Y102.284 E793.65114
G1 X176.56 Y102.546 E793.67091
G1 X177.003 Y102.924 E793.69512
G1 X177.354 Y103.311 E793.71685
G1 X177.657 Y103.742 E793.73875
G1 X177.95 Y104.307 E793.76521
G1 X178.156 Y104.904 E793.79147
G1 X178.259 Y105.418 E793.81326
G1 X178.3 Y106.014 E793.8381
G1 X178.3 Y133.986 E795.00104
G1 X178.26 Y134.577 E795.02567
G1 X178.129 Y135.196 E795.05197
G1 X177.971 Y135.646 E795.0718
G1 X177.716 Y136.163 E795.09577
G1 X177.454 Y136.56 E795.11554
G1 X177.081 Y136.997 E795.13943
G1 X176.601 Y137.422 E795.16608
G1 X176.211 Y137.688 E795.18571
G1 X175.696 Y137.949 E795.20971
G1 X175.102 Y138.154 E795.23584
G1 X174.473 Y138.271 E795.26244
G1 X173.988 Y138.3 E795.28264
G1 X106.014 Y138.3 E798.10867
G1 X105.423 Y138.26 E798.1333
G0 F7200 X105.483 Y137.825
G0 X105.582 Y137.078
;TYPE:SKIN
G1 F1500 X105.138 Y136.983 E798.15217
G1 X104.412 Y136.671 E798.18503
G1 X103.838 Y136.23 E798.21512
G1 X103.346 Y135.614 E798.2479
G1 X103.131 Y135.187 E798.26777
G1 X102.999 Y134.797 E798.28489
G1 X102.913 Y134.331 E798.30459
G1 X102.89 Y133.95 E798.32046
G1 X102.89 Y106.064 E799.47982
G1 X102.922 Y105.582 E799.49991
G1 X103.017 Y105.138 E799.51879
G1 X103.329 Y104.412 E799.55164
G1 X103.777 Y103.83 E799.58217
G1 X104.372 Y103.356 E799.6138
G1 X104.775 Y103.147 E799.63267
G1 X105.219 Y102.994 E799.6522
G1 X105.567 Y102.923 E799.66697
G1 X106.065 Y102.89 E799.68772
G1 X173.936 Y102.89 E802.50946
G1 X174.418 Y102.922 E802.52955
G1 X174.862 Y103.017 E802.54842
G1 X175.588 Y103.329 E802.58128
G1 X176.17 Y103.777 E802.61181
G1 X176.644 Y104.372 E802.64344
G1 X176.853 Y104.775 E802.66231
G1 X177.007 Y105.22 E802.68189
G1 X177.075 Y105.559 E802.69627
G1 X177.11 Y106.065 E802.71735
G1 X177.11 Y133.936 E803.87609
G1 X177.078 Y134.418 E803.89618
G1 X176.983 Y134.862 E803.91505
G1 X176.671 Y135.588 E803.94791
G1 X176.23 Y136.162 E803.978
G1 X175.614 Y136.656 E804.01083
G1 X175.226 Y136.853 E804.02892
G1 X174.798 Y137 E804.04774
G1 X174.327 Y137.088 E804.06766
G1 X173.95 Y137.11 E804.08336
G1 X106.064 Y137.11 E806.90573
G1 X105.582 Y137.078 E806.92581
G0 F7200 X105.267 Y136.811
G1 F1500 X106.129 Y136.903 E806.96185
G1 X106.978 Y136.735 E806.99784
G1 X107.74 Y136.327 E807.03377
G1 X108.342 Y135.717 E807.0694
G1 X108.737 Y134.981 E807.10413
G1 X108.903 Y134.095 E807.14161
G1 X108.801 Y133.23 E807.17782
G1 X108.45 Y132.437 E807.21387
G1 X107.881 Y131.787 E807.24979
G1 X107.145 Y131.329 E807.28583
G1 X106.304 Y131.112 E807.32194
G1 X105.441 Y131.15 E807.35785
G1 X104.626 Y131.44 E807.39382
G1 X103.932 Y131.96 E807.42987
G1 X103.424 Y132.659 E807.4658
G1 X103.142 Y133.478 E807.50181
G1 X103.114 Y134.345 E807.53787
G1 X103.344 Y135.181 E807.57392
G1 X103.811 Y135.909 E807.60988
G1 X104.471 Y136.47 E807.64589
G1 X105.267 Y136.811 E807.6819
G0 F7200 X104.039 Y134.872
G0 X106.129 Y108.903
G1 F1500 X106.978 Y108.735 E807.71788
G1 X107.74 Y108.327 E807.75381
G1 X108.342 Y107.717 E807.78944
G1 X108.737 Y106.981 E807.82417
G1 X108.903 Y106.095 E807.86165
G1 X108.801 Y105.23 E807.89786
G1 X108.45 Y104.437 E807.93391
G1 X107.881 Y103.787 E807.96983
G1 X107.145 Y103.329 E808.00587
G1 X106.304 Y103.112 E808.04198
G1 X105.441 Y103.15 E808.07789
G1 X104.626 Y103.44 E808.11386
G1 X103.932 Y103.96 E808.14991
G1 X103.424 Y104.659 E808.18584
G1 X103.142 Y105.478 E808.22185
G1 X103.114 Y106.345 E808.25791
G1 X103.344 Y107.181 E808.29396
G1 X103.811 Y107.909 E808.32992
G1 X104.471 Y108.47 E808.36593
G1 X105.267 Y108.811 E808.40194
G1 X106.129 Y108.903 E808.43798
G0 F7200 X132.818 Y121.388
G1 F1500 X133.29 Y122.083 E808.47291
G1 X133.831 Y122.725 E808.50781
G1 X134.43 Y123.31 E808.54262
G1 X135.086 Y123.834 E808.57753
G1 X135.792 Y124.289 E808.61245
G1 X136.438 Y124.621 E808.64264
G1 X137.027 Y124.871 E808.66925
G1 X137.722 Y125.103 E808.69971
G1 X138.538 Y125.287 E808.73448
G1 X139.371 Y125.393 E808.7694
G1 X140.21 Y125.413 E808.80429
G1 X141.042 Y125.351 E808.83897
G1 X141.763 Y125.23 E808.86937
G1 X142.383 Y125.07 E808.89599
G1 X142.981 Y124.87 E808.92221
G1 X143.742 Y124.537 E808.95674
G1 X144.465 Y124.131 E808.99121
G1 X145 Y123.768 E809.01809
G1 X145.572 Y123.309 E809.04858
G1 X146.17 Y122.724 E809.08336
G1 X146.71 Y122.083 E809.11821
G1 X147.182 Y121.388 E809.15314
G1 X147.582 Y120.653 E809.18793
G1 X147.908 Y119.882 E809.22273
G1 X148.125 Y119.185 E809.25308
G1 X148.269 Y118.56 E809.27975
G1 X148.361 Y117.943 E809.30568
G1 X148.408 Y117.309 E809.33211
G1 X148.406 Y116.58 E809.36242
G1 X148.323 Y115.745 E809.39731
G1 X148.156 Y114.922 E809.43222
G1 X147.908 Y114.12 E809.46712
G1 X147.582 Y113.348 E809.50196
G1 X147.182 Y112.612 E809.53679
G1 X146.71 Y111.917 E809.57172
G1 X146.172 Y111.277 E809.60648
G1 X145.644 Y110.759 E809.63723
G1 X145.008 Y110.238 E809.67141
G1 X144.471 Y109.873 E809.69841
G1 X143.838 Y109.51 E809.72874
G1 X143.076 Y109.166 E809.7635
G1 X142.279 Y108.897 E809.79847
G1 X141.462 Y108.713 E809.83329
G1 X140.629 Y108.607 E809.8682
G1 X139.79 Y108.587 E809.90309
G1 X138.952 Y108.649 E809.93803
G1 X138.128 Y108.796 E809.97283
G1 X137.319 Y109.021 E810.00774
G1 X136.539 Y109.329 E810.0426
G1 X135.792 Y109.711 E810.07749
G1 X135.086 Y110.166 E810.11241
G1 X134.43 Y110.69 E810.14731
G1 X133.831 Y111.275 E810.18212
G1 X133.29 Y111.917 E810.21703
G1 X132.818 Y112.612 E810.25195
G1 X132.418 Y113.348 E810.28678
G1 X132.092 Y114.12 E810.32162
G1 X131.844 Y114.922 E810.35652
G1 X131.677 Y115.745 E810.39144
G1 X131.594 Y116.581 E810.42636
G1 X131.594 Y117.419 E810.4612
G1 X131.677 Y118.255 E810.49613
G1 X131.844 Y119.078 E810.53105
G1 X132.092 Y119.88 E810.56595
G1 X132.418 Y120.652 E810.60079
G1 X132.818 Y121.388 E810.63561
G0 F7200 X136.167 Y123.638
G0 X137.179 Y124.115
G0 X171.114 Y134.345
G1 F1500 X171.344 Y135.181 E810.67166
G1 X171.811 Y135.909 E810.70762
G1 X172.471 Y136.47 E810.74363
G1 X173.267 Y136.811 E810.77964
G1 X174.129 Y136.903 E810.81568
G1 X174.978 Y136.735 E810.85166
G1 X175.74 Y136.327 E810.88759
G1 X176.342 Y135.717 E810.92323
G1 X176.737 Y134.981 E810.95795
G1 X176.903 Y134.095 E810.99543
G1 X176.801 Y133.23 E811.03164
G1 X176.45 Y132.437 E811.0677
G1 X175.881 Y131.787 E811.10361
G1 X175.145 Y131.329 E811.13965
G1 X174.304 Y131.112 E811.17576
G1 X173.441 Y131.15 E811.21168
G1 X172.626 Y131.44 E811.24764
G1 X171.932 Y131.96 E811.28369
G1 X171.424 Y132.659 E811.31962
G1 X171.142 Y133.478 E811.35563
G1 X171.114 Y134.345 E811.3917
G0 F7200 X171.344 Y107.181
G1 F1500 X171.811 Y107.909 E811.42765
G1 X172.471 Y108.47 E811.46367
G1 X173.267 Y108.811 E811.49967
G1 X174.129 Y108.903 E811.53571
G1 X174.978 Y108.735 E811.57169
G1 X175.74 Y108.327 E811.60763
G1 X176.342 Y107.717 E811.64326
G1 X176.737 Y106.981 E811.67799
G1 X176.903 Y106.095 E811.71546
G1 X176.801 Y105.23 E811.75168
G1 X176.45 Y104.437 E811.78773
G1 X175.881 Y103.787 E811.82365
G1 X175.145 Y103.329 E811.85969
G1 X174.304 Y103.112 E811.8958
G1 X173.441 Y103.15 E811.93171
G1 X172.626 Y103.44 E811.96767
G1 X171.932 Y103.96 E812.00373
G1 X171.424 Y104.659 E812.03965
G1 X171.142 Y105.478 E812.07567
G1 X171.114 Y106.345 E812.11173
G1 X171.344 Y107.181 E812.14778
G0 F7200 X172.79 Y103.211
G1 F1500 X172.629 Y103.05 E812.15724
G0 F7200 X172.413 Y103.399
G1 F1500 X172.063 Y103.05 E812.17779
G0 F7200 X171.498 Y103.05
G1 F1500 X172.089 Y103.641 E812.21254
G0 F7200 X171.779 Y103.897
G1 F1500 X170.932 Y103.05 E812.26234
G0 F7200 X170.366 Y103.05
G1 F1500 X171.541 Y104.224 E812.3314
G0 F7200 X171.303 Y104.552
G1 F1500 X169.801 Y103.05 E812.41971
G0 F7200 X169.235 Y103.05
G1 F1500 X171.149 Y104.964 E812.53225
G0 F7200 X171.004 Y105.385
G1 F1500 X168.669 Y103.05 E812.66954
G0 F7200 X168.104 Y103.05
G1 F1500 X170.967 Y105.913 E812.83787
G0 F7200 X170.991 Y106.503
G1 F1500 X167.538 Y103.05 E813.04089
G0 F7200 X166.972 Y103.05
G1 F1500 X171.244 Y107.321 E813.29204
G0 F7200 X172.638 Y108.716
G1 F1500 X176.949 Y113.027 E813.54551
G0 F7200 X176.949 Y112.461
G1 F1500 X173.484 Y108.996 E813.74924
G0 F7200 X174.117 Y109.064
G1 F1500 X176.949 Y111.896 E813.91575
G0 F7200 X176.949 Y111.33
G1 F1500 X174.594 Y108.975 E814.05421
G0 F7200 X175.058 Y108.873
G1 F1500 X176.949 Y110.764 E814.1654
G0 F7200 X176.949 Y110.199
G1 F1500 X175.426 Y108.675 E814.25497
G0 F7200 X175.795 Y108.479
G1 F1500 X176.949 Y109.633 E814.32283
G0 F7200 X176.949 Y109.067
G1 F1500 X176.085 Y108.203 E814.37363
G0 F7200 X176.366 Y107.918
G1 F1500 X176.949 Y108.502 E814.40793
G0 F7200 X176.949 Y107.936
G1 F1500 X176.594 Y107.581 E814.42881
G0 F7200 X176.949 Y107.37
G1 F1500 X176.792 Y107.213 E814.43804
G0 F7200 X176.949 Y113.593
G1 F1500 X166.406 Y103.05 E815.05792
G0 F7200 X165.841 Y103.05
G1 F1500 X176.949 Y114.158 E815.71103
G0 F7200 X176.949 Y114.724
G1 F1500 X165.275 Y103.05 E816.39742
G0 F7200 X164.709 Y103.05
G1 F1500 X176.949 Y115.29 E817.11708
G0 F7200 X176.949 Y115.855
G1 F1500 X164.144 Y103.05 E817.86997
G0 F7200 X163.578 Y103.05
G1 F1500 X176.949 Y116.421 E818.65613
G0 F7200 X176.949 Y116.987
G1 F1500 X163.012 Y103.05 E819.47557
G0 F7200 X162.447 Y103.05
G1 F1500 X176.949 Y117.552 E820.32824
G0 F7200 X176.949 Y118.118
G1 F1500 X161.881 Y103.05 E821.21418
G0 F7200 X161.315 Y103.05
G1 F1500 X176.949 Y118.684 E822.1334
G0 F7200 X176.949 Y119.25
G1 F1500 X160.75 Y103.05 E823.08586
G0 F7200 X160.184 Y103.05
G1 F1500 X176.949 Y119.815 E824.07158
G0 F7200 X176.949 Y120.381
G1 F1500 X159.618 Y103.05 E825.09058
G0 F7200 X159.053 Y103.05
G1 F1500 X176.949 Y120.947 E826.14282
G0 F7200 X176.949 Y121.512
G1 F1500 X158.487 Y103.05 E827.22832
G0 F7200 X157.921 Y103.05
G1 F1500 X176.949 Y122.078 E828.34709
G0 F7200 X176.949 Y122.644
G1 F1500 X157.356 Y103.05 E829.49912
G0 F7200 X156.79 Y103.05
G1 F1500 X176.949 Y123.209 E830.68439
G0 F7200 X176.949 Y123.775
G1 F1500 X156.224 Y103.05 E831.90294
G0 F7200 X155.658 Y103.05
G1 F1500 X176.949 Y124.341 E833.15477
G0 F7200 X176.949 Y124.906
G1 F1500 X155.093 Y103.05 E834.43982
G0 F7200 X154.527 Y103.05
G1 F1500 X176.949 Y125.472 E835.75814
G0 F7200 X176.949 Y126.038
G1 F1500 X153.961 Y103.05 E837.10975
G0 F7200 X153.396 Y103.05
G1 F1500 X176.949 Y126.603 E838.49458
G0 F7200 X176.949 Y127.169
G1 F1500 X152.83 Y103.05 E839.91268
G0 F7200 X152.264 Y103.05
G1 F1500 X176.949 Y127.735 E841.36406
G0 F7200 X176.949 Y128.3
G1 F1500 X151.699 Y103.05 E842.84867
G0 F7200 X151.133 Y103.05
G1 F1500 X176.949 Y128.866 E844.36655
G0 F7200 X176.949 Y129.432
G1 F1500 X150.567 Y103.05 E845.91771
G0 F7200 X150.002 Y103.05
G1 F1500 X176.949 Y129.998 E847.50212
G0 F7200 X176.949 Y130.563
G1 F1500 X149.436 Y103.05 E849.11978
G0 F7200 X148.87 Y103.05
G1 F1500 X176.949 Y131.129 E850.77072
G0 F7200 X176.949 Y131.695
G1 F1500 X148.305 Y103.05 E852.4549
G0 F7200 X147.739 Y103.05
G1 F1500 X176.949 Y132.26 E854.17234
G0 F7200 X176.674 Y132.55
G1 F1500 X176.949 Y132.826 E854.18854
G0 F7200 X175.46 Y131.336
G1 F1500 X147.173 Y103.05 E855.85168
G0 F7200 X146.607 Y103.05
G1 F1500 X174.574 Y131.016 E857.496
G0 F7200 X173.958 Y130.966
G1 F1500 X146.042 Y103.05 E859.13735
G0 F7200 X145.476 Y103.05
G1 F1500 X173.417 Y130.99 E860.78015
G0 F7200 X172.998 Y131.137
G1 F1500 X144.91 Y103.05 E862.43158
G0 F7200 X144.345 Y103.05
G1 F1500 X172.581 Y131.286 E864.09175
G0 F7200 X172.25 Y131.521
G1 F1500 X143.779 Y103.05 E865.76574
G0 F7200 X143.213 Y103.05
G1 F1500 X171.927 Y131.763 E867.45398
G0 F7200 X171.66 Y132.062
G1 F1500 X142.648 Y103.05 E869.15978
G0 F7200 X142.082 Y103.05
G1 F1500 X171.421 Y132.389 E870.8848
G0 F7200 X171.222 Y132.755
G1 F1500 X141.516 Y103.05 E872.63137
G0 F7200 X140.951 Y103.05
G1 F1500 X171.076 Y133.175 E874.4026
G0 F7200 X170.976 Y133.641
G1 F1500 X140.385 Y103.05 E876.20123
G0 F7200 X139.819 Y103.05
G1 F1500 X170.958 Y134.189 E878.03209
G0 F7200 X171.099 Y134.895
G1 F1500 X139.254 Y103.05 E879.90445
G0 F7200 X138.688 Y103.05
G1 F1500 X172.587 Y136.949 E881.89758
G0 F7200 X172.022 Y136.949
G1 F1500 X146.54 Y111.467 E883.39583
G0 F7200 X145.539 Y110.467
G1 F1500 X138.122 Y103.05 E883.83192
G0 F7200 X137.557 Y103.05
G1 F1500 X143.843 Y109.336 E884.20151
G0 F7200 X142.868 Y108.926
G1 F1500 X136.991 Y103.05 E884.54703
G0 F7200 X136.425 Y103.05
G1 F1500 X142.058 Y108.683 E884.87823
G0 F7200 X141.346 Y108.536
G1 F1500 X135.859 Y103.05 E885.20081
G0 F7200 X135.294 Y103.05
G1 F1500 X140.697 Y108.453 E885.51849
G0 F7200 X140.112 Y108.434
G1 F1500 X134.728 Y103.05 E885.83505
G0 F7200 X134.162 Y103.05
G1 F1500 X139.556 Y108.443 E886.15216
G0 F7200 X139.029 Y108.482
G1 F1500 X133.597 Y103.05 E886.47154
G0 F7200 X133.031 Y103.05
G1 F1500 X138.54 Y108.559 E886.79545
G0 F7200 X138.063 Y108.647
G1 F1500 X132.465 Y103.05 E887.12456
G0 F7200 X131.9 Y103.05
G1 F1500 X137.62 Y108.77 E887.46088
G0 F7200 X137.185 Y108.9
G1 F1500 X131.334 Y103.05 E887.80486
G0 F7200 X130.768 Y103.05
G1 F1500 X136.779 Y109.061 E888.15829
G0 F7200 X136.382 Y109.229
G1 F1500 X130.203 Y103.05 E888.52159
G0 F7200 X129.637 Y103.05
G1 F1500 X136.007 Y109.42 E888.89612
G0 F7200 X135.639 Y109.617
G1 F1500 X129.071 Y103.05 E889.28227
G0 F7200 X128.506 Y103.05
G1 F1500 X135.294 Y109.839 E889.6814
G0 F7200 X134.954 Y110.064
G1 F1500 X127.94 Y103.05 E890.0938
G0 F7200 X127.374 Y103.05
G1 F1500 X134.64 Y110.315 E890.52098
G0 F7200 X134.326 Y110.567
G1 F1500 X126.808 Y103.05 E890.96298
G0 F7200 X126.243 Y103.05
G1 F1500 X134.039 Y110.846 E891.42136
G0 F7200 X133.753 Y111.126
G1 F1500 X125.677 Y103.05 E891.8962
G0 F7200 X125.111 Y103.05
G1 F1500 X133.491 Y111.43 E892.38891
G0 F7200 X133.233 Y111.737
G1 F1500 X124.546 Y103.05 E892.89967
G0 F7200 X123.98 Y103.05
G1 F1500 X132.995 Y112.065 E893.42972
G0 F7200 X132.767 Y112.402
G1 F1500 X123.414 Y103.05 E893.97961
G0 F7200 X122.849 Y103.05
G1 F1500 X132.556 Y112.757 E894.55034
G0 F7200 X132.357 Y113.124
G1 F1500 X122.283 Y103.05 E895.14266
G0 F7200 X121.717 Y103.05
G1 F1500 X132.176 Y113.509 E895.7576
G0 F7200 X132.008 Y113.906
G1 F1500 X121.152 Y103.05 E896.3959
G0 F7200 X120.586 Y103.05
G1 F1500 X131.86 Y114.324 E897.05876
G0 F7200 X131.726 Y114.756
G1 F1500 X120.02 Y103.05 E897.74703
G0 F7200 X119.455 Y103.05
G1 F1500 X131.62 Y115.215 E898.46229
G0 F7200 X131.525 Y115.686
G1 F1500 X118.889 Y103.05 E899.20524
G0 F7200 X118.323 Y103.05
G1 F1500 X131.47 Y116.197 E899.97823
G0 F7200 X131.433 Y116.725
G1 F1500 X117.758 Y103.05 E900.78227
G0 F7200 X117.192 Y103.05
G1 F1500 X131.433 Y117.291 E901.61958
G0 F7200 X131.48 Y117.904
G1 F1500 X116.626 Y103.05 E902.49294
G0 F7200 X116.06 Y103.05
G1 F1500 X131.576 Y118.565 E903.40519
G0 F7200 X131.743 Y119.298
G1 F1500 X115.495 Y103.05 E904.36051
G0 F7200 X114.929 Y103.05
G1 F1500 X132.033 Y120.154 E905.36616
G0 F7200 X132.556 Y121.242
G1 F1500 X114.363 Y103.05 E906.43581
G0 F7200 X113.798 Y103.05
G1 F1500 X147.697 Y136.949 E908.42894
G0 F7200 X147.131 Y136.949
G1 F1500 X113.232 Y103.05 E910.42207
G0 F7200 X112.666 Y103.05
G1 F1500 X146.566 Y136.949 E912.41524
G0 F7200 X146 Y136.949
G1 F1500 X112.101 Y103.05 E914.40837
G0 F7200 X111.535 Y103.05
G1 F1500 X145.434 Y136.949 E916.4015
G0 F7200 X144.869 Y136.949
G1 F1500 X110.969 Y103.05 E918.39466
G0 F7200 X110.404 Y103.05
G1 F1500 X144.303 Y136.949 E920.38779
G0 F7200 X143.737 Y136.949
G1 F1500 X109.838 Y103.05 E922.38092
G0 F7200 X109.272 Y103.05
G1 F1500 X143.172 Y136.949 E924.37408
G0 F7200 X142.606 Y136.949
G1 F1500 X108.707 Y103.05 E926.36721
G0 F7200 X108.141 Y103.05
G1 F1500 X142.04 Y136.949 E928.36034
G0 F7200 X141.475 Y136.949
G1 F1500 X107.575 Y103.05 E930.3535
G0 F7200 X107.116 Y103.156
G1 F1500 X107.01 Y103.05 E930.35974
G0 F7200 X108.804 Y104.844
G1 F1500 X140.909 Y136.949 E932.24739
G0 F7200 X140.343 Y136.949
G1 F1500 X109.006 Y105.612 E934.08988
G0 F7200 X109.042 Y106.214
G1 F1500 X139.778 Y136.949 E935.89701
G0 F7200 X139.212 Y136.949
G1 F1500 X108.953 Y106.69 E937.67613
G0 F7200 X108.833 Y107.136
G1 F1500 X138.646 Y136.949 E939.42902
G0 F7200 X138.08 Y136.949
G1 F1500 X108.636 Y107.504 E941.16024
G0 F7200 X108.425 Y107.859
G1 F1500 X137.515 Y136.949 E942.87062
G0 F7200 X136.949 Y136.949
G1 F1500 X108.144 Y108.144 E944.56424
G0 F7200 X107.862 Y108.428
G1 F1500 X136.383 Y136.949 E946.24117
G0 F7200 X135.818 Y136.949
G1 F1500 X107.502 Y108.634 E947.90601
G0 F7200 X107.134 Y108.831
G1 F1500 X135.252 Y136.949 E949.55924
G0 F7200 X134.686 Y136.949
G1 F1500 X106.691 Y108.953 E951.20527
G0 F7200 X106.219 Y109.047
G1 F1500 X134.121 Y136.949 E952.8458
G0 F7200 X133.555 Y136.949
G1 F1500 X105.614 Y109.008 E954.48863
G0 F7200 X104.844 Y108.803
G1 F1500 X132.989 Y136.949 E956.14347
G0 F7200 X132.424 Y136.949
G1 F1500 X103.05 Y107.575 E957.87055
G0 F7200 X103.161 Y107.121
G1 F1500 X103.05 Y107.01 E957.87708
G0 F7200 X103.05 Y108.141
G1 F1500 X131.858 Y136.949 E959.57088
G0 F7200 X131.292 Y136.949
G1 F1500 X103.05 Y108.707 E961.2314
G0 F7200 X103.05 Y109.272
G1 F1500 X130.727 Y136.949 E962.8587
G0 F7200 X130.161 Y136.949
G1 F1500 X103.05 Y109.838 E964.45272
G0 F7200 X103.05 Y110.404
G1 F1500 X129.595 Y136.949 E966.01347
G0 F7200 X129.03 Y136.949
G1 F1500 X103.05 Y110.969 E967.54099
G0 F7200 X103.05 Y111.535
G1 F1500 X128.464 Y136.949 E969.03524
G0 F7200 X127.898 Y136.949
G1 F1500 X103.05 Y112.101 E970.49621
G0 F7200 X103.05 Y112.666
G1 F1500 X127.332 Y136.949 E971.92392
G0 F7200 X126.767 Y136.949
G1 F1500 X103.05 Y113.232 E973.31839
G0 F7200 X103.05 Y113.798
G1 F1500 X126.201 Y136.949 E974.67958
G0 F7200 X125.635 Y136.949
G1 F1500 X103.05 Y114.363 E976.00752
G0 F7200 X103.05 Y114.929
G1 F1500 X125.07 Y136.949 E977.30222
G0 F7200 X124.504 Y136.949
G1 F1500 X103.05 Y115.495 E978.56363
G0 F7200 X103.05 Y116.06
G1 F1500 X123.938 Y136.949 E979.79179
G0 F7200 X123.373 Y136.949
G1 F1500 X103.05 Y116.626 E980.98671
G0 F7200 X103.05 Y117.192
G1 F1500 X122.807 Y136.949 E982.14834
G0 F7200 X122.241 Y136.949
G1 F1500 X103.05 Y117.758 E983.2767
G0 F7200 X103.05 Y118.323
G1 F1500 X121.676 Y136.949 E984.37184
G0 F7200 X121.11 Y136.949
G1 F1500 X103.05 Y118.889 E985.4337
G0 F7200 X103.05 Y119.455
G1 F1500 X120.544 Y136.949 E986.46228
G0 F7200 X119.979 Y136.949
G1 F1500 X103.05 Y120.02 E987.45764
G0 F7200 X103.05 Y120.586
G1 F1500 X119.413 Y136.949 E988.41972
G0 F7200 X118.847 Y136.949
G1 F1500 X103.05 Y121.152 E989.34852
G0 F7200 X103.05 Y121.717
G1 F1500 X118.281 Y136.949 E990.24407
G0 F7200 X117.716 Y136.949
G1 F1500 X103.05 Y122.283 E991.10638
G0 F7200 X103.05 Y122.849
G1 F1500 X117.15 Y136.949 E991.93541
G0 F7200 X116.584 Y136.949
G1 F1500 X103.05 Y123.414 E992.73118
G0 F7200 X103.05 Y123.98
G1 F1500 X116.019 Y136.949 E993.49371
G0 F7200 X115.453 Y136.949
G1 F1500 X103.05 Y124.546 E994.22296
G0 F7200 X103.05 Y125.111
G1 F1500 X114.887 Y136.949 E994.91896
G0 F7200 X114.322 Y136.949
G1 F1500 X103.05 Y125.677 E995.58171
G0 F7200 X103.05 Y126.243
G1 F1500 X113.756 Y136.949 E996.21118
G0 F7200 X113.19 Y136.949
G1 F1500 X108.565 Y132.324 E996.48311
G0 F7200 X108.969 Y133.293
G1 F1500 X112.625 Y136.949 E996.69807
G0 F7200 X112.059 Y136.949
G1 F1500 X109.045 Y133.935 E996.87528
G0 F7200 X108.998 Y134.454
G1 F1500 X111.493 Y136.949 E997.02198
G0 F7200 X110.928 Y136.949
G1 F1500 X108.909 Y134.93 E997.14069
G0 F7200 X108.734 Y135.321
G1 F1500 X110.362 Y136.949 E997.23641
G0 F7200 X109.796 Y136.949
G1 F1500 X108.537 Y135.69 E997.31043
G0 F7200 X108.284 Y136.002
G1 F1500 X109.231 Y136.949 E997.36611
G0 F7200 X108.665 Y136.949
G1 F1500 X108.002 Y136.287 E997.40507
G0 F7200 X107.686 Y136.536
G1 F1500 X108.099 Y136.949 E997.42935
G0 F7200 X107.533 Y136.949
G1 F1500 X107.318 Y136.733 E997.44202
G0 F7200 X108.02 Y134.728
G0 X107.769 Y131.528
G1 F1500 X103.05 Y126.808 E997.71951
G0 F7200 X103.05 Y127.374
G1 F1500 X106.732 Y131.056 E997.936
G0 F7200 X106.07 Y130.961
G1 F1500 X103.05 Y127.94 E998.11359
G0 F7200 X103.05 Y128.506
G1 F1500 X105.53 Y130.985 E998.25937
G0 F7200 X105.085 Y131.106
G1 F1500 X103.05 Y129.071 E998.37902
G0 F7200 X103.05 Y129.637
G1 F1500 X104.668 Y131.255 E998.47416
G0 F7200 X104.317 Y131.47
G1 F1500 X103.05 Y130.203 E998.54865
G0 F7200 X103.05 Y130.768
G1 F1500 X103.994 Y131.712 E998.60415
G0 F7200 X103.709 Y131.993
G1 F1500 X103.05 Y131.334 E998.6429
G0 F7200 X103.05 Y131.9
G1 F1500 X103.471 Y132.321 E998.66765
G0 F7200 X103.252 Y132.668
G1 F1500 X103.05 Y132.465 E998.67956
G0 F7200 X135.772 Y124.458
G1 F1500 X148.263 Y136.949 E999.41398
G0 F7200 X148.829 Y136.949
G1 F1500 X136.848 Y124.969 E1000.11839
G0 F7200 X137.71 Y125.265
G1 F1500 X149.394 Y136.949 E1000.80537
G0 F7200 X149.96 Y136.949
G1 F1500 X138.44 Y125.429 E1001.4827
G0 F7200 X139.096 Y125.519
G1 F1500 X150.526 Y136.949 E1002.15474
G0 F7200 X151.091 Y136.949
G1 F1500 X139.703 Y125.561 E1002.82431
G0 F7200 X140.276 Y125.568
G1 F1500 X151.657 Y136.949 E1003.49347
G0 F7200 X152.223 Y136.949
G1 F1500 X140.803 Y125.529 E1004.16492
G0 F7200 X141.308 Y125.469
G1 F1500 X152.788 Y136.949 E1004.8399
G0 F7200 X153.354 Y136.949
G1 F1500 X141.792 Y125.387 E1005.5197
G0 F7200 X142.242 Y125.271
G1 F1500 X153.92 Y136.949 E1006.20632
G0 F7200 X154.485 Y136.949
G1 F1500 X142.677 Y125.14 E1006.90062
G0 F7200 X143.095 Y124.993
G1 F1500 X155.051 Y136.949 E1007.60358
G0 F7200 X155.617 Y136.949
G1 F1500 X143.488 Y124.821 E1008.31669
G0 F7200 X143.877 Y124.643
G1 F1500 X156.182 Y136.949 E1009.04021
G0 F7200 X156.748 Y136.949
G1 F1500 X144.239 Y124.44 E1009.77569
G0 F7200 X144.598 Y124.233
G1 F1500 X157.314 Y136.949 E1010.52334
G0 F7200 X157.879 Y136.949
G1 F1500 X144.935 Y124.005 E1011.2844
G0 F7200 X145.26 Y123.764
G1 F1500 X158.445 Y136.949 E1012.05963
G0 F7200 X159.011 Y136.949
G1 F1500 X145.574 Y123.512 E1012.84967
G0 F7200 X145.869 Y123.241
G1 F1500 X159.577 Y136.949 E1013.65565
G0 F7200 X160.142 Y136.949
G1 F1500 X146.155 Y122.962 E1014.47803
G0 F7200 X146.425 Y122.666
G1 F1500 X160.708 Y136.949 E1015.31782
G0 F7200 X161.274 Y136.949
G1 F1500 X146.684 Y122.359 E1016.17565
G0 F7200 X146.93 Y122.04
G1 F1500 X161.839 Y136.949 E1017.05225
G0 F7200 X162.405 Y136.949
G1 F1500 X147.159 Y121.703 E1017.94865
G0 F7200 X147.379 Y121.357
G1 F1500 X162.971 Y136.949 E1018.8654
G0 F7200 X163.536 Y136.949
G1 F1500 X147.578 Y120.991 E1019.80367
G0 F7200 X147.769 Y120.616
G1 F1500 X164.102 Y136.949 E1020.76399
G0 F7200 X164.668 Y136.949
G1 F1500 X147.937 Y120.218 E1021.74771
G0 F7200 X148.096 Y119.812
G1 F1500 X165.233 Y136.949 E1022.7553
G0 F7200 X165.799 Y136.949
G1 F1500 X148.23 Y119.38 E1023.78829
G0 F7200 X148.346 Y118.931
G1 F1500 X166.365 Y136.949 E1024.84771
G0 F7200 X166.93 Y136.949
G1 F1500 X148.443 Y118.462 E1025.93467
G0 F7200 X148.517 Y117.97
G1 F1500 X167.496 Y136.949 E1027.05056
G0 F7200 X168.062 Y136.949
G1 F1500 X148.557 Y117.444 E1028.19738
G0 F7200 X148.565 Y116.887
G1 F1500 X168.627 Y136.949 E1029.37695
G0 F7200 X169.193 Y136.949
G1 F1500 X148.537 Y116.293 E1030.59145
G0 F7200 X148.467 Y115.657
G1 F1500 X169.759 Y136.949 E1031.84333
G0 F7200 X170.325 Y136.949
G1 F1500 X148.324 Y114.948 E1033.13691
G0 F7200 X148.08 Y114.139
G1 F1500 X170.89 Y136.949 E1034.47805
G0 F7200 X171.456 Y136.949
G1 F1500 X147.653 Y113.146 E1035.87757
G1 F2400 E1032.87757
;MESH:NONMESH
G0 F600 X147.653 Y113.146 Z1.15
G0 F7200 X173.381 Y108.433
;TIME_ELAPSED:868.161571
;LAYER:3
;TYPE:WALL-INNER
;MESH:Case3D_Sensor-Tampa.stl
G1 F2400 E1035.87757
G1 F3000 X174.125 Y108.508 E1035.90866
G1 X174.861 Y108.359 E1035.93988
G1 X175.516 Y108 E1035.97094
G1 X176.04 Y107.465 E1036.00207
G1 X176.378 Y106.801 E1036.03305
G1 X176.509 Y106.062 E1036.06425
G1 X176.416 Y105.319 E1036.09538
G1 X176.109 Y104.637 E1036.12648
G1 X175.614 Y104.076 E1036.15758
G1 X174.974 Y103.686 E1036.18874
G1 X174.249 Y103.503 E1036.21983
G1 X173.502 Y103.538 E1036.25092
G1 X172.797 Y103.795 E1036.28212
G1 X172.201 Y104.248 E1036.31324
G1 X171.766 Y104.857 E1036.34435
G1 X171.529 Y105.563 E1036.37532
G1 X171.507 Y106.312 E1036.40647
G1 X171.714 Y107.035 E1036.43774
G1 X172.118 Y107.662 E1036.46875
G1 X172.692 Y108.143 E1036.49988
G1 X173.381 Y108.433 E1036.53096
G0 F7200 X173.481 Y108.041
G1 F3000 X174.105 Y108.104 E1036.55704
G1 X174.722 Y107.979 E1036.58321
G1 X175.272 Y107.678 E1036.60928
G1 X175.711 Y107.229 E1036.63538
G1 X175.995 Y106.672 E1036.66138
G1 X176.105 Y106.052 E1036.68756
G1 X176.027 Y105.428 E1036.7137
G1 X175.769 Y104.856 E1036.73979
G1 X175.354 Y104.386 E1036.76586
G1 X174.817 Y104.059 E1036.792
G1 X174.209 Y103.905 E1036.81807
G1 X173.582 Y103.935 E1036.84417
G1 X172.991 Y104.15 E1036.87032
G1 X172.491 Y104.53 E1036.89643
G1 X172.126 Y105.041 E1036.92253
G1 X171.927 Y105.634 E1036.94854
G1 X171.909 Y106.262 E1036.97466
G1 X172.082 Y106.868 E1037.00086
G1 X172.421 Y107.394 E1037.02688
G1 X172.903 Y107.798 E1037.05302
G1 X173.481 Y108.041 E1037.07909
G0 F7200 X173.581 Y107.649
;TYPE:WALL-OUTER
G1 F1500 X174.085 Y107.7 E1037.10015
G1 X174.583 Y107.599 E1037.12128
G1 X175.028 Y107.356 E1037.14236
G1 X175.382 Y106.993 E1037.16344
G1 X175.612 Y106.543 E1037.18445
G1 X175.701 Y106.042 E1037.2056
G1 X175.638 Y105.538 E1037.22672
G1 X175.429 Y105.076 E1037.2478
G1 X175.094 Y104.696 E1037.26886
G1 X174.66 Y104.432 E1037.28998
G1 X174.169 Y104.307 E1037.31105
G1 X173.662 Y104.332 E1037.33215
G1 X173.185 Y104.505 E1037.35325
G1 X172.781 Y104.812 E1037.37434
G1 X172.486 Y105.225 E1037.39544
G1 X172.325 Y105.705 E1037.41649
G1 X172.311 Y106.212 E1037.43758
G1 X172.45 Y106.701 E1037.45872
G1 X172.724 Y107.126 E1037.47974
G1 X173.114 Y107.453 E1037.5009
G1 X173.581 Y107.649 E1037.52195
G0 F7200 X173.473 Y108.075
G0 X173.457 Y108.137
G0 X171.87 Y134.266
G0 X172.325 Y135.317
G0 X173.381 Y136.433
;TYPE:WALL-INNER
G1 F3000 X174.125 Y136.508 E1037.55304
G1 X174.861 Y136.359 E1037.58426
G1 X175.516 Y136 E1037.61532
G1 X176.04 Y135.465 E1037.64645
G1 X176.378 Y134.801 E1037.67743
G1 X176.509 Y134.062 E1037.70863
G1 X176.416 Y133.319 E1037.73976
G1 X176.109 Y132.637 E1037.77086
G1 X175.614 Y132.076 E1037.80196
G1 X174.974 Y131.686 E1037.83312
G1 X174.249 Y131.503 E1037.86421
G1 X173.502 Y131.538 E1037.8953
G1 X172.797 Y131.795 E1037.9265
G1 X172.201 Y132.248 E1037.95762
G1 X171.766 Y132.857 E1037.98874
G1 X171.529 Y133.563 E1038.0197
G1 X171.507 Y134.312 E1038.05085
G1 X171.714 Y135.035 E1038.08212
G1 X172.118 Y135.662 E1038.11313
G1 X172.692 Y136.143 E1038.14426
G1 X173.381 Y136.433 E1038.17534
G0 F7200 X173.481 Y136.041
G1 F3000 X174.105 Y136.104 E1038.20142
G1 X174.722 Y135.979 E1038.22759
G1 X175.272 Y135.678 E1038.25366
G1 X175.711 Y135.229 E1038.27976
G1 X175.995 Y134.672 E1038.30576
G1 X176.105 Y134.052 E1038.33194
G1 X176.027 Y133.428 E1038.35808
G1 X175.769 Y132.856 E1038.38417
G1 X175.354 Y132.386 E1038.41024
G1 X174.817 Y132.059 E1038.43638
G1 X174.209 Y131.905 E1038.46245
G1 X173.582 Y131.935 E1038.48855
G1 X172.991 Y132.15 E1038.5147
G1 X172.491 Y132.53 E1038.54081
G1 X172.126 Y133.041 E1038.56691
G1 X171.927 Y133.634 E1038.59292
G1 X171.909 Y134.262 E1038.61904
G1 X172.082 Y134.868 E1038.64524
G1 X172.421 Y135.394 E1038.67126
G1 X172.903 Y135.798 E1038.6974
G1 X173.481 Y136.041 E1038.72347
G0 F7200 X173.581 Y135.649
;TYPE:WALL-OUTER
G1 F1500 X174.085 Y135.7 E1038.74453
G1 X174.583 Y135.599 E1038.76566
G1 X175.028 Y135.356 E1038.78674
G1 X175.382 Y134.993 E1038.80782
G1 X175.612 Y134.543 E1038.82883
G1 X175.701 Y134.042 E1038.84998
G1 X175.638 Y133.538 E1038.8711
G1 X175.429 Y133.076 E1038.89218
G1 X175.094 Y132.696 E1038.91324
G1 X174.66 Y132.432 E1038.93436
G1 X174.169 Y132.307 E1038.95543
G1 X173.662 Y132.332 E1038.97653
G1 X173.185 Y132.505 E1038.99763
G1 X172.781 Y132.812 E1039.01872
G1 X172.486 Y133.225 E1039.03983
G1 X172.325 Y133.705 E1039.06087
G1 X172.311 Y134.212 E1039.08196
G1 X172.45 Y134.701 E1039.1031
G1 X172.724 Y135.126 E1039.12412
G1 X173.114 Y135.453 E1039.14528
G1 X173.581 Y135.649 E1039.16634
G0 F7200 X173.473 Y136.075
G0 X173.457 Y136.137
G0 X140.2 Y125.023
;TYPE:WALL-INNER
G1 F3000 X140.995 Y124.963 E1039.19948
G1 X141.653 Y124.853 E1039.22722
G1 X142.304 Y124.687 E1039.25515
G1 X142.932 Y124.471 E1039.28276
G1 X143.543 Y124.199 E1039.31057
G1 X144.233 Y123.816 E1039.34338
G1 X144.791 Y123.437 E1039.37142
G1 X145.313 Y123.017 E1039.39927
G1 X145.884 Y122.459 E1039.43247
G1 X146.398 Y121.847 E1039.46569
G1 X146.849 Y121.185 E1039.499
G1 X147.231 Y120.483 E1039.53222
G1 X147.541 Y119.748 E1039.56539
G1 X147.74 Y119.111 E1039.59313
G1 X147.892 Y118.459 E1039.62097
G1 X147.985 Y117.802 E1039.64856
G1 X148.019 Y117.26 E1039.67113
G1 X148.016 Y116.598 E1039.69866
G1 X147.937 Y115.803 E1039.73187
G1 X147.778 Y115.019 E1039.76513
G1 X147.541 Y114.254 E1039.79843
G1 X147.231 Y113.517 E1039.83167
G1 X146.849 Y112.815 E1039.86489
G1 X146.398 Y112.153 E1039.8982
G1 X145.885 Y111.542 E1039.93137
G1 X145.407 Y111.072 E1039.95924
G1 X144.798 Y110.569 E1039.99208
G1 X144.239 Y110.188 E1040.0202
G1 X143.66 Y109.857 E1040.04793
G1 X142.933 Y109.529 E1040.08109
G1 X142.174 Y109.273 E1040.11439
G1 X141.413 Y109.102 E1040.14682
G1 X141.394 Y109.097 E1040.14763
G1 X140.6 Y108.997 E1040.18091
G1 X139.8 Y108.977 E1040.21418
G1 X139.001 Y109.037 E1040.24749
G1 X138.214 Y109.176 E1040.28071
G1 X137.444 Y109.391 E1040.31395
G1 X136.699 Y109.684 E1040.34723
G1 X135.987 Y110.049 E1040.3805
G1 X135.314 Y110.483 E1040.41379
G1 X134.689 Y110.983 E1040.44707
G1 X134.117 Y111.54 E1040.48026
G1 X133.602 Y112.153 E1040.51355
G1 X133.151 Y112.815 E1040.54685
G1 X132.769 Y113.517 E1040.58008
G1 X132.459 Y114.254 E1040.61332
G1 X132.222 Y115.019 E1040.64662
G1 X132.063 Y115.803 E1040.67987
G1 X131.984 Y116.6 E1040.71317
G1 X131.984 Y117.4 E1040.74643
G1 X132.063 Y118.197 E1040.77973
G1 X132.222 Y118.981 E1040.81299
G1 X132.459 Y119.746 E1040.84628
G1 X132.769 Y120.483 E1040.87953
G1 X133.151 Y121.185 E1040.91275
G1 X133.602 Y121.847 E1040.94606
G1 X134.117 Y122.46 E1040.97934
G1 X134.689 Y123.017 E1041.01254
G1 X135.314 Y123.517 E1041.04581
G1 X135.985 Y123.951 E1041.07904
G1 X136.577 Y124.255 E1041.1067
G1 X137.194 Y124.517 E1041.13457
G1 X137.828 Y124.727 E1041.16234
G1 X138.606 Y124.903 E1041.1955
G1 X139.4 Y125.003 E1041.22877
G1 X140.2 Y125.023 E1041.26204
G0 F7200 X140.19 Y124.623
G1 F3000 X140.947 Y124.566 E1041.29361
G1 X141.57 Y124.461 E1041.31987
G1 X142.189 Y124.303 E1041.34643
G1 X142.786 Y124.098 E1041.37267
G1 X143.364 Y123.841 E1041.39897
G1 X144.023 Y123.475 E1041.43031
G1 X144.553 Y123.115 E1041.45695
G1 X145.047 Y122.717 E1041.48333
G1 X145.59 Y122.187 E1041.51487
G1 X146.079 Y121.605 E1041.54648
G1 X146.507 Y120.976 E1041.57811
G1 X146.87 Y120.309 E1041.60968
G1 X147.165 Y119.61 E1041.64122
G1 X147.354 Y119.006 E1041.66753
G1 X147.498 Y118.385 E1041.69404
G1 X147.587 Y117.761 E1041.72024
G1 X147.619 Y117.248 E1041.74161
G1 X147.616 Y116.619 E1041.76776
G1 X147.541 Y115.863 E1041.79935
G1 X147.39 Y115.118 E1041.83095
G1 X147.165 Y114.391 E1041.86259
G1 X146.87 Y113.691 E1041.89417
G1 X146.507 Y113.024 E1041.92574
G1 X146.079 Y112.395 E1041.95737
G1 X145.591 Y111.814 E1041.98892
G1 X145.139 Y111.369 E1042.01529
G1 X144.557 Y110.889 E1042.04665
G1 X144.027 Y110.527 E1042.07334
G1 X143.478 Y110.214 E1042.09961
G1 X142.786 Y109.902 E1042.13117
G1 X142.066 Y109.659 E1042.16276
G1 X141.325 Y109.491 E1042.19435
G1 X140.57 Y109.396 E1042.22599
G1 X139.81 Y109.377 E1042.2576
G1 X139.051 Y109.434 E1042.28924
G1 X138.303 Y109.566 E1042.32082
G1 X137.571 Y109.771 E1042.35242
G1 X136.864 Y110.049 E1042.38401
G1 X136.187 Y110.396 E1042.41564
G1 X135.548 Y110.808 E1042.44725
G1 X134.954 Y111.283 E1042.47887
G1 X134.41 Y111.813 E1042.51044
G1 X133.921 Y112.395 E1042.54205
G1 X133.493 Y113.024 E1042.57368
G1 X133.13 Y113.691 E1042.60525
G1 X132.835 Y114.391 E1042.63683
G1 X132.61 Y115.118 E1042.66847
G1 X132.459 Y115.863 E1042.70007
G1 X132.384 Y116.62 E1042.7317
G1 X132.384 Y117.38 E1042.7633
G1 X132.459 Y118.137 E1042.79492
G1 X132.61 Y118.882 E1042.82653
G1 X132.835 Y119.609 E1042.85817
G1 X133.13 Y120.309 E1042.88975
G1 X133.493 Y120.976 E1042.92132
G1 X133.921 Y121.605 E1042.95295
G1 X134.41 Y122.187 E1042.98455
G1 X134.954 Y122.717 E1043.01613
G1 X135.548 Y123.192 E1043.04775
G1 X136.186 Y123.604 E1043.07933
G1 X136.747 Y123.893 E1043.10556
G1 X137.335 Y124.142 E1043.13211
G1 X137.935 Y124.341 E1043.15839
G1 X138.675 Y124.509 E1043.18994
G1 X139.43 Y124.604 E1043.22158
G1 X140.19 Y124.623 E1043.25318
G0 F7200 X140.18 Y124.223
;TYPE:WALL-OUTER
G1 F1500 X140.898 Y124.169 E1043.28312
G1 X141.487 Y124.069 E1043.30796
G1 X142.074 Y123.919 E1043.33315
G1 X142.64 Y123.725 E1043.35802
G1 X143.185 Y123.483 E1043.38281
G1 X143.813 Y123.134 E1043.41268
G1 X144.315 Y122.793 E1043.43791
G1 X144.781 Y122.417 E1043.46281
G1 X145.297 Y121.914 E1043.49277
G1 X145.76 Y121.363 E1043.52269
G1 X146.165 Y120.767 E1043.55265
G1 X146.509 Y120.135 E1043.58256
G1 X146.789 Y119.472 E1043.61248
G1 X146.968 Y118.901 E1043.63736
G1 X147.104 Y118.311 E1043.66254
G1 X147.189 Y117.72 E1043.68736
G1 X147.219 Y117.237 E1043.70748
G1 X147.216 Y116.64 E1043.7323
G1 X147.145 Y115.923 E1043.76225
G1 X147.002 Y115.217 E1043.7922
G1 X146.789 Y114.528 E1043.82219
G1 X146.509 Y113.865 E1043.85211
G1 X146.165 Y113.233 E1043.88202
G1 X145.76 Y112.637 E1043.91198
G1 X145.297 Y112.086 E1043.9419
G1 X144.871 Y111.666 E1043.96677
G1 X144.317 Y111.209 E1043.99663
G1 X143.815 Y110.867 E1044.02189
G1 X143.296 Y110.571 E1044.04673
G1 X142.64 Y110.275 E1044.07665
G1 X141.957 Y110.045 E1044.10661
G1 X141.255 Y109.885 E1044.13654
G1 X140.54 Y109.795 E1044.16651
G1 X139.82 Y109.777 E1044.19645
G1 X139.101 Y109.831 E1044.22643
G1 X138.392 Y109.956 E1044.25636
G1 X137.699 Y110.151 E1044.28629
G1 X137.029 Y110.414 E1044.31621
G1 X136.387 Y110.743 E1044.3462
G1 X135.782 Y111.133 E1044.37613
G1 X135.219 Y111.583 E1044.4061
G1 X134.703 Y112.086 E1044.43605
G1 X134.24 Y112.637 E1044.46598
G1 X133.835 Y113.233 E1044.49593
G1 X133.491 Y113.865 E1044.52585
G1 X133.211 Y114.528 E1044.55577
G1 X132.998 Y115.217 E1044.58575
G1 X132.855 Y115.923 E1044.6157
G1 X132.784 Y116.64 E1044.64566
G1 X132.784 Y117.36 E1044.67559
G1 X132.855 Y118.077 E1044.70555
G1 X132.998 Y118.783 E1044.7355
G1 X133.211 Y119.472 E1044.76548
G1 X133.491 Y120.135 E1044.7954
G1 X133.835 Y120.767 E1044.82532
G1 X134.24 Y121.363 E1044.85527
G1 X134.703 Y121.914 E1044.8852
G1 X135.219 Y122.417 E1044.91515
G1 X135.782 Y122.867 E1044.94512
G1 X136.387 Y123.257 E1044.97505
G1 X136.917 Y123.531 E1044.99985
G1 X137.476 Y123.767 E1045.02508
G1 X138.043 Y123.955 E1045.04991
G1 X138.745 Y124.115 E1045.07985
G1 X139.46 Y124.205 E1045.10981
G1 X140.18 Y124.223 E1045.13975
G0 F7200 X140.191 Y124.662
G0 X140.192 Y124.722
G0 X138.669 Y124.548
G0 X137.321 Y124.179
G0 X106.861 Y108.359
;TYPE:WALL-INNER
G1 F3000 X107.516 Y108 E1045.17081
G1 X108.04 Y107.465 E1045.20194
G1 X108.378 Y106.801 E1045.23292
G1 X108.509 Y106.062 E1045.26412
G1 X108.416 Y105.319 E1045.29525
G1 X108.109 Y104.637 E1045.32635
G1 X107.614 Y104.076 E1045.35745
G1 X106.974 Y103.686 E1045.38861
G1 X106.249 Y103.503 E1045.4197
G1 X105.502 Y103.538 E1045.45079
G1 X104.797 Y103.795 E1045.48198
G1 X104.201 Y104.248 E1045.51311
G1 X103.766 Y104.857 E1045.54422
G1 X103.529 Y105.563 E1045.57519
G1 X103.507 Y106.312 E1045.60634
G1 X103.714 Y107.035 E1045.63761
G1 X104.118 Y107.662 E1045.66862
G1 X104.692 Y108.143 E1045.69975
G1 X105.381 Y108.433 E1045.73083
G1 X106.125 Y108.508 E1045.76192
G1 X106.861 Y108.359 E1045.79314
G0 F7200 X106.722 Y107.979
G1 F3000 X107.272 Y107.678 E1045.81921
G1 X107.711 Y107.229 E1045.84531
G1 X107.995 Y106.672 E1045.87131
G1 X108.105 Y106.052 E1045.89749
G1 X108.027 Y105.428 E1045.92363
G1 X107.769 Y104.856 E1045.94972
G1 X107.354 Y104.386 E1045.97579
G1 X106.817 Y104.059 E1046.00193
G1 X106.209 Y103.905 E1046.028
G1 X105.582 Y103.935 E1046.0541
G1 X104.991 Y104.15 E1046.08025
G1 X104.491 Y104.53 E1046.10635
G1 X104.126 Y105.041 E1046.13246
G1 X103.927 Y105.634 E1046.15847
G1 X103.909 Y106.262 E1046.18459
G1 X104.082 Y106.868 E1046.21079
G1 X104.421 Y107.394 E1046.23681
G1 X104.903 Y107.798 E1046.26295
G1 X105.481 Y108.041 E1046.28902
G1 X106.105 Y108.104 E1046.3151
G1 X106.722 Y107.979 E1046.34127
G0 F7200 X106.583 Y107.599
;TYPE:WALL-OUTER
G1 F1500 X107.028 Y107.356 E1046.36235
G1 X107.382 Y106.993 E1046.38343
G1 X107.612 Y106.543 E1046.40444
G1 X107.701 Y106.042 E1046.42559
G1 X107.638 Y105.538 E1046.44671
G1 X107.429 Y105.076 E1046.46779
G1 X107.094 Y104.696 E1046.48885
G1 X106.66 Y104.432 E1046.50997
G1 X106.169 Y104.307 E1046.53104
G1 X105.662 Y104.332 E1046.55214
G1 X105.185 Y104.505 E1046.57324
G1 X104.781 Y104.812 E1046.59433
G1 X104.486 Y105.225 E1046.61544
G1 X104.325 Y105.705 E1046.63648
G1 X104.311 Y106.212 E1046.65757
G1 X104.45 Y106.701 E1046.67871
G1 X104.724 Y107.126 E1046.69973
G1 X105.114 Y107.453 E1046.72089
G1 X105.581 Y107.649 E1046.74195
G1 X106.085 Y107.7 E1046.76301
G1 X106.583 Y107.599 E1046.78413
G0 F7200 X106.733 Y108.012
G0 X106.756 Y108.072
G0 X108.144 Y134.053
G0 X107.798 Y135.143
G0 X106.861 Y136.359
;TYPE:WALL-INNER
G1 F3000 X107.516 Y136 E1046.81519
G1 X108.04 Y135.465 E1046.84632
G1 X108.378 Y134.801 E1046.8773
G1 X108.509 Y134.062 E1046.9085
G1 X108.416 Y133.319 E1046.93963
G1 X108.109 Y132.637 E1046.97073
G1 X107.614 Y132.076 E1047.00183
G1 X106.974 Y131.686 E1047.03299
G1 X106.249 Y131.503 E1047.06408
G1 X105.502 Y131.538 E1047.09517
G1 X104.797 Y131.795 E1047.12637
G1 X104.201 Y132.248 E1047.15749
G1 X103.766 Y132.857 E1047.1886
G1 X103.529 Y133.563 E1047.21957
G1 X103.507 Y134.312 E1047.25072
G1 X103.714 Y135.035 E1047.28199
G1 X104.118 Y135.662 E1047.313
G1 X104.692 Y136.143 E1047.34413
G1 X105.381 Y136.433 E1047.37521
G1 X106.125 Y136.508 E1047.4063
G1 X106.861 Y136.359 E1047.43752
G0 F7200 X106.722 Y135.979
G1 F3000 X107.272 Y135.678 E1047.46359
G1 X107.711 Y135.229 E1047.48969
G1 X107.995 Y134.672 E1047.51569
G1 X108.105 Y134.052 E1047.54187
G1 X108.027 Y133.428 E1047.56801
G1 X107.769 Y132.856 E1047.5941
G1 X107.354 Y132.386 E1047.62017
G1 X106.817 Y132.059 E1047.64631
G1 X106.209 Y131.905 E1047.67238
G1 X105.582 Y131.935 E1047.69848
G1 X104.991 Y132.15 E1047.72463
G1 X104.491 Y132.53 E1047.75074
G1 X104.126 Y133.041 E1047.77684
G1 X103.927 Y133.634 E1047.80285
G1 X103.909 Y134.262 E1047.82897
G1 X104.082 Y134.868 E1047.85517
G1 X104.421 Y135.394 E1047.88119
G1 X104.903 Y135.798 E1047.90733
G1 X105.481 Y136.041 E1047.9334
G1 X106.105 Y136.104 E1047.95948
G1 X106.722 Y135.979 E1047.98565
G0 F7200 X106.583 Y135.599
;TYPE:WALL-OUTER
G1 F1500 X107.028 Y135.356 E1048.00673
G1 X107.382 Y134.993 E1048.02781
G1 X107.612 Y134.543 E1048.04882
G1 X107.701 Y134.042 E1048.06998
G1 X107.638 Y133.538 E1048.09109
G1 X107.429 Y133.076 E1048.11217
G1 X107.094 Y132.696 E1048.13324
G1 X106.66 Y132.432 E1048.15435
G1 X106.169 Y132.307 E1048.17542
G1 X105.662 Y132.332 E1048.19652
G1 X105.185 Y132.505 E1048.21762
G1 X104.781 Y132.812 E1048.23871
G1 X104.486 Y133.225 E1048.25982
G1 X104.325 Y133.705 E1048.28086
G1 X104.311 Y134.212 E1048.30195
G1 X104.45 Y134.701 E1048.32309
G1 X104.724 Y135.126 E1048.34411
G1 X105.114 Y135.453 E1048.36527
G1 X105.581 Y135.649 E1048.38633
G1 X106.085 Y135.7 E1048.40739
G1 X106.583 Y135.599 E1048.42851
G0 F7200 X106.733 Y136.012
G0 X106.756 Y136.072
G0 X106.036 Y137.5
;TYPE:WALL-INNER
G1 F3000 X105.546 Y137.468 E1048.44893
G1 X105.151 Y137.392 E1048.46565
G1 X104.717 Y137.253 E1048.4846
G1 X104.015 Y136.88 E1048.51765
G1 X103.403 Y136.342 E1048.55153
G1 X103.125 Y135.992 E1048.57011
G1 X102.913 Y135.646 E1048.58698
G1 X102.609 Y134.855 E1048.62221
G1 X102.525 Y134.389 E1048.6419
G1 X102.5 Y133.975 E1048.65914
G1 X102.5 Y106.032 E1049.82087
G1 X102.532 Y105.545 E1049.84117
G1 X102.607 Y105.153 E1049.85776
G1 X102.911 Y104.359 E1049.89311
G1 X103.409 Y103.649 E1049.92916
G1 X103.737 Y103.331 E1049.94816
G1 X104.049 Y103.095 E1049.96442
G1 X104.819 Y102.709 E1050.00023
G1 X105.253 Y102.585 E1050.019
G1 X106.053 Y102.5 E1050.05244
G1 X173.964 Y102.5 E1052.87585
G1 X174.454 Y102.532 E1052.89627
G1 X174.847 Y102.607 E1052.9129
G1 X175.641 Y102.911 E1052.94825
G1 X176.351 Y103.409 E1052.98431
G1 X176.669 Y103.737 E1053.0033
G1 X176.905 Y104.049 E1053.01956
G1 X177.291 Y104.819 E1053.05537
G1 X177.415 Y105.252 E1053.0741
G1 X177.5 Y106.026 E1053.10647
G1 X177.5 Y133.963 E1054.26796
G1 X177.468 Y134.455 E1054.28846
G1 X177.395 Y134.838 E1054.30467
G1 X177.105 Y135.608 E1054.33887
G1 X176.682 Y136.246 E1054.3707
G1 X176.074 Y136.815 E1054.40532
G1 X175.34 Y137.231 E1054.4404
G1 X174.523 Y137.459 E1054.47566
G1 X174.023 Y137.498 E1054.49651
G1 X173.971 Y137.5 E1054.49868
G1 X106.036 Y137.5 E1057.32308
G0 F7200 X106.025 Y137.9
G1 F3000 X105.493 Y137.865 E1057.34525
G1 X105.052 Y137.781 E1057.36391
G1 X104.575 Y137.628 E1057.38474
G1 X104.156 Y137.435 E1057.40392
G1 X103.778 Y137.204 E1057.42234
G1 X103.14 Y136.642 E1057.45769
G1 X103.111 Y136.617 E1057.45928
G1 X102.797 Y136.222 E1057.48026
G1 X102.559 Y135.834 E1057.49918
G1 X102.356 Y135.38 E1057.51986
G1 X102.229 Y134.976 E1057.53746
G1 X102.219 Y134.947 E1057.53874
G1 X102.128 Y134.442 E1057.56007
G1 X102.127 Y134.414 E1057.56124
G1 X102.1 Y133.988 E1057.57898
G1 X102.1 Y106.02 E1058.74176
G1 X102.135 Y105.493 E1058.76372
G1 X102.219 Y105.052 E1058.78238
G1 X102.375 Y104.568 E1058.80352
G1 X102.559 Y104.166 E1058.8219
G1 X102.835 Y103.727 E1058.84346
G1 X103.11 Y103.382 E1058.86181
G1 X103.459 Y103.045 E1058.88198
G1 X103.478 Y103.026 E1058.88309
G1 X103.827 Y102.762 E1058.90129
G1 X104.275 Y102.506 E1058.92274
G1 X104.687 Y102.33 E1058.94136
G1 X105.175 Y102.191 E1058.96246
G1 X106.03 Y102.1 E1058.99821
G1 X173.975 Y102.1 E1061.82303
G1 X174.507 Y102.135 E1061.8452
G1 X174.948 Y102.219 E1061.86386
G1 X175.432 Y102.375 E1061.885
G1 X175.834 Y102.559 E1061.90339
G1 X176.273 Y102.835 E1061.92494
G1 X176.618 Y103.11 E1061.94329
G1 X176.955 Y103.459 E1061.96346
G1 X176.974 Y103.478 E1061.96457
G1 X177.238 Y103.827 E1061.98277
G1 X177.494 Y104.275 E1062.00422
G1 X177.67 Y104.687 E1062.02285
G1 X177.809 Y105.175 E1062.04394
G1 X177.9 Y106 E1062.07845
G1 X177.9 Y133.975 E1063.24151
G1 X177.865 Y134.508 E1063.26372
G1 X177.782 Y134.944 E1063.28217
G1 X177.467 Y135.781 E1063.31936
G1 X177.24 Y136.17 E1063.33808
G1 X176.978 Y136.517 E1063.35616
G1 X176.322 Y137.132 E1063.39354
G1 X175.895 Y137.406 E1063.41463
G1 X175.496 Y137.6 E1063.43308
G1 X175.002 Y137.766 E1063.45475
G1 X174.606 Y137.849 E1063.47157
G1 X174.576 Y137.856 E1063.47285
G1 X174.047 Y137.898 E1063.49491
G1 X173.984 Y137.9 E1063.49753
G1 X106.025 Y137.9 E1066.32294
G0 F7200 X106.013 Y138.3
;TYPE:WALL-OUTER
G1 F1500 X105.442 Y138.262 E1066.34673
G1 X104.95 Y138.169 E1066.36755
G1 X104.429 Y138.001 E1066.39031
G1 X103.971 Y137.791 E1066.41125
G1 X103.547 Y137.531 E1066.43193
G1 X103.173 Y137.238 E1066.45169
G1 X102.815 Y136.887 E1066.47253
G1 X102.469 Y136.452 E1066.49564
G1 X102.204 Y136.02 E1066.51671
G1 X101.98 Y135.52 E1066.53949
G1 X101.83 Y135.044 E1066.56024
G1 X101.731 Y134.495 E1066.58343
G1 X101.7 Y133.988 E1066.60455
G1 X101.7 Y106.013 E1067.76761
G1 X101.738 Y105.442 E1067.7914
G1 X101.831 Y104.95 E1067.81222
G1 X101.999 Y104.429 E1067.83498
G1 X102.208 Y103.974 E1067.8558
G1 X102.508 Y103.495 E1067.8793
G1 X102.813 Y103.114 E1067.89959
G1 X103.219 Y102.721 E1067.92308
G1 X103.608 Y102.427 E1067.94335
G1 X104.097 Y102.147 E1067.96678
G1 X104.555 Y101.951 E1067.98749
G1 X105.085 Y101.8 E1068.0104
G1 X105.581 Y101.721 E1068.03128
G1 X106.01 Y101.7 E1068.04914
G1 X173.987 Y101.7 E1070.87529
G1 X174.558 Y101.738 E1070.89909
G1 X175.05 Y101.831 E1070.9199
G1 X175.571 Y101.999 E1070.94266
G1 X176.026 Y102.208 E1070.96348
G1 X176.505 Y102.508 E1070.98698
G1 X176.886 Y102.813 E1071.00727
G1 X177.279 Y103.219 E1071.03076
G1 X177.573 Y103.608 E1071.05103
G1 X177.853 Y104.097 E1071.07446
G1 X178.049 Y104.555 E1071.09517
G1 X178.2 Y105.085 E1071.11808
G1 X178.279 Y105.581 E1071.13896
G1 X178.3 Y106 E1071.15641
G1 X178.3 Y133.987 E1072.31997
G1 X178.262 Y134.558 E1072.34376
G1 X178.17 Y135.046 E1072.36441
G1 X178.022 Y135.516 E1072.38489
G1 X177.826 Y135.96 E1072.40507
G1 X177.573 Y136.392 E1072.42589
G1 X177.28 Y136.78 E1072.4461
G1 X176.94 Y137.135 E1072.46654
G1 X176.56 Y137.455 E1072.48719
G1 X176.091 Y137.756 E1072.51036
G1 X175.65 Y137.97 E1072.53074
G1 X175.112 Y138.151 E1072.55434
G1 X174.627 Y138.253 E1072.57494
G1 X174.071 Y138.298 E1072.59814
G1 X173.995 Y138.3 E1072.6013
G1 X106.013 Y138.3 E1075.42766
G0 F7200 X106.027 Y137.861
G0 X106.062 Y137.11
;TYPE:SKIN
G1 F1500 X105.244 Y137.013 E1075.46191
G1 X104.873 Y136.894 E1075.4781
G1 X104.235 Y136.555 E1075.50814
G1 X103.688 Y136.074 E1075.53842
G1 X103.264 Y135.472 E1075.56904
G1 X102.986 Y134.748 E1075.60128
G1 X102.89 Y133.952 E1075.63461
G1 X102.89 Y106.058 E1076.79431
G1 X102.984 Y105.26 E1076.82772
G1 X103.258 Y104.542 E1076.85967
G1 X103.708 Y103.903 E1076.89216
G1 X104.256 Y103.428 E1076.92231
G1 X104.963 Y103.073 E1076.9552
G1 X105.327 Y102.969 E1076.97094
G1 X106.076 Y102.89 E1077.00226
G1 X173.938 Y102.89 E1079.82363
G1 X174.734 Y102.983 E1079.85695
G1 X175.461 Y103.26 E1079.88929
G1 X176.097 Y103.708 E1079.92164
G1 X176.572 Y104.256 E1079.95179
G1 X176.926 Y104.962 E1079.98462
G1 X177.031 Y105.327 E1080.00041
G1 X177.11 Y106.051 E1080.03069
G1 X177.11 Y133.938 E1081.1901
G1 X177.019 Y134.731 E1081.22328
G1 X176.756 Y135.428 E1081.25426
G1 X176.383 Y135.992 E1081.28237
G1 X175.839 Y136.501 E1081.31334
G1 X175.192 Y136.867 E1081.34425
G1 X174.449 Y137.075 E1081.37632
G1 X173.956 Y137.11 E1081.39687
G1 X106.062 Y137.11 E1084.21958
G0 F7200 X106.145 Y136.902
G1 F1500 X106.996 Y136.729 E1084.25568
G1 X107.754 Y136.314 E1084.29161
G1 X108.36 Y135.695 E1084.32762
G1 X108.752 Y134.926 E1084.36351
G1 X108.903 Y134.072 E1084.39957
G1 X108.796 Y133.212 E1084.4356
G1 X108.44 Y132.423 E1084.47158
G1 X107.867 Y131.774 E1084.50758
G1 X107.126 Y131.322 E1084.54366
G1 X106.288 Y131.111 E1084.57959
G1 X105.424 Y131.152 E1084.61555
G1 X104.608 Y131.448 E1084.65164
G1 X103.918 Y131.973 E1084.68769
G1 X103.415 Y132.678 E1084.72369
G1 X103.141 Y133.493 E1084.75944
G1 X103.115 Y134.361 E1084.79554
G1 X103.355 Y135.197 E1084.8317
G1 X103.822 Y135.923 E1084.86759
G1 X104.487 Y136.48 E1084.90366
G1 X105.284 Y136.815 E1084.9396
G1 X106.145 Y136.902 E1084.97558
G0 F7200 X107.743 Y135.252
G0 X108.122 Y134.174
G0 X106.145 Y108.902
G1 F1500 X106.996 Y108.729 E1085.01168
G1 X107.754 Y108.314 E1085.04761
G1 X108.36 Y107.695 E1085.08363
G1 X108.752 Y106.926 E1085.11951
G1 X108.903 Y106.072 E1085.15557
G1 X108.796 Y105.212 E1085.1916
G1 X108.44 Y104.423 E1085.22759
G1 X107.867 Y103.774 E1085.26358
G1 X107.126 Y103.322 E1085.29967
G1 X106.288 Y103.111 E1085.33559
G1 X105.424 Y103.152 E1085.37156
G1 X104.608 Y103.448 E1085.40764
G1 X103.918 Y103.973 E1085.44369
G1 X103.415 Y104.678 E1085.4797
G1 X103.141 Y105.493 E1085.51544
G1 X103.115 Y106.361 E1085.55155
G1 X103.355 Y107.197 E1085.58771
G1 X103.822 Y107.923 E1085.6236
G1 X104.487 Y108.48 E1085.65966
G1 X105.284 Y108.815 E1085.6956
G1 X106.145 Y108.902 E1085.73158
G0 F7200 X132.818 Y121.388
G1 F1500 X133.29 Y122.083 E1085.76651
G1 X133.831 Y122.725 E1085.80142
G1 X134.43 Y123.31 E1085.83623
G1 X135.086 Y123.833 E1085.87111
G1 X135.79 Y124.289 E1085.90598
G1 X136.411 Y124.608 E1085.935
G1 X137.056 Y124.882 E1085.96414
G1 X137.723 Y125.103 E1085.99335
G1 X138.538 Y125.287 E1086.02809
G1 X139.371 Y125.393 E1086.063
G1 X140.21 Y125.413 E1086.09789
G1 X141.042 Y125.351 E1086.13258
G1 X141.733 Y125.235 E1086.16171
G1 X142.416 Y125.061 E1086.19101
G1 X143.075 Y124.834 E1086.21999
G1 X143.717 Y124.548 E1086.24921
G1 X144.438 Y124.149 E1086.28347
G1 X145.023 Y123.751 E1086.31289
G1 X145.572 Y123.309 E1086.34219
G1 X146.17 Y122.724 E1086.37697
G1 X146.71 Y122.083 E1086.41181
G1 X147.182 Y121.388 E1086.44674
G1 X147.582 Y120.653 E1086.48153
G1 X147.908 Y119.882 E1086.51633
G1 X148.116 Y119.214 E1086.54542
G1 X148.276 Y118.531 E1086.57459
G1 X148.373 Y117.841 E1086.60356
G1 X148.409 Y117.272 E1086.62726
G1 X148.406 Y116.578 E1086.65611
G1 X148.323 Y115.745 E1086.69092
G1 X148.156 Y114.922 E1086.72583
G1 X147.908 Y114.12 E1086.76073
G1 X147.582 Y113.348 E1086.79557
G1 X147.182 Y112.612 E1086.8304
G1 X146.71 Y111.917 E1086.86533
G1 X146.172 Y111.277 E1086.90009
G1 X145.668 Y110.782 E1086.92946
G1 X145.032 Y110.257 E1086.96374
G1 X144.446 Y109.857 E1086.99324
G1 X143.837 Y109.51 E1087.02238
G1 X143.076 Y109.166 E1087.0571
G1 X142.279 Y108.897 E1087.09207
G1 X141.462 Y108.713 E1087.12689
G1 X140.629 Y108.607 E1087.1618
G1 X139.79 Y108.587 E1087.19669
G1 X138.952 Y108.649 E1087.23163
G1 X138.128 Y108.796 E1087.26643
G1 X137.319 Y109.021 E1087.30134
G1 X136.539 Y109.329 E1087.33621
G1 X135.792 Y109.711 E1087.37109
G1 X135.086 Y110.166 E1087.40601
G1 X134.43 Y110.69 E1087.44091
G1 X133.831 Y111.275 E1087.47572
G1 X133.29 Y111.917 E1087.51063
G1 X132.818 Y112.612 E1087.54556
G1 X132.418 Y113.348 E1087.58038
G1 X132.092 Y114.12 E1087.61522
G1 X131.844 Y114.922 E1087.65012
G1 X131.677 Y115.745 E1087.68504
G1 X131.594 Y116.581 E1087.71996
G1 X131.594 Y117.419 E1087.7548
G1 X131.677 Y118.255 E1087.78973
G1 X131.844 Y119.078 E1087.82465
G1 X132.092 Y119.88 E1087.85955
G1 X132.418 Y120.652 E1087.89439
G1 X132.818 Y121.388 E1087.92921
G0 F7200 X136.166 Y123.638
G0 X137.205 Y124.124
G0 X171.115 Y134.361
G1 F1500 X171.355 Y135.197 E1087.96537
G1 X171.822 Y135.923 E1088.00126
G1 X172.487 Y136.48 E1088.03733
G1 X173.284 Y136.815 E1088.07327
G1 X174.145 Y136.902 E1088.10925
G1 X174.996 Y136.729 E1088.14535
G1 X175.754 Y136.314 E1088.18128
G1 X176.36 Y135.695 E1088.2173
G1 X176.752 Y134.926 E1088.25318
G1 X176.903 Y134.072 E1088.28924
G1 X176.796 Y133.212 E1088.32527
G1 X176.44 Y132.423 E1088.36126
G1 X175.867 Y131.774 E1088.39725
G1 X175.126 Y131.322 E1088.43334
G1 X174.288 Y131.111 E1088.46926
G1 X173.424 Y131.152 E1088.50522
G1 X172.608 Y131.448 E1088.54131
G1 X171.918 Y131.973 E1088.57736
G1 X171.415 Y132.678 E1088.61337
G1 X171.141 Y133.493 E1088.64911
G1 X171.115 Y134.361 E1088.68522
G0 F7200 X171.355 Y107.197
G1 F1500 X171.822 Y107.923 E1088.72111
G1 X172.487 Y108.48 E1088.75717
G1 X173.284 Y108.815 E1088.79311
G1 X174.145 Y108.902 E1088.82909
G1 X174.996 Y108.729 E1088.8652
G1 X175.754 Y108.314 E1088.90112
G1 X176.36 Y107.695 E1088.93714
G1 X176.752 Y106.926 E1088.97302
G1 X176.903 Y106.072 E1089.00908
G1 X176.796 Y105.212 E1089.04511
G1 X176.44 Y104.423 E1089.0811
G1 X175.867 Y103.774 E1089.11709
G1 X175.126 Y103.322 E1089.15318
G1 X174.288 Y103.111 E1089.18911
G1 X173.424 Y103.152 E1089.22507
G1 X172.608 Y103.448 E1089.26116
G1 X171.918 Y103.973 E1089.2972
G1 X171.415 Y104.678 E1089.33321
G1 X171.141 Y105.493 E1089.36896
G1 X171.115 Y106.361 E1089.40506
G1 X171.355 Y107.197 E1089.44122
G0 F7200 X171.87 Y134.266
G0 X172.691 Y136.738
G1 F1500 X172.48 Y136.949 E1089.45363
G0 F7200 X172.318 Y136.545
G1 F1500 X171.914 Y136.949 E1089.47738
G0 F7200 X171.348 Y136.949
G1 F1500 X172.01 Y136.288 E1089.51627
G0 F7200 X171.702 Y136.03
G1 F1500 X170.783 Y136.949 E1089.57031
G0 F7200 X170.217 Y136.949
G1 F1500 X171.479 Y135.687 E1089.64451
G0 F7200 X171.259 Y135.342
G1 F1500 X169.651 Y136.949 E1089.73902
G0 F7200 X169.086 Y136.949
G1 F1500 X171.109 Y134.925 E1089.858
G0 F7200 X170.983 Y134.486
G1 F1500 X168.52 Y136.949 E1090.00281
G0 F7200 X167.954 Y136.949
G1 F1500 X170.966 Y133.938 E1090.17988
G0 F7200 X171.034 Y133.303
G1 F1500 X167.389 Y136.949 E1090.39422
G0 F7200 X166.823 Y136.949
G1 F1500 X171.525 Y132.248 E1090.67065
G0 F7200 X172.266 Y131.507
G1 F1500 X176.949 Y126.823 E1090.94602
G0 F7200 X176.949 Y126.258
G1 F1500 X166.257 Y136.949 E1091.57464
G0 F7200 X165.692 Y136.949
G1 F1500 X176.949 Y125.692 E1092.23651
G0 F7200 X176.949 Y125.126
G1 F1500 X165.126 Y136.949 E1092.93165
G0 F7200 X164.56 Y136.949
G1 F1500 X176.949 Y124.561 E1093.66005
G0 F7200 X176.949 Y123.995
G1 F1500 X163.995 Y136.949 E1094.4217
G0 F7200 X163.429 Y136.949
G1 F1500 X176.949 Y123.429 E1095.21662
G0 F7200 X176.949 Y122.864
G1 F1500 X162.863 Y136.949 E1096.04479
G0 F7200 X162.297 Y136.949
G1 F1500 X176.949 Y122.298 E1096.90625
G0 F7200 X176.949 Y121.732
G1 F1500 X161.732 Y136.949 E1097.80095
G0 F7200 X161.166 Y136.949
G1 F1500 X176.949 Y121.166 E1098.72893
G0 F7200 X176.949 Y120.601
G1 F1500 X160.6 Y136.949 E1099.69016
G0 F7200 X160.035 Y136.949
G1 F1500 X176.949 Y120.035 E1100.68463
G0 F7200 X176.949 Y119.469
G1 F1500 X159.469 Y136.949 E1101.71239
G0 F7200 X158.903 Y136.949
G1 F1500 X176.949 Y118.904 E1102.7734
G0 F7200 X176.949 Y118.338
G1 F1500 X158.338 Y136.949 E1103.86765
G0 F7200 X157.772 Y136.949
G1 F1500 X176.949 Y117.772 E1104.99519
G0 F7200 X176.949 Y117.207
G1 F1500 X157.206 Y136.949 E1106.15597
G0 F7200 X156.641 Y136.949
G1 F1500 X176.949 Y116.641 E1107.35
G0 F7200 X176.949 Y116.075
G1 F1500 X156.075 Y136.949 E1108.57731
G0 F7200 X155.509 Y136.949
G1 F1500 X176.949 Y115.51 E1109.83787
G0 F7200 X176.949 Y114.944
G1 F1500 X154.944 Y136.949 E1111.13168
G0 F7200 X154.378 Y136.949
G1 F1500 X176.949 Y114.378 E1112.45877
G0 F7200 X176.949 Y113.813
G1 F1500 X153.812 Y136.949 E1113.81911
G0 F7200 X153.247 Y136.949
G1 F1500 X176.949 Y113.247 E1115.2127
G0 F7200 X176.949 Y112.681
G1 F1500 X152.681 Y136.949 E1116.63956
G0 F7200 X152.115 Y136.949
G1 F1500 X176.949 Y112.116 E1118.09968
G0 F7200 X176.949 Y111.55
G1 F1500 X151.549 Y136.949 E1119.59307
G0 F7200 X150.984 Y136.949
G1 F1500 X176.949 Y110.984 E1121.11971
G0 F7200 X176.949 Y110.418
G1 F1500 X150.418 Y136.949 E1122.67963
G0 F7200 X149.852 Y136.949
G1 F1500 X176.949 Y109.853 E1124.2728
G0 F7200 X176.949 Y109.287
G1 F1500 X149.287 Y136.949 E1125.89922
G0 F7200 X148.721 Y136.949
G1 F1500 X176.949 Y108.721 E1127.55892
G0 F7200 X176.949 Y108.156
G1 F1500 X148.155 Y136.949 E1129.25187
G0 F7200 X147.59 Y136.949
G1 F1500 X176.949 Y107.59 E1130.97807
G0 F7200 X176.81 Y107.163
G1 F1500 X176.949 Y107.024 E1130.98624
G0 F7200 X175.144 Y108.829
G1 F1500 X147.024 Y136.949 E1132.63959
G0 F7200 X146.458 Y136.949
G1 F1500 X174.393 Y109.014 E1134.28206
G0 F7200 X173.813 Y109.029
G1 F1500 X145.893 Y136.949 E1135.92365
G0 F7200 X145.327 Y136.949
G1 F1500 X173.299 Y108.977 E1137.56829
G0 F7200 X172.889 Y108.822
G1 F1500 X144.761 Y136.949 E1139.22208
G0 F7200 X144.196 Y136.949
G1 F1500 X172.49 Y108.654 E1140.88569
G0 F7200 X172.163 Y108.416
G1 F1500 X143.63 Y136.949 E1142.56332
G0 F7200 X143.064 Y136.949
G1 F1500 X171.855 Y108.159 E1144.25609
G0 F7200 X171.59 Y107.858
G1 F1500 X142.498 Y136.949 E1145.96656
G0 F7200 X141.933 Y136.949
G1 F1500 X171.368 Y107.514 E1147.69723
G0 F7200 X171.172 Y107.144
G1 F1500 X141.367 Y136.949 E1149.44965
G0 F7200 X140.801 Y136.949
G1 F1500 X171.046 Y106.705 E1151.22791
G0 F7200 X170.957 Y106.227
G1 F1500 X140.236 Y136.949 E1153.03421
G0 F7200 X139.67 Y136.949
G1 F1500 X170.975 Y105.644 E1154.87483
G0 F7200 X171.178 Y104.875
G1 F1500 X139.104 Y136.949 E1156.76066
G0 F7200 X138.539 Y136.949
G1 F1500 X172.439 Y103.049 E1158.75385
G0 F7200 X172.873 Y103.181
G1 F1500 X173.004 Y103.049 E1158.76158
G0 F7200 X171.873 Y103.049
G1 F1500 X137.973 Y136.949 E1160.75477
G0 F7200 X137.407 Y136.949
G1 F1500 X171.307 Y103.049 E1162.74796
G0 F7200 X170.742 Y103.049
G1 F1500 X136.842 Y136.949 E1164.74115
G0 F7200 X136.276 Y136.949
G1 F1500 X170.176 Y103.049 E1166.73434
G0 F7200 X169.61 Y103.049
G1 F1500 X135.71 Y136.949 E1168.72753
G0 F7200 X135.145 Y136.949
G1 F1500 X169.045 Y103.049 E1170.72072
G0 F7200 X168.479 Y103.049
G1 F1500 X134.579 Y136.949 E1172.71391
G0 F7200 X134.013 Y136.949
G1 F1500 X167.913 Y103.049 E1174.7071
G0 F7200 X167.348 Y103.049
G1 F1500 X133.448 Y136.949 E1176.70029
G0 F7200 X132.882 Y136.949
G1 F1500 X166.782 Y103.049 E1178.69348
G0 F7200 X166.216 Y103.049
G1 F1500 X132.316 Y136.949 E1180.68667
G0 F7200 X131.75 Y136.949
G1 F1500 X144.282 Y124.418 E1181.42347
G0 F7200 X143.169 Y124.965
G1 F1500 X131.185 Y136.949 E1182.12809
G0 F7200 X130.619 Y136.949
G1 F1500 X142.318 Y125.25 E1182.81594
G0 F7200 X141.581 Y125.422
G1 F1500 X130.053 Y136.949 E1183.49372
G0 F7200 X129.488 Y136.949
G1 F1500 X140.917 Y125.52 E1184.1657
G0 F7200 X140.306 Y125.565
G1 F1500 X128.922 Y136.949 E1184.83503
G0 F7200 X128.356 Y136.949
G1 F1500 X139.744 Y125.561 E1185.5046
G0 F7200 X139.207 Y125.533
G1 F1500 X127.791 Y136.949 E1186.17582
G0 F7200 X127.225 Y136.949
G1 F1500 X138.706 Y125.469 E1186.85083
G0 F7200 X138.228 Y125.38
G1 F1500 X126.659 Y136.949 E1187.53104
G0 F7200 X126.094 Y136.949
G1 F1500 X137.767 Y125.276 E1188.21737
G0 F7200 X137.334 Y125.143
G1 F1500 X125.528 Y136.949 E1188.91152
G0 F7200 X124.962 Y136.949
G1 F1500 X136.916 Y124.995 E1189.61437
G0 F7200 X136.519 Y124.826
G1 F1500 X124.397 Y136.949 E1190.32712
G0 F7200 X123.831 Y136.949
G1 F1500 X136.135 Y124.645 E1191.05055
G0 F7200 X135.761 Y124.453
G1 F1500 X123.265 Y136.949 E1191.78527
G0 F7200 X122.699 Y136.949
G1 F1500 X135.413 Y124.235 E1192.5328
G0 F7200 X135.07 Y124.013
G1 F1500 X122.134 Y136.949 E1193.29339
G0 F7200 X121.568 Y136.949
G1 F1500 X134.749 Y123.769 E1194.06835
G0 F7200 X134.434 Y123.518
G1 F1500 X121.002 Y136.949 E1194.85807
G0 F7200 X120.437 Y136.949
G1 F1500 X134.138 Y123.248 E1195.66364
G0 F7200 X133.852 Y122.968
G1 F1500 X119.871 Y136.949 E1196.48567
G0 F7200 X119.305 Y136.949
G1 F1500 X133.579 Y122.675 E1197.32493
G0 F7200 X133.32 Y122.369
G1 F1500 X118.74 Y136.949 E1198.18217
G0 F7200 X118.174 Y136.949
G1 F1500 X133.073 Y122.05 E1199.05818
G0 F7200 X132.844 Y121.714
G1 F1500 X117.608 Y136.949 E1199.95397
G0 F7200 X117.043 Y136.949
G1 F1500 X132.624 Y121.368 E1200.87007
G0 F7200 X132.424 Y121.002
G1 F1500 X116.477 Y136.949 E1201.80769
G0 F7200 X115.911 Y136.949
G1 F1500 X132.233 Y120.627 E1202.76736
G0 F7200 X132.064 Y120.23
G1 F1500 X115.346 Y136.949 E1203.75035
G0 F7200 X114.78 Y136.949
G1 F1500 X131.905 Y119.824 E1204.75723
G0 F7200 X131.772 Y119.392
G1 F1500 X114.214 Y136.949 E1205.78955
G0 F7200 X113.649 Y136.949
G1 F1500 X131.652 Y118.945 E1206.84808
G0 F7200 X131.557 Y118.475
G1 F1500 X113.083 Y136.949 E1207.93428
G0 F7200 X112.517 Y136.949
G1 F1500 X131.487 Y117.979 E1209.04965
G0 F7200 X131.437 Y117.464
G1 F1500 X111.951 Y136.949 E1210.19532
G0 F7200 X111.386 Y136.949
G1 F1500 X131.432 Y116.903 E1211.37395
G0 F7200 X131.458 Y116.311
G1 F1500 X110.82 Y136.949 E1212.58738
G0 F7200 X110.254 Y136.949
G1 F1500 X131.526 Y115.678 E1213.83806
G0 F7200 X131.669 Y114.969
G1 F1500 X109.689 Y136.949 E1215.1304
G0 F7200 X109.123 Y136.949
G1 F1500 X131.909 Y114.163 E1216.47013
G0 F7200 X132.325 Y113.181
G1 F1500 X108.557 Y136.949 E1217.8676
G0 F7200 X107.992 Y136.949
G1 F1500 X133.378 Y111.563 E1219.3602
G0 F7200 X134.565 Y110.376
G1 F1500 X141.892 Y103.049 E1219.791
G0 F7200 X142.457 Y103.049
G1 F1500 X136.168 Y109.339 E1220.1608
G0 F7200 X137.162 Y108.91
G1 F1500 X143.023 Y103.049 E1220.5054
G0 F7200 X143.589 Y103.049
G1 F1500 X137.962 Y108.676 E1220.83625
G0 F7200 X138.667 Y108.537
G1 F1500 X144.155 Y103.049 E1221.15892
G0 F7200 X144.72 Y103.049
G1 F1500 X139.307 Y108.462 E1221.47719
G0 F7200 X139.906 Y108.429
G1 F1500 X145.286 Y103.049 E1221.79351
G0 F7200 X145.852 Y103.049
G1 F1500 X140.458 Y108.443 E1222.11066
G0 F7200 X140.976 Y108.49
G1 F1500 X146.417 Y103.049 E1222.43057
G0 F7200 X146.983 Y103.049
G1 F1500 X141.478 Y108.554 E1222.75424
G0 F7200 X141.941 Y108.657
G1 F1500 X147.549 Y103.049 E1223.08397
G0 F7200 X148.114 Y103.049
G1 F1500 X142.396 Y108.767 E1223.42016
G0 F7200 X142.819 Y108.91
G1 F1500 X148.68 Y103.049 E1223.76477
G0 F7200 X149.246 Y103.049
G1 F1500 X143.233 Y109.062 E1224.11831
G0 F7200 X143.623 Y109.238
G1 F1500 X149.811 Y103.049 E1224.48217
G0 F7200 X150.377 Y103.049
G1 F1500 X144.004 Y109.422 E1224.85688
G0 F7200 X144.365 Y109.627
G1 F1500 X150.943 Y103.049 E1225.24364
G0 F7200 X151.508 Y103.049
G1 F1500 X144.712 Y109.846 E1225.64325
G0 F7200 X145.048 Y110.075
G1 F1500 X152.074 Y103.049 E1226.05635
G0 F7200 X152.64 Y103.049
G1 F1500 X145.364 Y110.325 E1226.48415
G0 F7200 X145.673 Y110.581
G1 F1500 X153.205 Y103.049 E1226.927
G0 F7200 X153.771 Y103.049
G1 F1500 X145.967 Y110.853 E1227.38585
G0 F7200 X146.253 Y111.133
G1 F1500 X154.337 Y103.049 E1227.86116
G0 F7200 X154.903 Y103.049
G1 F1500 X146.515 Y111.437 E1228.35434
G0 F7200 X146.773 Y111.744
G1 F1500 X155.468 Y103.049 E1228.86557
G0 F7200 X156.034 Y103.049
G1 F1500 X147.009 Y112.074 E1229.39621
G0 F7200 X147.238 Y112.41
G1 F1500 X156.6 Y103.049 E1229.94663
G0 F7200 X157.165 Y103.049
G1 F1500 X147.448 Y112.767 E1230.51798
G0 F7200 X147.647 Y113.133
G1 F1500 X157.731 Y103.049 E1231.11088
G0 F7200 X158.297 Y103.049
G1 F1500 X147.827 Y113.519 E1231.72648
G0 F7200 X147.995 Y113.917
G1 F1500 X158.862 Y103.049 E1232.36544
G0 F7200 X159.428 Y103.049
G1 F1500 X148.142 Y114.335 E1233.02902
G0 F7200 X148.276 Y114.767
G1 F1500 X159.994 Y103.049 E1233.71799
G0 F7200 X160.559 Y103.049
G1 F1500 X148.381 Y115.227 E1234.43401
G0 F7200 X148.476 Y115.698
G1 F1500 X161.125 Y103.049 E1235.17772
G0 F7200 X161.691 Y103.049
G1 F1500 X148.53 Y116.21 E1235.95154
G0 F7200 X148.566 Y116.739
G1 F1500 X162.256 Y103.049 E1236.75646
G0 F7200 X162.822 Y103.049
G1 F1500 X148.567 Y117.304 E1237.5946
G0 F7200 X148.523 Y117.914
G1 F1500 X163.388 Y103.049 E1238.4686
G0 F7200 X163.954 Y103.049
G1 F1500 X148.428 Y118.574 E1239.38144
G0 F7200 X148.25 Y119.318
G1 F1500 X164.519 Y103.049 E1240.338
G0 F7200 X165.085 Y103.049
G1 F1500 X147.955 Y120.179 E1241.34518
G0 F7200 X147.425 Y121.275
G1 F1500 X165.651 Y103.049 E1242.41679
G0 F7200 X141.326 Y103.049
G1 F1500 X107.426 Y136.949 E1244.40998
G0 F7200 X108.921 Y134.889
G1 F1500 X140.76 Y103.049 E1246.28203
G0 F7200 X140.195 Y103.049
G1 F1500 X109.043 Y134.201 E1248.11364
G0 F7200 X109.013 Y133.665
G1 F1500 X139.629 Y103.049 E1249.91375
G0 F7200 X139.063 Y103.049
G1 F1500 X108.951 Y133.162 E1251.68425
G0 F7200 X108.774 Y132.772
G1 F1500 X138.498 Y103.049 E1253.43187
G0 F7200 X137.932 Y103.049
G1 F1500 X108.598 Y132.383 E1255.1566
G0 F7200 X108.345 Y132.071
G1 F1500 X137.366 Y103.049 E1256.86295
G0 F7200 X136.801 Y103.049
G1 F1500 X108.079 Y131.77 E1258.55167
G0 F7200 X107.763 Y131.521
G1 F1500 X136.235 Y103.049 E1260.22571
G0 F7200 X135.669 Y103.049
G1 F1500 X107.41 Y131.308 E1261.88723
G0 F7200 X107.022 Y131.13
G1 F1500 X135.104 Y103.049 E1263.53832
G0 F7200 X134.538 Y103.049
G1 F1500 X106.57 Y131.017 E1265.18273
G0 F7200 X106.06 Y130.961
G1 F1500 X133.972 Y103.049 E1266.82385
G0 F7200 X133.407 Y103.049
G1 F1500 X105.466 Y130.99 E1268.46667
G0 F7200 X104.615 Y131.275
G1 F1500 X132.841 Y103.049 E1270.12625
G0 F7200 X132.275 Y103.049
G1 F1500 X103.05 Y132.274 E1271.84457
G0 F7200 X103.262 Y132.628
G1 F1500 X103.05 Y132.84 E1271.85703
G0 F7200 X103.05 Y131.709
G1 F1500 X131.709 Y103.049 E1273.5421
G0 F7200 X131.144 Y103.049
G1 F1500 X103.05 Y131.143 E1275.19392
G0 F7200 X103.05 Y130.577
G1 F1500 X130.578 Y103.049 E1276.81246
G0 F7200 X130.012 Y103.049
G1 F1500 X103.05 Y130.012 E1278.39776
G0 F7200 X103.05 Y129.446
G1 F1500 X129.447 Y103.049 E1279.9498
G0 F7200 X128.881 Y103.049
G1 F1500 X103.05 Y128.88 E1281.46856
G0 F7200 X103.05 Y128.315
G1 F1500 X128.315 Y103.049 E1282.95408
G0 F7200 X127.75 Y103.049
G1 F1500 X103.05 Y127.749 E1284.40634
G0 F7200 X103.05 Y127.183
G1 F1500 X127.184 Y103.049 E1285.82533
G0 F7200 X126.618 Y103.049
G1 F1500 X103.05 Y126.618 E1287.21107
G0 F7200 X103.05 Y126.052
G1 F1500 X126.053 Y103.049 E1288.56355
G0 F7200 X125.487 Y103.049
G1 F1500 X103.05 Y125.486 E1289.88276
G0 F7200 X103.05 Y124.921
G1 F1500 X124.921 Y103.049 E1291.16872
G0 F7200 X124.356 Y103.049
G1 F1500 X103.05 Y124.355 E1292.42144
G0 F7200 X103.05 Y123.789
G1 F1500 X123.79 Y103.049 E1293.64087
G0 F7200 X123.224 Y103.049
G1 F1500 X103.05 Y123.223 E1294.82702
G0 F7200 X103.05 Y122.658
G1 F1500 X122.658 Y103.049 E1295.97993
G0 F7200 X122.093 Y103.049
G1 F1500 X103.05 Y122.092 E1297.09958
G0 F7200 X103.05 Y121.526
G1 F1500 X121.527 Y103.049 E1298.18596
G0 F7200 X120.961 Y103.049
G1 F1500 X103.05 Y120.961 E1299.23909
G0 F7200 X103.05 Y120.395
G1 F1500 X120.396 Y103.049 E1300.25896
G0 F7200 X119.83 Y103.049
G1 F1500 X103.05 Y119.829 E1301.24556
G0 F7200 X103.05 Y119.264
G1 F1500 X119.264 Y103.049 E1302.19891
G0 F7200 X118.699 Y103.049
G1 F1500 X103.05 Y118.698 E1303.11902
G0 F7200 X103.05 Y118.132
G1 F1500 X118.133 Y103.049 E1304.00584
G0 F7200 X117.567 Y103.049
G1 F1500 X103.05 Y117.567 E1304.85941
G0 F7200 X103.05 Y117.001
G1 F1500 X117.002 Y103.049 E1305.67974
G0 F7200 X116.436 Y103.049
G1 F1500 X103.05 Y116.435 E1306.46678
G0 F7200 X103.05 Y115.87
G1 F1500 X115.87 Y103.049 E1307.22058
G0 F7200 X115.305 Y103.049
G1 F1500 X103.05 Y115.304 E1307.94112
G0 F7200 X103.05 Y114.738
G1 F1500 X114.739 Y103.049 E1308.62839
G0 F7200 X114.173 Y103.049
G1 F1500 X103.05 Y114.172 E1309.28238
G0 F7200 X103.05 Y113.607
G1 F1500 X113.608 Y103.049 E1309.90315
G0 F7200 X113.042 Y103.049
G1 F1500 X108.685 Y107.405 E1310.1593
G0 F7200 X108.982 Y106.544
G1 F1500 X112.476 Y103.049 E1310.36476
G0 F7200 X111.91 Y103.049
G1 F1500 X109.045 Y105.915 E1310.53324
G0 F7200 X108.982 Y105.412
G1 F1500 X111.345 Y103.049 E1310.67218
G0 F7200 X110.779 Y103.049
G1 F1500 X108.861 Y104.967 E1310.78495
G0 F7200 X108.685 Y104.577
G1 F1500 X110.213 Y103.049 E1310.87479
G0 F7200 X109.648 Y103.049
G1 F1500 X108.475 Y104.221 E1310.94373
G0 F7200 X108.211 Y103.92
G1 F1500 X109.082 Y103.049 E1310.99494
G0 F7200 X108.516 Y103.049
G1 F1500 X107.937 Y103.629 E1311.02901
G0 F7200 X107.585 Y103.415
G1 F1500 X107.951 Y103.049 E1311.05053
G0 F7200 X107.385 Y103.049
G1 F1500 X107.233 Y103.201 E1311.05947
G0 F7200 X108.065 Y105.418
G0 X108.081 Y106.41
G0 X107.405 Y108.686
G1 F1500 X103.05 Y113.041 E1311.31553
G0 F7200 X103.05 Y112.475
G1 F1500 X106.541 Y108.984 E1311.52078
G0 F7200 X105.921 Y109.039
G1 F1500 X103.05 Y111.91 E1311.68959
G0 F7200 X103.05 Y111.344
G1 F1500 X105.407 Y108.987 E1311.82817
G0 F7200 X104.972 Y108.856
G1 F1500 X103.05 Y110.778 E1311.94118
G0 F7200 X103.05 Y110.213
G1 F1500 X104.574 Y108.688 E1312.03081
G0 F7200 X104.228 Y108.469
G1 F1500 X103.05 Y109.647 E1312.10007
G0 F7200 X103.05 Y109.081
G1 F1500 X103.919 Y108.212 E1312.15117
G0 F7200 X103.636 Y107.929
G1 F1500 X103.05 Y108.516 E1312.18565
G0 F7200 X103.05 Y107.95
G1 F1500 X103.415 Y107.584 E1312.20714
G0 F7200 X103.2 Y107.234
G1 F1500 X103.05 Y107.384 E1312.21596
G0 F7200 X137.321 Y124.179
G0 X138.412 Y124.477
G0 X173.316 Y131.021
G1 F1500 X176.949 Y127.389 E1312.42954
G0 F7200 X176.949 Y127.955
G1 F1500 X173.936 Y130.968 E1312.60669
G0 F7200 X174.476 Y130.993
G1 F1500 X176.949 Y128.52 E1312.75209
G0 F7200 X176.949 Y129.086
G1 F1500 X174.928 Y131.107 E1312.87092
G0 F7200 X175.337 Y131.263
G1 F1500 X176.949 Y129.652 E1312.96567
G0 F7200 X176.949 Y130.217
G1 F1500 X175.689 Y131.478 E1313.03978
G0 F7200 X176.024 Y131.708
G1 F1500 X176.949 Y130.783 E1313.09417
G0 F7200 X176.949 Y131.349
G1 F1500 X176.289 Y132.009 E1313.13297
G0 F7200 X176.554 Y132.309
G1 F1500 X176.949 Y131.915 E1313.15617
G0 F7200 X176.949 Y132.48
G1 F1500 X176.737 Y132.692 E1313.16863
G1 F2400 E1310.16863
;MESH:NONMESH
G0 F600 X176.737 Y132.692 Z1.4
G0 F7200 X173.44 Y108.447
;TIME_ELAPSED:1136.544283
;LAYER:4
;TYPE:WALL-INNER
;MESH:Case3D_Sensor-Tampa.stl
G1 F2400 E1313.16863
G1 F3000 X174.187 Y108.506 E1313.19979
G1 X174.918 Y108.336 E1313.23099
G1 X175.565 Y107.963 E1313.26204
G1 X176.074 Y107.415 E1313.29313
G1 X176.398 Y106.744 E1313.32411
G1 X176.509 Y106.04 E1313.35374
G1 X176.411 Y105.299 E1313.38482
G1 X176.079 Y104.59 E1313.41737
G1 X175.565 Y104.037 E1313.44876
G1 X174.918 Y103.664 E1313.4798
G1 X174.187 Y103.494 E1313.51101
G1 X173.44 Y103.553 E1313.54216
G1 X172.745 Y103.826 E1313.5732
G1 X172.158 Y104.292 E1313.60436
G1 X171.773 Y104.862 E1313.63296
G1 X171.739 Y104.911 E1313.63544
G1 X171.517 Y105.625 E1313.66653
G1 X171.517 Y106.375 E1313.69771
G1 X171.739 Y107.089 E1313.7288
G1 X172.158 Y107.708 E1313.75987
G1 X172.745 Y108.174 E1313.79103
G1 X173.44 Y108.447 E1313.82208
G0 F7200 X173.531 Y108.053
G1 F3000 X174.157 Y108.102 E1313.84818
G1 X174.77 Y107.96 E1313.87434
G1 X175.313 Y107.647 E1313.9004
G1 X175.74 Y107.187 E1313.92649
G1 X176.012 Y106.623 E1313.95253
G1 X176.105 Y106.035 E1313.97728
G1 X176.023 Y105.413 E1314.00336
G1 X175.743 Y104.816 E1314.03077
G1 X175.313 Y104.353 E1314.05704
G1 X174.77 Y104.04 E1314.0831
G1 X174.157 Y103.898 E1314.10926
G1 X173.531 Y103.947 E1314.13537
G1 X172.947 Y104.176 E1314.16145
G1 X172.455 Y104.567 E1314.18758
G1 X172.103 Y105.086 E1314.21365
G1 X171.917 Y105.686 E1314.23976
G1 X171.917 Y106.314 E1314.26587
G1 X172.103 Y106.914 E1314.29199
G1 X172.455 Y107.433 E1314.31806
G1 X172.947 Y107.824 E1314.34419
G1 X173.531 Y108.053 E1314.37027
G0 F7200 X173.621 Y107.659
;TYPE:WALL-OUTER
G1 F1500 X174.127 Y107.698 E1314.39137
G1 X174.622 Y107.584 E1314.41249
G1 X175.061 Y107.331 E1314.43355
G1 X175.406 Y106.959 E1314.45465
G1 X175.626 Y106.502 E1314.47573
G1 X175.701 Y106.03 E1314.4956
G1 X175.635 Y105.527 E1314.51669
G1 X175.407 Y105.042 E1314.53897
G1 X175.061 Y104.669 E1314.56013
G1 X174.622 Y104.416 E1314.58119
G1 X174.127 Y104.302 E1314.60231
G1 X173.621 Y104.341 E1314.62341
G1 X173.149 Y104.526 E1314.64449
G1 X172.752 Y104.842 E1314.66558
G1 X172.467 Y105.261 E1314.68665
G1 X172.317 Y105.746 E1314.70776
G1 X172.317 Y106.254 E1314.72888
G1 X172.467 Y106.739 E1314.74998
G1 X172.752 Y107.158 E1314.77105
G1 X173.149 Y107.474 E1314.79215
G1 X173.621 Y107.659 E1314.81322
G0 F7200 X173.523 Y108.087
G0 X173.509 Y108.15
G0 X171.878 Y133.681
G0 X172.067 Y134.931
G0 X173.44 Y136.447
;TYPE:WALL-INNER
G1 F3000 X174.187 Y136.506 E1314.84438
G1 X174.918 Y136.336 E1314.87558
G1 X175.565 Y135.963 E1314.90663
G1 X176.074 Y135.415 E1314.93772
G1 X176.398 Y134.744 E1314.9687
G1 X176.509 Y134.04 E1314.99833
G1 X176.411 Y133.299 E1315.02941
G1 X176.079 Y132.59 E1315.06196
G1 X175.565 Y132.037 E1315.09335
G1 X174.918 Y131.664 E1315.12439
G1 X174.187 Y131.494 E1315.1556
G1 X173.44 Y131.553 E1315.18675
G1 X172.745 Y131.826 E1315.21779
G1 X172.158 Y132.292 E1315.24895
G1 X171.773 Y132.862 E1315.27755
G1 X171.739 Y132.911 E1315.28003
G1 X171.517 Y133.625 E1315.31112
G1 X171.517 Y134.375 E1315.3423
G1 X171.739 Y135.089 E1315.37339
G1 X172.158 Y135.708 E1315.40446
G1 X172.745 Y136.174 E1315.43562
G1 X173.44 Y136.447 E1315.46667
G0 F7200 X173.531 Y136.053
G1 F3000 X174.157 Y136.102 E1315.49277
G1 X174.77 Y135.96 E1315.51893
G1 X175.313 Y135.647 E1315.54499
G1 X175.74 Y135.187 E1315.57108
G1 X176.012 Y134.623 E1315.59712
G1 X176.105 Y134.035 E1315.62187
G1 X176.023 Y133.413 E1315.64795
G1 X175.743 Y132.816 E1315.67536
G1 X175.313 Y132.353 E1315.70164
G1 X174.77 Y132.04 E1315.72769
G1 X174.157 Y131.898 E1315.75385
G1 X173.531 Y131.947 E1315.77996
G1 X172.947 Y132.176 E1315.80604
G1 X172.455 Y132.567 E1315.83217
G1 X172.103 Y133.086 E1315.85824
G1 X171.917 Y133.686 E1315.88435
G1 X171.917 Y134.314 E1315.91046
G1 X172.103 Y134.914 E1315.93658
G1 X172.455 Y135.433 E1315.96265
G1 X172.947 Y135.824 E1315.98878
G1 X173.531 Y136.053 E1316.01486
G0 F7200 X173.621 Y135.659
;TYPE:WALL-OUTER
G1 F1500 X174.127 Y135.698 E1316.03596
G1 X174.622 Y135.584 E1316.05708
G1 X175.061 Y135.331 E1316.07814
G1 X175.406 Y134.959 E1316.09924
G1 X175.626 Y134.502 E1316.12032
G1 X175.701 Y134.03 E1316.14019
G1 X175.635 Y133.527 E1316.16128
G1 X175.407 Y133.042 E1316.18357
G1 X175.061 Y132.669 E1316.20472
G1 X174.622 Y132.416 E1316.22578
G1 X174.127 Y132.302 E1316.2469
G1 X173.621 Y132.341 E1316.268
G1 X173.149 Y132.526 E1316.28908
G1 X172.752 Y132.842 E1316.31017
G1 X172.467 Y133.261 E1316.33124
G1 X172.317 Y133.746 E1316.35235
G1 X172.317 Y134.254 E1316.37347
G1 X172.467 Y134.739 E1316.39457
G1 X172.752 Y135.158 E1316.41564
G1 X173.149 Y135.474 E1316.43674
G1 X173.621 Y135.659 E1316.45781
G0 F7200 X173.523 Y136.087
G0 X173.509 Y136.15
G0 X140.2 Y125.023
;TYPE:WALL-INNER
G1 F3000 X140.994 Y124.963 E1316.49092
G1 X141.616 Y124.859 E1316.51714
G1 X142.176 Y124.725 E1316.54108
G1 X142.778 Y124.528 E1316.56741
G1 X143.498 Y124.221 E1316.59995
G1 X144.018 Y123.949 E1316.62435
G1 X144.686 Y123.517 E1316.65743
G1 X145.311 Y123.017 E1316.6907
G1 X145.883 Y122.46 E1316.72389
G1 X146.398 Y121.847 E1316.75718
G1 X146.849 Y121.185 E1316.79048
G1 X147.231 Y120.483 E1316.82371
G1 X147.541 Y119.748 E1316.85688
G1 X147.732 Y119.14 E1316.88337
G1 X147.897 Y118.429 E1316.91372
G1 X147.982 Y117.815 E1316.93949
G1 X147.985 Y117.799 E1316.94016
G1 X147.985 Y117.784 E1316.94079
G1 X148.02 Y117.228 E1316.96395
G1 X148.016 Y116.597 E1316.99018
G1 X147.937 Y115.803 E1317.02336
G1 X147.778 Y115.019 E1317.05662
G1 X147.541 Y114.254 E1317.08991
G1 X147.231 Y113.517 E1317.12315
G1 X146.849 Y112.815 E1317.15638
G1 X146.398 Y112.153 E1317.18968
G1 X145.885 Y111.542 E1317.22285
G1 X145.43 Y111.094 E1317.2494
G1 X144.829 Y110.592 E1317.28196
G1 X144.349 Y110.255 E1317.30634
G1 X143.662 Y109.859 E1317.33931
G1 X142.933 Y109.529 E1317.37258
G1 X142.174 Y109.273 E1317.40588
G1 X141.413 Y109.102 E1317.43831
G1 X141.394 Y109.097 E1317.43912
G1 X140.6 Y108.997 E1317.47239
G1 X139.8 Y108.977 E1317.50566
G1 X139.001 Y109.037 E1317.53898
G1 X138.214 Y109.176 E1317.5722
G1 X137.444 Y109.391 E1317.60544
G1 X136.699 Y109.684 E1317.63872
G1 X135.987 Y110.049 E1317.67199
G1 X135.314 Y110.483 E1317.70528
G1 X134.689 Y110.983 E1317.73856
G1 X134.117 Y111.54 E1317.77175
G1 X133.602 Y112.153 E1317.80504
G1 X133.151 Y112.815 E1317.83834
G1 X132.769 Y113.517 E1317.87157
G1 X132.459 Y114.254 E1317.90481
G1 X132.222 Y115.019 E1317.9381
G1 X132.063 Y115.803 E1317.97136
G1 X131.984 Y116.6 E1318.00466
G1 X131.984 Y117.4 E1318.03792
G1 X132.063 Y118.197 E1318.07122
G1 X132.222 Y118.981 E1318.10448
G1 X132.459 Y119.746 E1318.13777
G1 X132.769 Y120.483 E1318.17101
G1 X133.151 Y121.185 E1318.20424
G1 X133.602 Y121.847 E1318.23754
G1 X134.117 Y122.46 E1318.27083
G1 X134.689 Y123.017 E1318.30402
G1 X135.314 Y123.517 E1318.3373
G1 X135.984 Y123.949 E1318.37044
G1 X136.001 Y123.957 E1318.37122
G1 X136.551 Y124.243 E1318.397
G1 X136.565 Y124.248 E1318.39762
G1 X137.221 Y124.527 E1318.42725
G1 X137.829 Y124.727 E1318.45386
G1 X138.606 Y124.903 E1318.48699
G1 X139.4 Y125.003 E1318.52026
G1 X140.2 Y125.023 E1318.55353
G0 F7200 X140.19 Y124.623
G1 F3000 X140.946 Y124.566 E1318.58505
G1 X141.536 Y124.467 E1318.60992
G1 X142.067 Y124.34 E1318.63262
G1 X142.637 Y124.153 E1318.65756
G1 X143.327 Y123.859 E1318.68874
G1 X143.816 Y123.603 E1318.71169
G1 X144.452 Y123.192 E1318.74317
G1 X145.046 Y122.717 E1318.77479
G1 X145.59 Y122.187 E1318.80637
G1 X146.079 Y121.605 E1318.83797
G1 X146.507 Y120.976 E1318.8696
G1 X146.87 Y120.309 E1318.90117
G1 X147.165 Y119.61 E1318.93272
G1 X147.346 Y119.035 E1318.95778
G1 X147.503 Y118.356 E1318.98675
G1 X147.587 Y117.759 E1319.01182
G1 X147.62 Y117.217 E1319.03439
G1 X147.616 Y116.618 E1319.0593
G1 X147.541 Y115.863 E1319.09084
G1 X147.39 Y115.118 E1319.12245
G1 X147.165 Y114.391 E1319.15408
G1 X146.87 Y113.691 E1319.18567
G1 X146.507 Y113.024 E1319.21724
G1 X146.079 Y112.395 E1319.24887
G1 X145.591 Y111.814 E1319.28041
G1 X145.161 Y111.39 E1319.30552
G1 X144.586 Y110.91 E1319.33666
G1 X144.134 Y110.593 E1319.35961
G1 X143.479 Y110.215 E1319.39105
G1 X142.786 Y109.902 E1319.42267
G1 X142.066 Y109.659 E1319.45426
G1 X141.325 Y109.491 E1319.48585
G1 X140.57 Y109.396 E1319.51749
G1 X139.81 Y109.377 E1319.54909
G1 X139.051 Y109.434 E1319.58074
G1 X138.303 Y109.566 E1319.61232
G1 X137.571 Y109.771 E1319.64392
G1 X136.864 Y110.049 E1319.67551
G1 X136.187 Y110.396 E1319.70713
G1 X135.548 Y110.808 E1319.73874
G1 X134.954 Y111.283 E1319.77036
G1 X134.41 Y111.813 E1319.80194
G1 X133.921 Y112.395 E1319.83354
G1 X133.493 Y113.024 E1319.86518
G1 X133.13 Y113.691 E1319.89675
G1 X132.835 Y114.391 E1319.92833
G1 X132.61 Y115.118 E1319.95997
G1 X132.459 Y115.863 E1319.99157
G1 X132.384 Y116.62 E1320.0232
G1 X132.384 Y117.38 E1320.05479
G1 X132.459 Y118.137 E1320.08642
G1 X132.61 Y118.882 E1320.11802
G1 X132.835 Y119.609 E1320.14966
G1 X133.13 Y120.309 E1320.18125
G1 X133.493 Y120.976 E1320.21282
G1 X133.921 Y121.605 E1320.24445
G1 X134.41 Y122.187 E1320.27605
G1 X134.954 Y122.717 E1320.30763
G1 X135.548 Y123.192 E1320.33925
G1 X136.185 Y123.603 E1320.37077
G1 X136.721 Y123.881 E1320.39587
G1 X137.362 Y124.152 E1320.4248
G1 X137.936 Y124.341 E1320.44993
G1 X138.675 Y124.509 E1320.48143
G1 X139.43 Y124.604 E1320.51307
G1 X140.19 Y124.623 E1320.54468
G0 F7200 X140.18 Y124.223
;TYPE:WALL-OUTER
G1 F1500 X140.898 Y124.169 E1320.57461
G1 X141.456 Y124.075 E1320.59814
G1 X141.958 Y123.955 E1320.6196
G1 X142.496 Y123.778 E1320.64315
G1 X143.156 Y123.497 E1320.67297
G1 X143.614 Y123.257 E1320.69447
G1 X144.218 Y122.867 E1320.72436
G1 X144.781 Y122.417 E1320.75432
G1 X145.297 Y121.914 E1320.78428
G1 X145.76 Y121.363 E1320.8142
G1 X146.165 Y120.767 E1320.84416
G1 X146.509 Y120.135 E1320.87408
G1 X146.789 Y119.472 E1320.904
G1 X146.96 Y118.93 E1320.92763
G1 X147.109 Y118.283 E1320.95523
G1 X147.189 Y117.719 E1320.97891
G1 X147.22 Y117.206 E1321.00028
G1 X147.216 Y116.639 E1321.02385
G1 X147.145 Y115.923 E1321.05377
G1 X147.002 Y115.217 E1321.08372
G1 X146.789 Y114.528 E1321.1137
G1 X146.509 Y113.865 E1321.14362
G1 X146.165 Y113.233 E1321.17354
G1 X145.76 Y112.637 E1321.20349
G1 X145.297 Y112.086 E1321.23342
G1 X144.892 Y111.687 E1321.25705
G1 X144.342 Y111.228 E1321.28684
G1 X143.919 Y110.93 E1321.30835
G1 X143.296 Y110.571 E1321.33824
G1 X142.64 Y110.275 E1321.36816
G1 X141.957 Y110.045 E1321.39813
G1 X141.255 Y109.885 E1321.42806
G1 X140.54 Y109.795 E1321.45802
G1 X139.82 Y109.777 E1321.48796
G1 X139.101 Y109.831 E1321.51794
G1 X138.392 Y109.956 E1321.54787
G1 X137.699 Y110.151 E1321.5778
G1 X137.029 Y110.414 E1321.60773
G1 X136.387 Y110.743 E1321.63772
G1 X135.782 Y111.133 E1321.66765
G1 X135.219 Y111.583 E1321.69761
G1 X134.703 Y112.086 E1321.72757
G1 X134.24 Y112.637 E1321.75749
G1 X133.835 Y113.233 E1321.78745
G1 X133.491 Y113.865 E1321.81737
G1 X133.211 Y114.528 E1321.84729
G1 X132.998 Y115.217 E1321.87727
G1 X132.855 Y115.923 E1321.90722
G1 X132.784 Y116.64 E1321.93717
G1 X132.784 Y117.36 E1321.96711
G1 X132.855 Y118.077 E1321.99706
G1 X132.998 Y118.783 E1322.02701
G1 X133.211 Y119.472 E1322.05699
G1 X133.491 Y120.135 E1322.08692
G1 X133.835 Y120.767 E1322.11683
G1 X134.24 Y121.363 E1322.14679
G1 X134.703 Y121.914 E1322.17671
G1 X135.219 Y122.417 E1322.20667
G1 X135.782 Y122.867 E1322.23664
G1 X136.386 Y123.257 E1322.26653
G1 X136.891 Y123.519 E1322.29018
G1 X137.503 Y123.777 E1322.31779
G1 X138.043 Y123.955 E1322.34143
G1 X138.745 Y124.115 E1322.37137
G1 X139.46 Y124.205 E1322.40133
G1 X140.18 Y124.223 E1322.43127
G0 F7200 X140.191 Y124.662
G0 X140.192 Y124.722
G0 X138.669 Y124.548
G0 X137.348 Y124.189
G0 X106.187 Y108.506
;TYPE:WALL-INNER
G1 F3000 X106.918 Y108.336 E1322.46247
G1 X107.565 Y107.963 E1322.49352
G1 X108.074 Y107.415 E1322.52462
G1 X108.398 Y106.744 E1322.55559
G1 X108.509 Y106.04 E1322.58523
G1 X108.411 Y105.299 E1322.6163
G1 X108.079 Y104.59 E1322.64885
G1 X107.565 Y104.037 E1322.68024
G1 X106.918 Y103.664 E1322.71129
G1 X106.187 Y103.494 E1322.74249
G1 X105.44 Y103.553 E1322.77364
G1 X104.745 Y103.826 E1322.80469
G1 X104.158 Y104.292 E1322.83585
G1 X103.773 Y104.862 E1322.86444
G1 X103.739 Y104.911 E1322.86692
G1 X103.517 Y105.625 E1322.89801
G1 X103.517 Y106.375 E1322.92919
G1 X103.739 Y107.089 E1322.96028
G1 X104.158 Y107.708 E1322.99135
G1 X104.745 Y108.174 E1323.02251
G1 X105.44 Y108.447 E1323.05356
G1 X106.187 Y108.506 E1323.08471
G0 F7200 X106.157 Y108.102
G1 F3000 X106.77 Y107.96 E1323.11087
G1 X107.313 Y107.647 E1323.13693
G1 X107.74 Y107.187 E1323.16302
G1 X108.012 Y106.623 E1323.18906
G1 X108.105 Y106.035 E1323.21381
G1 X108.023 Y105.413 E1323.23989
G1 X107.743 Y104.816 E1323.2673
G1 X107.313 Y104.353 E1323.29357
G1 X106.77 Y104.04 E1323.31963
G1 X106.157 Y103.898 E1323.34579
G1 X105.531 Y103.947 E1323.3719
G1 X104.947 Y104.176 E1323.39798
G1 X104.455 Y104.567 E1323.42411
G1 X104.103 Y105.086 E1323.45018
G1 X103.917 Y105.686 E1323.47629
G1 X103.917 Y106.314 E1323.5024
G1 X104.103 Y106.914 E1323.52852
G1 X104.455 Y107.433 E1323.55459
G1 X104.947 Y107.824 E1323.58072
G1 X105.531 Y108.053 E1323.6068
G1 X106.157 Y108.102 E1323.6329
G0 F7200 X106.127 Y107.698
;TYPE:WALL-OUTER
G1 F1500 X106.622 Y107.584 E1323.65402
G1 X107.061 Y107.331 E1323.67509
G1 X107.406 Y106.959 E1323.69618
G1 X107.626 Y106.502 E1323.71727
G1 X107.701 Y106.03 E1323.73714
G1 X107.635 Y105.527 E1323.75823
G1 X107.407 Y105.042 E1323.78051
G1 X107.061 Y104.669 E1323.80166
G1 X106.622 Y104.416 E1323.82273
G1 X106.127 Y104.302 E1323.84385
G1 X105.621 Y104.341 E1323.86495
G1 X105.149 Y104.526 E1323.88602
G1 X104.752 Y104.842 E1323.90712
G1 X104.467 Y105.261 E1323.92819
G1 X104.317 Y105.746 E1323.94929
G1 X104.317 Y106.254 E1323.97041
G1 X104.467 Y106.739 E1323.99152
G1 X104.752 Y107.158 E1324.01259
G1 X105.149 Y107.474 E1324.03368
G1 X105.621 Y107.659 E1324.05476
G1 X106.127 Y107.698 E1324.07586
G0 F7200 X106.159 Y108.136
G0 X106.164 Y108.201
G0 X108.144 Y134.035
G0 X107.826 Y135.099
G0 X106.918 Y136.336
;TYPE:WALL-INNER
G1 F3000 X107.565 Y135.963 E1324.10691
G1 X108.074 Y135.415 E1324.138
G1 X108.398 Y134.744 E1324.16898
G1 X108.509 Y134.04 E1324.19861
G1 X108.411 Y133.299 E1324.22969
G1 X108.079 Y132.59 E1324.26224
G1 X107.565 Y132.037 E1324.29363
G1 X106.918 Y131.664 E1324.32467
G1 X106.187 Y131.494 E1324.35588
G1 X105.44 Y131.553 E1324.38703
G1 X104.745 Y131.826 E1324.41807
G1 X104.158 Y132.292 E1324.44923
G1 X103.773 Y132.862 E1324.47783
G1 X103.739 Y132.911 E1324.48031
G1 X103.517 Y133.625 E1324.5114
G1 X103.517 Y134.375 E1324.54258
G1 X103.739 Y135.089 E1324.57367
G1 X104.158 Y135.708 E1324.60474
G1 X104.745 Y136.174 E1324.6359
G1 X105.44 Y136.447 E1324.66695
G1 X106.187 Y136.506 E1324.6981
G1 X106.918 Y136.336 E1324.7293
G0 F7200 X106.77 Y135.96
G1 F3000 X107.313 Y135.647 E1324.75536
G1 X107.74 Y135.187 E1324.78145
G1 X108.012 Y134.623 E1324.80749
G1 X108.105 Y134.035 E1324.83224
G1 X108.023 Y133.413 E1324.85832
G1 X107.743 Y132.816 E1324.88573
G1 X107.313 Y132.353 E1324.912
G1 X106.77 Y132.04 E1324.93806
G1 X106.157 Y131.898 E1324.96422
G1 X105.531 Y131.947 E1324.99033
G1 X104.947 Y132.176 E1325.01641
G1 X104.455 Y132.567 E1325.04254
G1 X104.103 Y133.086 E1325.06861
G1 X103.917 Y133.686 E1325.09472
G1 X103.917 Y134.314 E1325.12083
G1 X104.103 Y134.914 E1325.14695
G1 X104.455 Y135.433 E1325.17302
G1 X104.947 Y135.824 E1325.19915
G1 X105.531 Y136.053 E1325.22523
G1 X106.157 Y136.102 E1325.25133
G1 X106.77 Y135.96 E1325.2775
G0 F7200 X106.622 Y135.584
;TYPE:WALL-OUTER
G1 F1500 X107.061 Y135.331 E1325.29856
G1 X107.406 Y134.959 E1325.31965
G1 X107.626 Y134.502 E1325.34074
G1 X107.701 Y134.03 E1325.36061
G1 X107.635 Y133.527 E1325.3817
G1 X107.407 Y133.042 E1325.40398
G1 X107.061 Y132.669 E1325.42514
G1 X106.622 Y132.416 E1325.4462
G1 X106.127 Y132.302 E1325.46732
G1 X105.621 Y132.341 E1325.48842
G1 X105.149 Y132.526 E1325.5095
G1 X104.752 Y132.842 E1325.53059
G1 X104.467 Y133.261 E1325.55166
G1 X104.317 Y133.746 E1325.57277
G1 X104.317 Y134.254 E1325.59389
G1 X104.467 Y134.739 E1325.61499
G1 X104.752 Y135.158 E1325.63606
G1 X105.149 Y135.474 E1325.65716
G1 X105.621 Y135.659 E1325.67823
G1 X106.127 Y135.698 E1325.69933
G1 X106.622 Y135.584 E1325.72045
G0 F7200 X106.782 Y135.993
G0 X106.806 Y136.053
G0 X106.035 Y137.5
;TYPE:WALL-INNER
G1 F3000 X105.557 Y137.468 E1325.74037
G1 X105.149 Y137.393 E1325.75761
G1 X104.732 Y137.259 E1325.77582
G1 X104.344 Y137.082 E1325.79355
G1 X104.01 Y136.876 E1325.80987
G1 X103.651 Y136.59 E1325.82895
G1 X103.338 Y136.268 E1325.84762
G1 X103.096 Y135.949 E1325.86427
G1 X102.706 Y135.179 E1325.90015
G1 X102.592 Y134.785 E1325.91721
G1 X102.5 Y133.981 E1325.95085
G1 X102.5 Y106.032 E1327.11284
G1 X102.531 Y105.557 E1327.13263
G1 X102.607 Y105.149 E1327.14988
G1 X102.74 Y104.735 E1327.16796
G1 X102.914 Y104.354 E1327.18537
G1 X103.154 Y103.969 E1327.20423
G1 X103.41 Y103.649 E1327.22127
G1 X103.728 Y103.341 E1327.23968
G1 X104.049 Y103.097 E1327.25644
G1 X104.439 Y102.871 E1327.27518
G1 X104.821 Y102.706 E1327.29248
G1 X105.237 Y102.589 E1327.31045
G1 X106.036 Y102.5 E1327.34387
G1 X173.965 Y102.5 E1330.16803
G1 X174.443 Y102.532 E1330.18795
G1 X174.851 Y102.607 E1330.2052
G1 X175.265 Y102.74 E1330.22327
G1 X175.646 Y102.914 E1330.24069
G1 X176.031 Y103.154 E1330.25955
G1 X176.351 Y103.41 E1330.27659
G1 X176.659 Y103.728 E1330.29499
G1 X176.903 Y104.049 E1330.31176
G1 X177.129 Y104.439 E1330.3305
G1 X177.294 Y104.821 E1330.3478
G1 X177.411 Y105.237 E1330.36576
G1 X177.5 Y106.027 E1330.39881
G1 X177.5 Y133.965 E1331.56034
G1 X177.468 Y134.443 E1331.58026
G1 X177.394 Y134.848 E1331.59738
G1 X177.085 Y135.649 E1331.63307
G1 X176.852 Y136.024 E1331.65142
G1 X176.585 Y136.357 E1331.66917
G1 X175.947 Y136.906 E1331.70416
G1 X175.176 Y137.295 E1331.74007
G1 X174.763 Y137.411 E1331.7579
G1 X173.964 Y137.5 E1331.79133
G1 X106.035 Y137.5 E1334.61548
G0 F7200 X106.024 Y137.9
G1 F3000 X105.508 Y137.866 E1334.63698
G1 X105.049 Y137.781 E1334.65639
G1 X104.587 Y137.633 E1334.67656
G1 X104.158 Y137.437 E1334.69617
G1 X103.777 Y137.202 E1334.71478
G1 X103.38 Y136.886 E1334.73588
G1 X103.033 Y136.529 E1334.75657
G1 X102.763 Y136.173 E1334.77515
G1 X102.511 Y135.735 E1334.79616
G1 X102.329 Y135.314 E1334.81523
G1 X102.199 Y134.867 E1334.83458
G1 X102.104 Y134.027 E1334.86973
G1 X102.1 Y134 E1334.87086
G1 X102.1 Y106.021 E1336.03409
G1 X102.134 Y105.508 E1336.05547
G1 X102.219 Y105.049 E1336.07488
G1 X102.366 Y104.59 E1336.09491
G1 X102.561 Y104.164 E1336.11439
G1 X102.825 Y103.74 E1336.13516
G1 X103.112 Y103.381 E1336.15427
G1 X103.467 Y103.037 E1336.17482
G1 X103.827 Y102.763 E1336.19363
G1 X104.239 Y102.526 E1336.21339
G1 X104.262 Y102.512 E1336.21451
G1 X104.688 Y102.328 E1336.2338
G1 X105.162 Y102.194 E1336.25428
G1 X106.01 Y102.1 E1336.28975
G1 X173.976 Y102.1 E1339.11545
G1 X174.492 Y102.134 E1339.13695
G1 X174.951 Y102.219 E1339.15636
G1 X175.41 Y102.366 E1339.17639
G1 X175.836 Y102.561 E1339.19587
G1 X176.26 Y102.825 E1339.21664
G1 X176.619 Y103.112 E1339.23575
G1 X176.963 Y103.467 E1339.2563
G1 X177.237 Y103.827 E1339.27511
G1 X177.474 Y104.239 E1339.29487
G1 X177.488 Y104.262 E1339.29599
G1 X177.672 Y104.688 E1339.31528
G1 X177.806 Y105.162 E1339.33576
G1 X177.9 Y106 E1339.37082
G1 X177.9 Y133.976 E1340.53392
G1 X177.866 Y134.492 E1340.55542
G1 X177.782 Y134.946 E1340.57462
G1 X177.64 Y135.392 E1340.59408
G1 X177.44 Y135.835 E1340.61429
G1 X177.177 Y136.258 E1340.635
G1 X176.888 Y136.62 E1340.65425
G1 X176.563 Y136.937 E1340.67313
G1 X176.19 Y137.222 E1340.69264
G1 X176.165 Y137.242 E1340.69398
G1 X175.765 Y137.475 E1340.71322
G1 X175.312 Y137.672 E1340.73376
G1 X174.838 Y137.806 E1340.75424
G1 X173.99 Y137.9 E1340.78971
G1 X106.024 Y137.9 E1343.61541
G0 F7200 X106.013 Y138.3
;TYPE:WALL-OUTER
G1 F1500 X105.459 Y138.264 E1343.63849
G1 X104.949 Y138.169 E1343.66006
G1 X104.442 Y138.007 E1343.68219
G1 X103.972 Y137.792 E1343.70367
G1 X103.544 Y137.528 E1343.72458
G1 X103.11 Y137.182 E1343.74766
G1 X102.733 Y136.794 E1343.77015
G1 X102.425 Y136.389 E1343.7913
G1 X102.156 Y135.922 E1343.81371
G1 X101.951 Y135.446 E1343.83525
G1 X101.808 Y134.954 E1343.85656
G1 X101.722 Y134.426 E1343.8788
G1 X101.7 Y134 E1343.89653
G1 X101.7 Y106.013 E1345.0601
G1 X101.736 Y105.459 E1345.08318
G1 X101.831 Y104.949 E1345.10475
G1 X101.993 Y104.442 E1345.12687
G1 X102.207 Y103.976 E1345.14819
G1 X102.497 Y103.51 E1345.17101
G1 X102.813 Y103.114 E1345.19208
G1 X103.206 Y102.733 E1345.21483
G1 X103.611 Y102.425 E1345.23599
G1 X104.078 Y102.156 E1345.25839
G1 X104.555 Y101.95 E1345.27999
G1 X105.075 Y101.803 E1345.30246
G1 X105.574 Y101.722 E1345.32348
G1 X106.01 Y101.7 E1345.34163
G1 X173.987 Y101.7 E1348.16778
G1 X174.541 Y101.736 E1348.19086
G1 X175.051 Y101.831 E1348.21243
G1 X175.558 Y101.993 E1348.23456
G1 X176.024 Y102.207 E1348.25588
G1 X176.49 Y102.497 E1348.2787
G1 X176.886 Y102.813 E1348.29976
G1 X177.267 Y103.206 E1348.32252
G1 X177.575 Y103.611 E1348.34367
G1 X177.844 Y104.078 E1348.36608
G1 X178.05 Y104.555 E1348.38768
G1 X178.197 Y105.075 E1348.41015
G1 X178.278 Y105.574 E1348.43117
G1 X178.3 Y106 E1348.4489
G1 X178.3 Y133.987 E1349.61246
G1 X178.264 Y134.541 E1349.63555
G1 X178.17 Y135.044 E1349.65682
G1 X178.013 Y135.538 E1349.67837
G1 X177.795 Y136.022 E1349.70044
G1 X177.503 Y136.49 E1349.72337
G1 X177.187 Y136.886 E1349.74444
G1 X176.822 Y137.242 E1349.76563
G1 X176.387 Y137.576 E1349.78844
G1 X175.947 Y137.832 E1349.8096
G1 X175.445 Y138.05 E1349.83235
G1 X174.925 Y138.197 E1349.85482
G1 X174.426 Y138.278 E1349.87584
G1 X173.99 Y138.3 E1349.89399
G1 X106.013 Y138.3 E1352.72014
G0 F7200 X106.027 Y137.861
G0 X106.027 Y137.8
G0 X104.067 Y134.931
G0 X103.832 Y103.349
;TYPE:FILL
G1 F3000 X104.452 Y103.968 E1352.74746
G0 F7200 X104.014 Y104.379
G1 F3000 X103.403 Y103.767 E1352.77443
G0 F7200 X103.05 Y104.264
G1 F3000 X103.673 Y104.887 E1352.8019
G0 F7200 X103.472 Y105.534
G1 F3000 X102.779 Y104.841 E1352.83246
G0 F7200 X102.608 Y105.519
G1 F3000 X103.446 Y106.357 E1352.86941
G0 F7200 X102.569 Y106.328
G1 F3000 X133.67 Y137.429 E1354.24088
G0 F7200 X134.518 Y137.429
G1 F3000 X105.62 Y108.53 E1355.51522
G0 F7200 X106.453 Y108.515
G1 F3000 X135.367 Y137.429 E1356.79024
G0 F7200 X136.215 Y137.429
G1 F3000 X107.099 Y108.312 E1358.07419
G0 F7200 X107.629 Y107.994
G1 F3000 X137.064 Y137.429 E1359.37219
G0 F7200 X137.912 Y137.429
G1 F3000 X108.038 Y107.555 E1360.68955
G0 F7200 X108.345 Y107.012
G1 F3000 X138.761 Y137.429 E1362.03083
G0 F7200 X139.609 Y137.429
G1 F3000 X108.53 Y106.349 E1363.40135
G0 F7200 X108.504 Y105.474
G1 F3000 X140.458 Y137.429 E1364.81045
G0 F7200 X141.307 Y137.429
G1 F3000 X106.447 Y102.57 E1366.34765
G0 F7200 X105.644 Y102.615
G1 F3000 X106.532 Y103.502 E1366.38679
G0 F7200 X105.647 Y103.466
G1 F3000 X104.928 Y102.747 E1366.4185
G0 F7200 X104.341 Y103.009
G1 F3000 X104.987 Y103.655 E1366.44698
G0 F7200 X107.296 Y102.57
G1 F3000 X142.156 Y137.429 E1367.98419
G0 F7200 X143.004 Y137.429
G1 F3000 X108.144 Y102.57 E1369.52139
G0 F7200 X108.993 Y102.57
G1 F3000 X143.853 Y137.429 E1371.05859
G0 F7200 X144.701 Y137.429
G1 F3000 X109.841 Y102.57 E1372.5958
G0 F7200 X110.69 Y102.57
G1 F3000 X145.55 Y137.429 E1374.133
G0 F7200 X146.398 Y137.429
G1 F3000 X111.539 Y102.57 E1375.67018
G0 F7200 X112.387 Y102.57
G1 F3000 X147.247 Y137.429 E1377.20739
G0 F7200 X148.095 Y137.429
G1 F3000 X113.236 Y102.57 E1378.74457
G0 F7200 X114.084 Y102.57
G1 F3000 X148.944 Y137.429 E1380.28177
G0 F7200 X149.792 Y137.429
G1 F3000 X136.779 Y124.416 E1380.85561
G0 F7200 X138.063 Y124.851
G1 F3000 X150.641 Y137.429 E1381.41026
G0 F7200 X151.489 Y137.429
G1 F3000 X139.096 Y125.036 E1381.95676
G0 F7200 X139.996 Y125.087
G1 F3000 X152.338 Y137.429 E1382.501
G0 F7200 X153.186 Y137.429
G1 F3000 X140.805 Y125.048 E1383.04697
G0 F7200 X141.547 Y124.941
G1 F3000 X154.035 Y137.429 E1383.59766
G0 F7200 X154.883 Y137.429
G1 F3000 X142.233 Y124.779 E1384.15548
G0 F7200 X142.868 Y124.565
G1 F3000 X155.732 Y137.429 E1384.72275
G0 F7200 X156.581 Y137.429
G1 F3000 X143.463 Y124.312 E1385.30119
G0 F7200 X144.024 Y124.025
G1 F3000 X157.429 Y137.429 E1385.89229
G0 F7200 X158.278 Y137.429
G1 F3000 X144.541 Y123.693 E1386.49803
G0 F7200 X145.029 Y123.332
G1 F3000 X159.126 Y137.429 E1387.11967
G0 F7200 X159.975 Y137.429
G1 F3000 X145.487 Y122.942 E1387.75853
G0 F7200 X145.917 Y122.523
G1 F3000 X160.823 Y137.429 E1388.41584
G0 F7200 X161.672 Y137.429
G1 F3000 X146.305 Y122.062 E1389.09348
G0 F7200 X146.666 Y121.575
G1 F3000 X162.52 Y137.429 E1389.7926
G0 F7200 X163.369 Y137.429
G1 F3000 X146.996 Y121.057 E1390.51458
G0 F7200 X147.295 Y120.507
G1 F3000 X164.217 Y137.429 E1391.26079
G0 F7200 X165.066 Y137.429
G1 F3000 X147.547 Y119.91 E1392.03333
G0 F7200 X147.761 Y119.276
G1 F3000 X165.914 Y137.429 E1392.83382
G0 F7200 X166.763 Y137.429
G1 F3000 X147.928 Y118.595 E1393.66437
G0 F7200 X148.045 Y117.863
G1 F3000 X167.611 Y137.429 E1394.52717
G0 F7200 X168.46 Y137.429
G1 F3000 X148.087 Y117.057 E1395.42554
G0 F7200 X148.042 Y116.163
G1 F3000 X169.308 Y137.429 E1396.36331
G0 F7200 X170.157 Y137.429
G1 F3000 X147.874 Y115.146 E1397.34593
G0 F7200 X147.462 Y113.886
G1 F3000 X171.005 Y137.429 E1398.38411
G0 F7200 X171.854 Y137.429
G1 F3000 X146.013 Y111.588 E1399.52362
G0 F7200 X145.412 Y110.987
G1 F3000 X136.994 Y102.57 E1399.89481
G0 F7200 X136.146 Y102.57
G1 F3000 X143.105 Y109.529 E1400.20168
G0 F7200 X141.856 Y109.129
G1 F3000 X135.297 Y102.57 E1400.49091
G0 F7200 X134.449 Y102.57
G1 F3000 X140.834 Y108.955 E1400.77247
G0 F7200 X139.941 Y108.91
G1 F3000 X133.6 Y102.57 E1401.05207
G0 F7200 X132.752 Y102.57
G1 F3000 X139.138 Y108.956 E1401.33367
G0 F7200 X138.404 Y109.07
G1 F3000 X131.903 Y102.57 E1401.62033
G0 F7200 X131.055 Y102.57
G1 F3000 X137.724 Y109.239 E1401.91441
G0 F7200 X137.09 Y109.453
G1 F3000 X130.206 Y102.57 E1402.21795
G0 F7200 X129.358 Y102.57
G1 F3000 X136.496 Y109.708 E1402.53272
G0 F7200 X135.936 Y109.996
G1 F3000 X128.509 Y102.57 E1402.86021
G0 F7200 X127.661 Y102.57
G1 F3000 X135.42 Y110.329 E1403.20236
G0 F7200 X134.935 Y110.693
G1 F3000 X126.812 Y102.57 E1403.56056
G0 F7200 X125.964 Y102.57
G1 F3000 X134.48 Y111.086 E1403.93609
G0 F7200 X134.054 Y111.508
G1 F3000 X125.115 Y102.57 E1404.33025
G0 F7200 X124.266 Y102.57
G1 F3000 X133.666 Y111.969 E1404.74474
G0 F7200 X133.308 Y112.459
G1 F3000 X123.418 Y102.57 E1405.18084
G0 F7200 X122.569 Y102.57
G1 F3000 X132.981 Y112.981 E1405.63996
G0 F7200 X132.685 Y113.533
G1 F3000 X121.721 Y102.57 E1406.12342
G0 F7200 X120.872 Y102.57
G1 F3000 X132.433 Y114.13 E1406.6332
G0 F7200 X132.224 Y114.77
G1 F3000 X120.024 Y102.57 E1407.17119
G0 F7200 X119.175 Y102.57
G1 F3000 X132.061 Y115.455 E1407.7394
G0 F7200 X131.952 Y116.195
G1 F3000 X118.327 Y102.57 E1408.34022
G0 F7200 X117.478 Y102.57
G1 F3000 X131.912 Y117.004 E1408.97672
G0 F7200 X131.962 Y117.902
G1 F3000 X116.63 Y102.57 E1409.65282
G0 F7200 X115.781 Y102.57
G1 F3000 X132.138 Y118.926 E1410.37409
G0 F7200 X132.579 Y120.216
G1 F3000 X114.933 Y102.57 E1411.15223
G0 F7200 X105.523 Y103.909
G0 X104.523 Y104.464
G0 X102.569 Y107.176
G1 F3000 X132.821 Y137.429 E1412.48628
G0 F7200 X131.972 Y137.429
G1 F3000 X102.569 Y108.025 E1413.78289
G0 F7200 X102.569 Y108.873
G1 F3000 X131.124 Y137.429 E1415.0421
G0 F7200 X130.275 Y137.429
G1 F3000 X102.569 Y109.722 E1416.26388
G0 F7200 X102.569 Y110.57
G1 F3000 X129.427 Y137.429 E1417.44826
G0 F7200 X128.578 Y137.429
G1 F3000 X102.569 Y111.419 E1418.59521
G0 F7200 X102.569 Y112.268
G1 F3000 X127.73 Y137.429 E1419.70473
G0 F7200 X126.881 Y137.429
G1 F3000 X102.569 Y113.116 E1420.77685
G0 F7200 X102.569 Y113.965
G1 F3000 X126.033 Y137.429 E1421.81154
G0 F7200 X125.184 Y137.429
G1 F3000 X102.569 Y114.813 E1422.80882
G0 F7200 X102.569 Y115.662
G1 F3000 X124.336 Y137.429 E1423.76868
G0 F7200 X123.487 Y137.429
G1 F3000 X102.569 Y116.51 E1424.69113
G0 F7200 X102.569 Y117.359
G1 F3000 X122.639 Y137.429 E1425.57616
G0 F7200 X121.79 Y137.429
G1 F3000 X102.569 Y118.207 E1426.42377
G0 F7200 X102.569 Y119.056
G1 F3000 X120.942 Y137.429 E1427.23397
G0 F7200 X120.093 Y137.429
G1 F3000 X102.569 Y119.904 E1428.00675
G0 F7200 X102.569 Y120.753
G1 F3000 X119.245 Y137.429 E1428.74211
G0 F7200 X118.396 Y137.429
G1 F3000 X102.569 Y121.601 E1429.44006
G0 F7200 X102.569 Y122.45
G1 F3000 X117.548 Y137.429 E1430.10059
G0 F7200 X116.699 Y137.429
G1 F3000 X102.569 Y123.298 E1430.7237
G0 F7200 X102.569 Y124.147
G1 F3000 X115.85 Y137.429 E1431.30938
G0 F7200 X115.002 Y137.429
G1 F3000 X102.569 Y124.995 E1431.85766
G0 F7200 X102.569 Y125.844
G1 F3000 X114.153 Y137.429 E1432.3685
G0 F7200 X113.305 Y137.429
G1 F3000 X102.569 Y126.693 E1432.84193
G0 F7200 X102.569 Y127.541
G1 F3000 X106.529 Y131.501 E1433.01655
G0 F7200 X105.645 Y131.465
G1 F3000 X102.569 Y128.39 E1433.15218
G0 F7200 X102.569 Y129.238
G1 F3000 X104.986 Y131.655 E1433.25876
G0 F7200 X104.45 Y131.968
G1 F3000 X102.569 Y130.087 E1433.3417
G0 F7200 X102.569 Y130.935
G1 F3000 X104.013 Y132.38 E1433.4054
G0 F7200 X103.673 Y132.887
G1 F3000 X102.569 Y131.784 E1433.45406
G0 F7200 X102.569 Y132.632
G1 F3000 X103.471 Y133.534 E1433.49384
G0 F7200 X103.446 Y134.358
G1 F3000 X102.569 Y133.481 E1433.53251
G0 F7200 X102.614 Y134.375
G1 F3000 X105.641 Y137.402 E1433.66599
G0 F7200 X105.619 Y136.531
G1 F3000 X106.517 Y137.429 E1433.70559
G0 F7200 X107.365 Y137.429
G1 F3000 X106.452 Y136.515 E1433.74588
G0 F7200 X107.097 Y136.312
G1 F3000 X108.214 Y137.429 E1433.79513
G0 F7200 X109.062 Y137.429
G1 F3000 X107.628 Y135.995 E1433.85837
G0 F7200 X108.038 Y135.555
G1 F3000 X109.911 Y137.429 E1433.94098
G0 F7200 X110.759 Y137.429
G1 F3000 X108.345 Y135.014 E1434.04746
G0 F7200 X108.53 Y134.35
G1 F3000 X111.608 Y137.429 E1434.18321
G0 F7200 X112.456 Y137.429
G1 F3000 X108.505 Y133.477 E1434.35746
G0 F7200 X107.773 Y135.209
G0 X107.025 Y135.858
G0 X104.437 Y137.046
G1 F3000 X103.005 Y135.614 E1434.42061
G0 F7200 X104.067 Y133.069
G0 X137.843 Y102.57
G1 F3000 X172.703 Y137.429 E1435.95781
G0 F7200 X173.551 Y137.429
G1 F3000 X138.691 Y102.57 E1437.49501
G0 F7200 X139.54 Y102.57
G1 F3000 X171.487 Y134.517 E1438.90379
G0 F7200 X171.446 Y133.627
G1 F3000 X140.388 Y102.57 E1440.27333
G0 F7200 X141.237 Y102.57
G1 F3000 X171.645 Y132.978 E1441.61424
G0 F7200 X171.966 Y132.45
G1 F3000 X142.086 Y102.57 E1442.93186
G0 F7200 X142.934 Y102.57
G1 F3000 X172.385 Y132.021 E1444.23056
G0 F7200 X172.901 Y131.688
G1 F3000 X143.783 Y102.57 E1445.51458
G0 F7200 X144.631 Y102.57
G1 F3000 X173.536 Y131.474 E1446.78919
G0 F7200 X174.376 Y131.466
G1 F3000 X145.48 Y102.57 E1448.06342
G0 F7200 X146.328 Y102.57
G1 F3000 X177.429 Y133.67 E1449.43486
G0 F7200 X177.39 Y134.48
G1 F3000 X176.522 Y133.612 E1449.47314
G0 F7200 X176.513 Y134.452
G1 F3000 X177.205 Y135.143 E1449.50363
G0 F7200 X176.948 Y135.735
G1 F3000 X176.305 Y135.092 E1449.53199
G0 F7200 X175.981 Y135.616
G1 F3000 X176.597 Y136.232 E1449.55915
G0 F7200 X176.152 Y136.636
G1 F3000 X175.561 Y136.045 E1449.58521
G0 F7200 X175.023 Y136.355
G1 F3000 X175.646 Y136.978 E1449.61268
G0 F7200 X175.07 Y137.251
G1 F3000 X174.356 Y136.538 E1449.64415
G0 F7200 X174.355 Y137.385
G1 F3000 X173.492 Y136.521 E1449.68223
G0 F7200 X174.784 Y135.997
G0 X175.583 Y135.413
G0 X177.429 Y132.822
G1 F3000 X147.177 Y102.57 E1451.01625
G0 F7200 X148.025 Y102.57
G1 F3000 X177.429 Y131.973 E1452.31286
G0 F7200 X177.429 Y131.125
G1 F3000 X148.874 Y102.57 E1453.57205
G0 F7200 X149.722 Y102.57
G1 F3000 X177.429 Y130.276 E1454.79383
G0 F7200 X177.429 Y129.428
G1 F3000 X150.571 Y102.57 E1455.97819
G0 F7200 X151.419 Y102.57
G1 F3000 X177.429 Y128.579 E1457.12514
G0 F7200 X177.429 Y127.731
G1 F3000 X152.268 Y102.57 E1458.23466
G0 F7200 X153.116 Y102.57
G1 F3000 X177.429 Y126.882 E1459.30678
G0 F7200 X177.429 Y126.034
G1 F3000 X153.965 Y102.57 E1460.34147
G0 F7200 X154.813 Y102.57
G1 F3000 X177.429 Y125.185 E1461.33875
G0 F7200 X177.429 Y124.336
G1 F3000 X155.662 Y102.57 E1462.29859
G0 F7200 X156.511 Y102.57
G1 F3000 X177.429 Y123.488 E1463.22101
G0 F7200 X177.429 Y122.639
G1 F3000 X157.359 Y102.57 E1464.10602
G0 F7200 X158.208 Y102.57
G1 F3000 X177.429 Y121.791 E1464.95361
G0 F7200 X177.429 Y120.942
G1 F3000 X159.056 Y102.57 E1465.76379
G0 F7200 X159.905 Y102.57
G1 F3000 X177.429 Y120.094 E1466.53654
G0 F7200 X177.429 Y119.245
G1 F3000 X160.753 Y102.57 E1467.27189
G0 F7200 X161.602 Y102.57
G1 F3000 X177.429 Y118.397 E1467.96981
G0 F7200 X177.429 Y117.548
G1 F3000 X162.45 Y102.57 E1468.63032
G0 F7200 X163.299 Y102.57
G1 F3000 X177.429 Y116.7 E1469.25341
G0 F7200 X177.429 Y115.851
G1 F3000 X164.147 Y102.57 E1469.83909
G0 F7200 X164.996 Y102.57
G1 F3000 X177.429 Y115.003 E1470.38735
G0 F7200 X177.429 Y114.154
G1 F3000 X165.844 Y102.57 E1470.89819
G0 F7200 X166.693 Y102.57
G1 F3000 X177.429 Y113.306 E1471.37162
G0 F7200 X177.429 Y112.457
G1 F3000 X173.493 Y108.521 E1471.54518
G0 F7200 X174.358 Y108.538
G1 F3000 X177.429 Y111.609 E1471.68061
G0 F7200 X177.429 Y110.76
G1 F3000 X175.024 Y108.355 E1471.78666
G0 F7200 X175.561 Y108.044
G1 F3000 X177.429 Y109.911 E1471.86901
G0 F7200 X177.429 Y109.063
G1 F3000 X175.981 Y107.615 E1471.93286
G0 F7200 X176.306 Y107.092
G1 F3000 X177.429 Y108.214 E1471.98236
G0 F7200 X177.429 Y107.366
G1 F3000 X176.513 Y106.45 E1472.02276
G0 F7200 X176.522 Y105.61
G1 F3000 X177.429 Y106.517 E1472.06275
G0 F7200 X177.384 Y105.624
G1 F3000 X174.356 Y102.596 E1472.19628
G0 F7200 X174.378 Y103.467
G1 F3000 X173.481 Y102.57 E1472.23583
G0 F7200 X172.633 Y102.57
G1 F3000 X173.537 Y103.474 E1472.2757
G0 F7200 X172.903 Y103.688
G1 F3000 X171.784 Y102.57 E1472.32502
G0 F7200 X170.935 Y102.57
G1 F3000 X172.386 Y104.02 E1472.38898
G0 F7200 X171.966 Y104.449
G1 F3000 X170.087 Y102.57 E1472.47184
G0 F7200 X169.238 Y102.57
G1 F3000 X171.645 Y104.977 E1472.57798
G0 F7200 X171.446 Y105.626
G1 F3000 X168.39 Y102.57 E1472.71274
G0 F7200 X167.541 Y102.57
G1 F3000 X171.486 Y106.515 E1472.88671
G0 F7200 X172.067 Y105.069
G0 X172.831 Y104.218
G0 X175.559 Y102.951
G1 F3000 X177.047 Y104.438 E1472.9523
G1 F2400 E1469.9523
;MESH:NONMESH
G0 F600 X177.047 Y104.438 Z1.65
G0 F7200 X175.773 Y107.209
G0 X174.89 Y107.936
G0 X173.44 Y108.447
;TIME_ELAPSED:1252.699776
;LAYER:5
;TYPE:WALL-INNER
;MESH:Case3D_Sensor-Tampa.stl
G1 F2400 E1472.9523
G1 F3000 X174.187 Y108.506 E1472.98345
G1 X174.921 Y108.336 E1473.01478
G1 X175.583 Y107.949 E1473.04666
G1 X176.076 Y107.412 E1473.07697
G1 X176.398 Y106.742 E1473.10787
G1 X176.499 Y106.084 E1473.13555
G1 X176.509 Y106.025 E1473.13804
G1 X176.401 Y105.263 E1473.17003
G1 X176.074 Y104.585 E1473.20133
G1 X175.565 Y104.037 E1473.23242
G1 X174.918 Y103.664 E1473.26347
G1 X174.187 Y103.494 E1473.29467
G1 X173.44 Y103.553 E1473.32583
G1 X172.745 Y103.826 E1473.35687
G1 X172.158 Y104.292 E1473.38803
G1 X171.773 Y104.862 E1473.41663
G1 X171.739 Y104.911 E1473.41911
G1 X171.517 Y105.625 E1473.4502
G1 X171.517 Y106.375 E1473.48138
G1 X171.739 Y107.089 E1473.51246
G1 X172.158 Y107.708 E1473.54354
G1 X172.745 Y108.174 E1473.5747
G1 X173.44 Y108.447 E1473.60574
G0 F7200 X173.531 Y108.053
G1 F3000 X174.157 Y108.102 E1473.63185
G1 X174.772 Y107.96 E1473.65809
G1 X175.329 Y107.634 E1473.68492
G1 X175.741 Y107.185 E1473.71026
G1 X176.012 Y106.622 E1473.73624
G1 X176.105 Y106.022 E1473.76148
G1 X176.014 Y105.381 E1473.78839
G1 X175.74 Y104.813 E1473.81461
G1 X175.313 Y104.353 E1473.84071
G1 X174.77 Y104.04 E1473.86677
G1 X174.157 Y103.898 E1473.89293
G1 X173.531 Y103.947 E1473.91903
G1 X172.947 Y104.176 E1473.94511
G1 X172.455 Y104.567 E1473.97124
G1 X172.103 Y105.086 E1473.99731
G1 X171.917 Y105.686 E1474.02343
G1 X171.917 Y106.314 E1474.04954
G1 X172.103 Y106.914 E1474.07565
G1 X172.455 Y107.433 E1474.10172
G1 X172.947 Y107.824 E1474.12785
G1 X173.531 Y108.053 E1474.15393
G0 F7200 X173.621 Y107.659
;TYPE:WALL-OUTER
G1 F1500 X174.127 Y107.698 E1474.17503
G1 X174.623 Y107.584 E1474.19619
G1 X175.075 Y107.319 E1474.21797
G1 X175.406 Y106.958 E1474.23834
G1 X175.626 Y106.502 E1474.25939
G1 X175.701 Y106.019 E1474.27971
G1 X175.627 Y105.499 E1474.30154
G1 X175.406 Y105.041 E1474.32269
G1 X175.061 Y104.669 E1474.34378
G1 X174.622 Y104.416 E1474.36485
G1 X174.127 Y104.302 E1474.38596
G1 X173.621 Y104.341 E1474.40706
G1 X173.149 Y104.526 E1474.42814
G1 X172.752 Y104.842 E1474.44924
G1 X172.467 Y105.261 E1474.4703
G1 X172.317 Y105.746 E1474.49141
G1 X172.317 Y106.254 E1474.51253
G1 X172.467 Y106.739 E1474.53364
G1 X172.752 Y107.158 E1474.5547
G1 X173.149 Y107.474 E1474.5758
G1 X173.621 Y107.659 E1474.59688
G0 F7200 X173.523 Y108.087
G0 X173.509 Y108.15
G0 X171.878 Y133.681
G0 X172.067 Y134.931
G0 X173.44 Y136.447
;TYPE:WALL-INNER
G1 F3000 X174.187 Y136.506 E1474.62803
G1 X174.921 Y136.336 E1474.65935
G1 X175.583 Y135.949 E1474.69124
G1 X176.076 Y135.412 E1474.72154
G1 X176.398 Y134.742 E1474.75245
G1 X176.499 Y134.084 E1474.78013
G1 X176.509 Y134.025 E1474.78261
G1 X176.401 Y133.263 E1474.81461
G1 X176.074 Y132.585 E1474.84591
G1 X175.565 Y132.037 E1474.877
G1 X174.918 Y131.664 E1474.90805
G1 X174.187 Y131.494 E1474.93925
G1 X173.44 Y131.553 E1474.97041
G1 X172.745 Y131.826 E1475.00145
G1 X172.158 Y132.292 E1475.03261
G1 X171.773 Y132.862 E1475.06121
G1 X171.739 Y132.911 E1475.06369
G1 X171.517 Y133.625 E1475.09477
G1 X171.517 Y134.375 E1475.12595
G1 X171.739 Y135.089 E1475.15704
G1 X172.158 Y135.708 E1475.18812
G1 X172.745 Y136.174 E1475.21928
G1 X173.44 Y136.447 E1475.25032
G0 F7200 X173.531 Y136.053
G1 F3000 X174.157 Y136.102 E1475.27643
G1 X174.772 Y135.96 E1475.30267
G1 X175.329 Y135.634 E1475.3295
G1 X175.741 Y135.185 E1475.35483
G1 X176.012 Y134.622 E1475.38081
G1 X176.105 Y134.022 E1475.40605
G1 X176.014 Y133.381 E1475.43297
G1 X175.74 Y132.813 E1475.45919
G1 X175.313 Y132.353 E1475.48528
G1 X174.77 Y132.04 E1475.51134
G1 X174.157 Y131.898 E1475.5375
G1 X173.531 Y131.947 E1475.56361
G1 X172.947 Y132.176 E1475.58969
G1 X172.455 Y132.567 E1475.61582
G1 X172.103 Y133.086 E1475.64189
G1 X171.917 Y133.686 E1475.668
G1 X171.917 Y134.314 E1475.69411
G1 X172.103 Y134.914 E1475.72023
G1 X172.455 Y135.433 E1475.7463
G1 X172.947 Y135.824 E1475.77243
G1 X173.531 Y136.053 E1475.79851
G0 F7200 X173.621 Y135.659
;TYPE:WALL-OUTER
G1 F1500 X174.127 Y135.698 E1475.81961
G1 X174.623 Y135.584 E1475.84077
G1 X175.075 Y135.319 E1475.86255
G1 X175.406 Y134.958 E1475.88291
G1 X175.626 Y134.502 E1475.90396
G1 X175.701 Y134.019 E1475.92428
G1 X175.627 Y133.499 E1475.94612
G1 X175.406 Y133.041 E1475.96726
G1 X175.061 Y132.669 E1475.98836
G1 X174.622 Y132.416 E1476.00942
G1 X174.127 Y132.302 E1476.03054
G1 X173.621 Y132.341 E1476.05164
G1 X173.149 Y132.526 E1476.07272
G1 X172.752 Y132.842 E1476.09381
G1 X172.467 Y133.261 E1476.11488
G1 X172.317 Y133.746 E1476.13599
G1 X172.317 Y134.254 E1476.15711
G1 X172.467 Y134.739 E1476.17821
G1 X172.752 Y135.158 E1476.19928
G1 X173.149 Y135.474 E1476.22038
G1 X173.621 Y135.659 E1476.24145
G0 F7200 X173.523 Y136.087
G0 X173.509 Y136.15
G0 X139.782 Y125.021
;TYPE:WALL-INNER
G1 F3000 X139.799 Y125.023 E1476.24217
G1 X140.396 Y125.015 E1476.26699
G1 X140.999 Y124.963 E1476.29215
G1 X141.586 Y124.865 E1476.31689
G1 X142.173 Y124.725 E1476.34198
G1 X142.741 Y124.541 E1476.36681
G1 X143.301 Y124.315 E1476.39191
G1 X143.839 Y124.045 E1476.41694
G1 X144.354 Y123.741 E1476.4418
G1 X144.848 Y123.393 E1476.46692
G1 X145.31 Y123.017 E1476.49169
G1 X145.744 Y122.602 E1476.51665
G1 X146.148 Y122.159 E1476.54158
G1 X146.516 Y121.682 E1476.56663
G1 X146.849 Y121.186 E1476.59147
G1 X147.141 Y120.658 E1476.61655
G1 X147.396 Y120.117 E1476.64142
G1 X147.606 Y119.552 E1476.66648
G1 X147.778 Y118.98 E1476.69131
G1 X147.902 Y118.39 E1476.71637
G1 X147.903 Y118.377 E1476.71692
G1 X147.982 Y117.814 E1476.74055
G1 X147.985 Y117.797 E1476.74127
G1 X147.985 Y117.782 E1476.74189
G1 X148.02 Y117.197 E1476.76626
G1 X148.016 Y116.6 E1476.79108
G1 X147.961 Y115.999 E1476.81617
G1 X147.866 Y115.41 E1476.84098
G1 X147.723 Y114.824 E1476.86605
G1 X147.541 Y114.252 E1476.89101
G1 X147.312 Y113.699 E1476.91589
G1 X147.05 Y113.162 E1476.94073
G1 X146.738 Y112.645 E1476.96584
G1 X146.398 Y112.153 E1476.9907
G1 X146.014 Y111.689 E1477.01574
G1 X145.603 Y111.254 E1477.04062
G1 X145.155 Y110.852 E1477.06565
G1 X144.686 Y110.484 E1477.09043
G1 X144.181 Y110.151 E1477.11558
G1 X143.66 Y109.859 E1477.14041
G1 X143.116 Y109.606 E1477.16536
G1 X142.555 Y109.391 E1477.19034
G1 X141.984 Y109.226 E1477.21505
G1 X141.395 Y109.097 E1477.24011
G1 X140.797 Y109.017 E1477.2652
G1 X140.784 Y109.017 E1477.26574
G1 X140.218 Y108.979 E1477.28932
G1 X140.201 Y108.977 E1477.29003
G1 X139.604 Y108.985 E1477.31486
G1 X139.001 Y109.037 E1477.34002
G1 X138.408 Y109.137 E1477.36502
G1 X137.827 Y109.275 E1477.38985
G1 X137.252 Y109.462 E1477.41499
G1 X136.699 Y109.685 E1477.43978
G1 X136.161 Y109.955 E1477.4648
G1 X135.646 Y110.259 E1477.48967
G1 X135.152 Y110.607 E1477.51479
G1 X134.69 Y110.983 E1477.53955
G1 X134.256 Y111.398 E1477.56452
G1 X133.852 Y111.841 E1477.58945
G1 X133.484 Y112.318 E1477.61449
G1 X133.151 Y112.814 E1477.63933
G1 X132.859 Y113.342 E1477.66442
G1 X132.604 Y113.883 E1477.68928
G1 X132.394 Y114.448 E1477.71434
G1 X132.222 Y115.02 E1477.73917
G1 X132.098 Y115.61 E1477.76424
G1 X132.097 Y115.623 E1477.76478
G1 X132.018 Y116.186 E1477.78842
G1 X132.015 Y116.203 E1477.78914
G1 X132.015 Y116.218 E1477.78976
G1 X131.98 Y116.803 E1477.81412
G1 X131.984 Y117.4 E1477.83894
G1 X132.039 Y118.001 E1477.86404
G1 X132.134 Y118.59 E1477.88884
G1 X132.277 Y119.176 E1477.91392
G1 X132.459 Y119.748 E1477.93887
G1 X132.688 Y120.301 E1477.96376
G1 X132.95 Y120.838 E1477.9886
G1 X133.262 Y121.355 E1478.0137
G1 X133.602 Y121.847 E1478.03857
G1 X133.986 Y122.311 E1478.06361
G1 X134.397 Y122.746 E1478.08849
G1 X134.845 Y123.148 E1478.11351
G1 X135.314 Y123.516 E1478.1383
G1 X135.819 Y123.849 E1478.16345
G1 X136.34 Y124.141 E1478.18828
G1 X136.884 Y124.394 E1478.21322
G1 X137.445 Y124.609 E1478.2382
G1 X138.024 Y124.776 E1478.26325
G1 X138.606 Y124.903 E1478.28802
G1 X139.203 Y124.983 E1478.31306
G1 X139.216 Y124.983 E1478.3136
G1 X139.782 Y125.021 E1478.33719
G0 F7200 X139.81 Y124.623
G1 F3000 X140.376 Y124.615 E1478.36072
G1 X140.949 Y124.566 E1478.38463
G1 X141.507 Y124.473 E1478.40815
G1 X142.065 Y124.34 E1478.432
G1 X142.604 Y124.165 E1478.45556
G1 X143.136 Y123.95 E1478.47941
G1 X143.648 Y123.694 E1478.50321
G1 X144.137 Y123.405 E1478.52683
G1 X144.606 Y123.074 E1478.5507
G1 X145.045 Y122.717 E1478.57422
G1 X145.458 Y122.322 E1478.59798
G1 X145.841 Y121.902 E1478.62161
G1 X146.191 Y121.448 E1478.64544
G1 X146.507 Y120.977 E1478.66902
G1 X146.785 Y120.476 E1478.69285
G1 X147.027 Y119.962 E1478.71647
G1 X147.227 Y119.425 E1478.74029
G1 X147.39 Y118.881 E1478.7639
G1 X147.508 Y118.321 E1478.78769
G1 X147.587 Y117.758 E1478.81133
G1 X147.62 Y117.187 E1478.83511
G1 X147.616 Y116.62 E1478.85868
G1 X147.564 Y116.049 E1478.88252
G1 X147.474 Y115.489 E1478.9061
G1 X147.338 Y114.932 E1478.92994
G1 X147.165 Y114.39 E1478.95359
G1 X146.947 Y113.863 E1478.9773
G1 X146.698 Y113.353 E1479.0009
G1 X146.402 Y112.862 E1479.02473
G1 X146.079 Y112.395 E1479.04834
G1 X145.714 Y111.954 E1479.07214
G1 X145.324 Y111.541 E1479.09576
G1 X144.898 Y111.159 E1479.11955
G1 X144.452 Y110.809 E1479.14312
G1 X143.973 Y110.493 E1479.16697
G1 X143.478 Y110.215 E1479.19058
G1 X142.96 Y109.975 E1479.21431
G1 X142.428 Y109.771 E1479.238
G1 X141.885 Y109.614 E1479.2615
G1 X141.325 Y109.491 E1479.28534
G1 X140.757 Y109.415 E1479.30916
G1 X140.19 Y109.377 E1479.33279
G1 X139.624 Y109.385 E1479.35632
G1 X139.051 Y109.434 E1479.38023
G1 X138.487 Y109.529 E1479.40401
G1 X137.935 Y109.66 E1479.4276
G1 X137.389 Y109.838 E1479.45147
G1 X136.864 Y110.05 E1479.47501
G1 X136.352 Y110.306 E1479.49881
G1 X135.863 Y110.595 E1479.52243
G1 X135.394 Y110.926 E1479.54629
G1 X134.955 Y111.283 E1479.56982
G1 X134.542 Y111.678 E1479.59358
G1 X134.159 Y112.098 E1479.61721
G1 X133.809 Y112.552 E1479.64104
G1 X133.493 Y113.023 E1479.66462
G1 X133.215 Y113.524 E1479.68844
G1 X132.973 Y114.038 E1479.71206
G1 X132.773 Y114.575 E1479.73589
G1 X132.61 Y115.119 E1479.7595
G1 X132.492 Y115.679 E1479.78329
G1 X132.413 Y116.242 E1479.80693
G1 X132.38 Y116.813 E1479.83071
G1 X132.384 Y117.38 E1479.85428
G1 X132.436 Y117.951 E1479.87812
G1 X132.526 Y118.511 E1479.9017
G1 X132.662 Y119.068 E1479.92554
G1 X132.835 Y119.61 E1479.94919
G1 X133.053 Y120.137 E1479.9729
G1 X133.302 Y120.647 E1479.9965
G1 X133.598 Y121.138 E1480.02033
G1 X133.921 Y121.605 E1480.04394
G1 X134.286 Y122.046 E1480.06774
G1 X134.676 Y122.459 E1480.09136
G1 X135.102 Y122.841 E1480.11515
G1 X135.548 Y123.191 E1480.13872
G1 X136.027 Y123.507 E1480.16257
G1 X136.522 Y123.785 E1480.18618
G1 X137.04 Y124.025 E1480.20991
G1 X137.572 Y124.229 E1480.2336
G1 X138.122 Y124.388 E1480.2574
G1 X138.675 Y124.509 E1480.28094
G1 X139.243 Y124.585 E1480.30476
G1 X139.81 Y124.623 E1480.32839
G0 F7200 X139.82 Y124.223
;TYPE:WALL-OUTER
G1 F1500 X140.356 Y124.215 E1480.35068
G1 X140.899 Y124.169 E1480.37333
G1 X141.428 Y124.081 E1480.39563
G1 X141.957 Y123.955 E1480.41824
G1 X142.467 Y123.789 E1480.44053
G1 X142.971 Y123.585 E1480.46314
G1 X143.457 Y123.342 E1480.48573
G1 X143.92 Y123.069 E1480.50808
G1 X144.364 Y122.755 E1480.53069
G1 X144.78 Y122.417 E1480.55297
G1 X145.172 Y122.042 E1480.57552
G1 X145.534 Y121.645 E1480.59786
G1 X145.866 Y121.214 E1480.62048
G1 X146.165 Y120.768 E1480.6428
G1 X146.429 Y120.293 E1480.6654
G1 X146.658 Y119.807 E1480.68773
G1 X146.848 Y119.298 E1480.71032
G1 X147.002 Y118.782 E1480.73271
G1 X147.114 Y118.252 E1480.75523
G1 X147.189 Y117.719 E1480.77761
G1 X147.22 Y117.177 E1480.80018
G1 X147.216 Y116.64 E1480.8225
G1 X147.167 Y116.099 E1480.84509
G1 X147.082 Y115.568 E1480.86745
G1 X146.953 Y115.041 E1480.89
G1 X146.789 Y114.528 E1480.9124
G1 X146.582 Y114.027 E1480.93493
G1 X146.346 Y113.544 E1480.95728
G1 X146.066 Y113.079 E1480.97985
G1 X145.76 Y112.637 E1481.0022
G1 X145.414 Y112.219 E1481.02476
G1 X145.045 Y111.828 E1481.04711
G1 X144.641 Y111.466 E1481.06966
G1 X144.218 Y111.134 E1481.09202
G1 X143.764 Y110.835 E1481.11462
G1 X143.296 Y110.571 E1481.13696
G1 X142.804 Y110.344 E1481.15949
G1 X142.301 Y110.151 E1481.18189
G1 X141.786 Y110.002 E1481.20418
G1 X141.255 Y109.885 E1481.22678
G1 X140.717 Y109.813 E1481.24935
G1 X140.18 Y109.777 E1481.27172
G1 X139.644 Y109.785 E1481.29401
G1 X139.101 Y109.831 E1481.31667
G1 X138.566 Y109.921 E1481.33922
G1 X138.043 Y110.045 E1481.36157
G1 X137.526 Y110.214 E1481.38418
G1 X137.029 Y110.415 E1481.40647
G1 X136.543 Y110.658 E1481.42906
G1 X136.08 Y110.931 E1481.45141
G1 X135.636 Y111.245 E1481.47402
G1 X135.22 Y111.583 E1481.4963
G1 X134.828 Y111.958 E1481.51886
G1 X134.466 Y112.355 E1481.54119
G1 X134.134 Y112.786 E1481.56381
G1 X133.835 Y113.232 E1481.58613
G1 X133.571 Y113.707 E1481.60873
G1 X133.342 Y114.193 E1481.63106
G1 X133.152 Y114.702 E1481.65365
G1 X132.998 Y115.218 E1481.67604
G1 X132.886 Y115.748 E1481.69856
G1 X132.811 Y116.281 E1481.72094
G1 X132.78 Y116.823 E1481.74351
G1 X132.784 Y117.36 E1481.76584
G1 X132.833 Y117.901 E1481.78842
G1 X132.918 Y118.432 E1481.81078
G1 X133.047 Y118.959 E1481.83334
G1 X133.211 Y119.472 E1481.85573
G1 X133.418 Y119.973 E1481.87826
G1 X133.654 Y120.456 E1481.90061
G1 X133.934 Y120.921 E1481.92318
G1 X134.24 Y121.363 E1481.94553
G1 X134.586 Y121.781 E1481.96809
G1 X134.955 Y122.172 E1481.99044
G1 X135.359 Y122.534 E1482.01299
G1 X135.782 Y122.866 E1482.03535
G1 X136.236 Y123.165 E1482.05795
G1 X136.704 Y123.429 E1482.08029
G1 X137.196 Y123.656 E1482.10282
G1 X137.699 Y123.849 E1482.12522
G1 X138.221 Y124 E1482.14781
G1 X138.745 Y124.115 E1482.17011
G1 X139.283 Y124.187 E1482.19268
G1 X139.82 Y124.223 E1482.21506
G0 F7200 X139.809 Y124.662
G0 X139.808 Y124.722
G0 X138.113 Y124.426
G0 X137.025 Y124.061
G0 X106.921 Y108.336
;TYPE:WALL-INNER
G1 F3000 X107.583 Y107.949 E1482.24694
G1 X108.076 Y107.412 E1482.27724
G1 X108.398 Y106.742 E1482.30815
G1 X108.499 Y106.084 E1482.33583
G1 X108.509 Y106.025 E1482.33831
G1 X108.401 Y105.263 E1482.37031
G1 X108.074 Y104.585 E1482.40161
G1 X107.565 Y104.037 E1482.4327
G1 X106.918 Y103.664 E1482.46375
G1 X106.187 Y103.494 E1482.49495
G1 X105.44 Y103.553 E1482.52611
G1 X104.745 Y103.826 E1482.55715
G1 X104.158 Y104.292 E1482.58831
G1 X103.773 Y104.862 E1482.61691
G1 X103.739 Y104.911 E1482.61939
G1 X103.517 Y105.625 E1482.65047
G1 X103.517 Y106.375 E1482.68165
G1 X103.739 Y107.089 E1482.71274
G1 X104.158 Y107.708 E1482.74382
G1 X104.745 Y108.174 E1482.77498
G1 X105.44 Y108.447 E1482.80602
G1 X106.187 Y108.506 E1482.83717
G1 X106.921 Y108.336 E1482.8685
G0 F7200 X106.772 Y107.96
G1 F3000 X107.329 Y107.634 E1482.89533
G1 X107.741 Y107.185 E1482.92067
G1 X108.012 Y106.622 E1482.94664
G1 X108.105 Y106.022 E1482.97189
G1 X108.014 Y105.381 E1482.9988
G1 X107.74 Y104.813 E1483.02502
G1 X107.313 Y104.353 E1483.05112
G1 X106.77 Y104.04 E1483.07717
G1 X106.157 Y103.898 E1483.10333
G1 X105.531 Y103.947 E1483.12944
G1 X104.947 Y104.176 E1483.15552
G1 X104.455 Y104.567 E1483.18165
G1 X104.103 Y105.086 E1483.20772
G1 X103.917 Y105.686 E1483.23384
G1 X103.917 Y106.314 E1483.25994
G1 X104.103 Y106.914 E1483.28606
G1 X104.455 Y107.433 E1483.31213
G1 X104.947 Y107.824 E1483.33826
G1 X105.531 Y108.053 E1483.36434
G1 X106.157 Y108.102 E1483.39045
G1 X106.772 Y107.96 E1483.41669
G0 F7200 X106.623 Y107.584
;TYPE:WALL-OUTER
G1 F1500 X107.075 Y107.319 E1483.43847
G1 X107.406 Y106.958 E1483.45883
G1 X107.626 Y106.502 E1483.47988
G1 X107.701 Y106.019 E1483.5002
G1 X107.627 Y105.499 E1483.52204
G1 X107.406 Y105.041 E1483.54318
G1 X107.061 Y104.669 E1483.56428
G1 X106.622 Y104.416 E1483.58534
G1 X106.127 Y104.302 E1483.60646
G1 X105.621 Y104.341 E1483.62756
G1 X105.149 Y104.526 E1483.64864
G1 X104.752 Y104.842 E1483.66973
G1 X104.467 Y105.261 E1483.6908
G1 X104.317 Y105.746 E1483.71191
G1 X104.317 Y106.254 E1483.73303
G1 X104.467 Y106.739 E1483.75413
G1 X104.752 Y107.158 E1483.7752
G1 X105.149 Y107.474 E1483.7963
G1 X105.621 Y107.659 E1483.81737
G1 X106.127 Y107.698 E1483.83847
G1 X106.623 Y107.584 E1483.85963
G0 F7200 X106.785 Y107.992
G0 X106.808 Y108.052
G0 X108.145 Y134.022
G0 X107.827 Y135.097
G0 X106.921 Y136.336
;TYPE:WALL-INNER
G1 F3000 X107.583 Y135.949 E1483.89151
G1 X108.076 Y135.412 E1483.92182
G1 X108.398 Y134.742 E1483.95273
G1 X108.499 Y134.084 E1483.9804
G1 X108.509 Y134.025 E1483.98289
G1 X108.401 Y133.263 E1484.01489
G1 X108.074 Y132.585 E1484.04618
G1 X107.565 Y132.037 E1484.07728
G1 X106.918 Y131.664 E1484.10833
G1 X106.187 Y131.494 E1484.13953
G1 X105.44 Y131.553 E1484.17068
G1 X104.745 Y131.826 E1484.20173
G1 X104.158 Y132.292 E1484.23289
G1 X103.773 Y132.862 E1484.26148
G1 X103.739 Y132.911 E1484.26396
G1 X103.517 Y133.625 E1484.29505
G1 X103.517 Y134.375 E1484.32623
G1 X103.739 Y135.089 E1484.35732
G1 X104.158 Y135.708 E1484.38839
G1 X104.745 Y136.174 E1484.41955
G1 X105.44 Y136.447 E1484.4506
G1 X106.187 Y136.506 E1484.48175
G1 X106.921 Y136.336 E1484.51308
G0 F7200 X106.772 Y135.96
G1 F3000 X107.329 Y135.634 E1484.53991
G1 X107.741 Y135.185 E1484.56524
G1 X108.012 Y134.622 E1484.59122
G1 X108.105 Y134.022 E1484.61646
G1 X108.014 Y133.381 E1484.64338
G1 X107.74 Y132.813 E1484.6696
G1 X107.313 Y132.353 E1484.69569
G1 X106.77 Y132.04 E1484.72175
G1 X106.157 Y131.898 E1484.74791
G1 X105.531 Y131.947 E1484.77402
G1 X104.947 Y132.176 E1484.8001
G1 X104.455 Y132.567 E1484.82622
G1 X104.103 Y133.086 E1484.8523
G1 X103.917 Y133.686 E1484.87841
G1 X103.917 Y134.314 E1484.90452
G1 X104.103 Y134.914 E1484.93064
G1 X104.455 Y135.433 E1484.95671
G1 X104.947 Y135.824 E1484.98284
G1 X105.531 Y136.053 E1485.00892
G1 X106.157 Y136.102 E1485.03502
G1 X106.772 Y135.96 E1485.06126
G0 F7200 X106.623 Y135.584
;TYPE:WALL-OUTER
G1 F1500 X107.075 Y135.319 E1485.08305
G1 X107.406 Y134.958 E1485.10341
G1 X107.626 Y134.502 E1485.12446
G1 X107.701 Y134.019 E1485.14478
G1 X107.627 Y133.499 E1485.16662
G1 X107.406 Y133.041 E1485.18776
G1 X107.061 Y132.669 E1485.20885
G1 X106.622 Y132.416 E1485.22992
G1 X106.127 Y132.302 E1485.25104
G1 X105.621 Y132.341 E1485.27214
G1 X105.149 Y132.526 E1485.29321
G1 X104.752 Y132.842 E1485.31431
G1 X104.467 Y133.261 E1485.33538
G1 X104.317 Y133.746 E1485.35648
G1 X104.317 Y134.254 E1485.3776
G1 X104.467 Y134.739 E1485.39871
G1 X104.752 Y135.158 E1485.41978
G1 X105.149 Y135.474 E1485.44087
G1 X105.621 Y135.659 E1485.46195
G1 X106.127 Y135.698 E1485.48305
G1 X106.623 Y135.584 E1485.50421
G0 F7200 X106.785 Y135.992
G0 X106.808 Y136.052
G0 X173.971 Y137.5
;TYPE:WALL-INNER
G1 F3000 X106.032 Y137.5 E1488.32878
G1 X105.568 Y137.47 E1488.34812
G1 X105.16 Y137.395 E1488.36536
G1 X104.739 Y137.261 E1488.38373
G1 X104.344 Y137.081 E1488.40178
G1 X103.987 Y136.861 E1488.41921
G1 X103.657 Y136.596 E1488.43681
G1 X103.351 Y136.284 E1488.45498
G1 X103.087 Y135.937 E1488.4731
G1 X102.708 Y135.181 E1488.50826
G1 X102.589 Y134.766 E1488.52621
G1 X102.5 Y133.978 E1488.55918
G1 X102.5 Y106.025 E1489.72133
G1 X102.53 Y105.568 E1489.74037
G1 X102.605 Y105.158 E1489.7577
G1 X102.74 Y104.736 E1489.77612
G1 X102.917 Y104.345 E1489.79397
G1 X103.405 Y103.656 E1489.82907
G1 X103.716 Y103.351 E1489.84718
G1 X104.063 Y103.087 E1489.86531
G1 X104.819 Y102.708 E1489.90047
G1 X105.228 Y102.591 E1489.91815
G1 X106.029 Y102.5 E1489.95167
G1 X173.968 Y102.5 E1492.77624
G1 X174.432 Y102.53 E1492.79557
G1 X174.84 Y102.605 E1492.81282
G1 X175.264 Y102.74 E1492.83132
G1 X175.655 Y102.917 E1492.84917
G1 X176.344 Y103.405 E1492.88427
G1 X176.649 Y103.716 E1492.90238
G1 X176.913 Y104.063 E1492.92051
G1 X177.292 Y104.819 E1492.95566
G1 X177.409 Y105.228 E1492.97335
G1 X177.5 Y106.02 E1493.0065
G1 X177.5 Y133.968 E1494.16844
G1 X177.471 Y134.423 E1494.18739
G1 X177.394 Y134.845 E1494.20523
G1 X177.259 Y135.267 E1494.22365
G1 X177.086 Y135.648 E1494.24104
G1 X176.862 Y136.01 E1494.25874
G1 X176.596 Y136.344 E1494.27649
G1 X176.284 Y136.648 E1494.29461
G1 X175.938 Y136.912 E1494.3127
G1 X175.181 Y137.292 E1494.34791
G1 X174.772 Y137.409 E1494.3656
G1 X173.971 Y137.5 E1494.39912
G0 F7200 X173.99 Y137.9
G1 F3000 X106.022 Y137.9 E1497.2249
G1 X105.522 Y137.868 E1497.24573
G1 X105.059 Y137.783 E1497.2653
G1 X104.595 Y137.635 E1497.28555
G1 X104.158 Y137.436 E1497.30551
G1 X103.755 Y137.187 E1497.32521
G1 X103.385 Y136.891 E1497.34491
G1 X103.048 Y136.546 E1497.36496
G1 X102.756 Y136.163 E1497.38498
G1 X102.523 Y135.76 E1497.40433
G1 X102.329 Y135.313 E1497.42459
G1 X102.196 Y134.849 E1497.44466
G1 X102.1 Y134 E1497.48018
G1 X102.1 Y106.021 E1498.64341
G1 X102.132 Y105.522 E1498.6642
G1 X102.217 Y105.057 E1498.68386
G1 X102.365 Y104.595 E1498.70402
G1 X102.564 Y104.157 E1498.72403
G1 X102.809 Y103.761 E1498.74339
G1 X103.109 Y103.385 E1498.76338
G1 X103.454 Y103.048 E1498.78343
G1 X103.837 Y102.756 E1498.80346
G1 X104.24 Y102.523 E1498.82281
G1 X104.687 Y102.329 E1498.84307
G1 X105.145 Y102.198 E1498.86288
G1 X106.01 Y102.1 E1498.89907
G1 X173.978 Y102.1 E1501.72485
G1 X174.478 Y102.132 E1501.74568
G1 X174.941 Y102.217 E1501.76525
G1 X175.405 Y102.365 E1501.7855
G1 X175.843 Y102.564 E1501.8055
G1 X176.239 Y102.809 E1501.82486
G1 X176.615 Y103.109 E1501.84486
G1 X176.952 Y103.454 E1501.86491
G1 X177.244 Y103.837 E1501.88493
G1 X177.477 Y104.24 E1501.90429
G1 X177.671 Y104.687 E1501.92455
G1 X177.802 Y105.145 E1501.94435
G1 X177.9 Y106 E1501.98013
G1 X177.9 Y133.978 E1503.14332
G1 X177.868 Y134.478 E1503.16415
G1 X177.784 Y134.939 E1503.18363
G1 X177.634 Y135.408 E1503.2041
G1 X177.438 Y135.84 E1503.22383
G1 X177.191 Y136.239 E1503.24334
G1 X176.892 Y136.615 E1503.26331
G1 X176.546 Y136.951 E1503.28336
G1 X176.164 Y137.243 E1503.30335
G1 X175.75 Y137.482 E1503.32322
G1 X175.313 Y137.671 E1503.34302
G1 X174.855 Y137.802 E1503.36282
G1 X173.99 Y137.9 E1503.39902
G0 F7200 X174.426 Y138.278
;TYPE:WALL-OUTER
G1 F1500 X173.99 Y138.3 E1503.41717
G1 X106.013 Y138.3 E1506.24332
G1 X105.475 Y138.266 E1506.26573
G1 X104.958 Y138.171 E1506.28759
G1 X104.451 Y138.009 E1506.30972
G1 X103.972 Y137.791 E1506.3316
G1 X103.524 Y137.514 E1506.35349
G1 X103.114 Y137.187 E1506.3753
G1 X102.745 Y136.808 E1506.39729
G1 X102.425 Y136.389 E1506.41921
G1 X102.164 Y135.938 E1506.44087
G1 X101.95 Y135.445 E1506.46322
G1 X101.805 Y134.939 E1506.4851
G1 X101.722 Y134.426 E1506.50671
G1 X101.7 Y134 E1506.52444
G1 X101.7 Y106.013 E1507.68801
G1 X101.734 Y105.475 E1507.71042
G1 X101.829 Y104.958 E1507.73227
G1 X101.991 Y104.451 E1507.7544
G1 X102.209 Y103.972 E1507.77628
G1 X102.483 Y103.528 E1507.79797
G1 X102.813 Y103.114 E1507.81998
G1 X103.192 Y102.745 E1507.84197
G1 X103.611 Y102.425 E1507.86389
G1 X104.062 Y102.164 E1507.88556
G1 X104.555 Y101.95 E1507.9079
G1 X105.057 Y101.807 E1507.9296
G1 X105.574 Y101.722 E1507.95139
G1 X106.01 Y101.7 E1507.96954
G1 X173.987 Y101.7 E1510.79569
G1 X174.525 Y101.734 E1510.8181
G1 X175.042 Y101.829 E1510.83996
G1 X175.549 Y101.991 E1510.86209
G1 X176.028 Y102.209 E1510.88397
G1 X176.472 Y102.483 E1510.90566
G1 X176.886 Y102.813 E1510.92767
G1 X177.255 Y103.192 E1510.94966
G1 X177.575 Y103.611 E1510.97158
G1 X177.836 Y104.062 E1510.99324
G1 X178.05 Y104.555 E1511.01559
G1 X178.193 Y105.057 E1511.03729
G1 X178.278 Y105.574 E1511.05907
G1 X178.3 Y106 E1511.07681
G1 X178.3 Y133.987 E1512.24037
G1 X178.266 Y134.525 E1512.26278
G1 X178.171 Y135.042 E1512.28464
G1 X178.008 Y135.552 E1512.3069
G1 X177.793 Y136.025 E1512.3285
G1 X177.517 Y136.472 E1512.35034
G1 X177.187 Y136.886 E1512.37235
G1 X176.808 Y137.254 E1512.39431
G1 X176.385 Y137.578 E1512.41647
G1 X175.934 Y137.838 E1512.43811
G1 X175.445 Y138.05 E1512.46027
G1 X174.943 Y138.193 E1512.48197
G1 X174.426 Y138.278 E1512.50375
G0 F7200 X174.38 Y137.841
G0 X174.371 Y137.756
G0 X176.05 Y134.633
G0 X176.145 Y106.022
G0 X175.895 Y105.043
G0 X175.022 Y103.644
;TYPE:FILL
G1 F3000 X175.66 Y103.006 E1512.53188
G0 F7200 X176.157 Y103.357
G1 F3000 X175.559 Y103.955 E1512.55825
G0 F7200 X175.981 Y104.382
G1 F3000 X176.598 Y103.765 E1512.58546
G0 F7200 X176.937 Y104.274
G1 F3000 X176.306 Y104.905 E1512.61329
G0 F7200 X176.511 Y105.549
G1 F3000 X177.221 Y104.839 E1512.6446
G0 F7200 X177.373 Y105.535
G1 F3000 X176.523 Y106.385 E1512.68208
G0 F7200 X177.429 Y106.328
G1 F3000 X146.327 Y137.43 E1514.05359
G0 F7200 X147.175 Y137.43
G1 F3000 X177.429 Y107.176 E1515.3877
G0 F7200 X177.429 Y108.025
G1 F3000 X148.024 Y137.43 E1516.68438
G0 F7200 X148.872 Y137.43
G1 F3000 X177.429 Y108.873 E1517.94366
G0 F7200 X177.429 Y109.722
G1 F3000 X149.721 Y137.43 E1519.1655
G0 F7200 X150.569 Y137.43
G1 F3000 X177.429 Y110.57 E1520.34995
G0 F7200 X177.429 Y111.419
G1 F3000 X151.418 Y137.43 E1521.49696
G0 F7200 X152.266 Y137.43
G1 F3000 X177.429 Y112.268 E1522.60656
G0 F7200 X177.429 Y113.116
G1 F3000 X153.115 Y137.43 E1523.67873
G0 F7200 X153.964 Y137.43
G1 F3000 X177.429 Y113.965 E1524.71347
G0 F7200 X177.429 Y114.813
G1 F3000 X154.812 Y137.43 E1525.71082
G0 F7200 X155.661 Y137.43
G1 F3000 X177.429 Y115.662 E1526.67072
G0 F7200 X177.429 Y116.51
G1 F3000 X156.509 Y137.43 E1527.59324
G0 F7200 X157.358 Y137.43
G1 F3000 X177.429 Y117.359 E1528.47831
G0 F7200 X177.429 Y118.207
G1 F3000 X158.206 Y137.43 E1529.32599
G0 F7200 X159.055 Y137.43
G1 F3000 X177.429 Y119.056 E1530.13623
G0 F7200 X177.429 Y119.904
G1 F3000 X159.903 Y137.43 E1530.90908
G0 F7200 X160.752 Y137.43
G1 F3000 X177.429 Y120.753 E1531.64448
G0 F7200 X177.429 Y121.601
G1 F3000 X161.6 Y137.43 E1532.3425
G0 F7200 X162.449 Y137.43
G1 F3000 X177.429 Y122.45 E1533.00307
G0 F7200 X177.429 Y123.298
G1 F3000 X163.297 Y137.43 E1533.62625
G0 F7200 X164.146 Y137.43
G1 F3000 X177.429 Y124.147 E1534.21199
G0 F7200 X177.429 Y124.995
G1 F3000 X164.994 Y137.43 E1534.76034
G0 F7200 X165.843 Y137.43
G1 F3000 X177.429 Y125.844 E1535.27125
G0 F7200 X177.429 Y126.693
G1 F3000 X166.691 Y137.43 E1535.74474
G0 F7200 X167.54 Y137.43
G1 F3000 X171.486 Y133.484 E1535.91875
G0 F7200 X171.445 Y134.373
G1 F3000 X168.388 Y137.43 E1536.05356
G0 F7200 X169.237 Y137.43
G1 F3000 X171.644 Y135.023 E1536.1597
G0 F7200 X171.966 Y135.55
G1 F3000 X170.086 Y137.43 E1536.2426
G0 F7200 X170.934 Y137.43
G1 F3000 X172.386 Y135.978 E1536.30663
G0 F7200 X172.903 Y136.31
G1 F3000 X171.783 Y137.43 E1536.35602
G0 F7200 X172.631 Y137.43
G1 F3000 X173.537 Y136.524 E1536.39597
G0 F7200 X174.378 Y136.532
G1 F3000 X173.48 Y137.43 E1536.43557
G0 F7200 X174.374 Y137.384
G1 F3000 X177.403 Y134.355 E1536.56914
G0 F7200 X177.429 Y133.481
G1 F3000 X176.523 Y134.387 E1536.60909
G0 F7200 X176.512 Y133.549
G1 F3000 X177.429 Y132.632 E1536.64953
G0 F7200 X177.429 Y131.784
G1 F3000 X176.307 Y132.906 E1536.69901
G0 F7200 X175.981 Y132.383
G1 F3000 X177.429 Y130.935 E1536.76286
G0 F7200 X177.429 Y130.087
G1 F3000 X175.56 Y131.956 E1536.84528
G0 F7200 X175.023 Y131.644
G1 F3000 X177.429 Y129.238 E1536.95137
G0 F7200 X177.429 Y128.39
G1 F3000 X174.356 Y131.463 E1537.08688
G0 F7200 X173.492 Y131.478
G1 F3000 X177.429 Y127.541 E1537.26049
G0 F7200 X177.049 Y135.558
G1 F3000 X175.607 Y137 E1537.32408
G0 F7200 X176.145 Y134.022
G0 X174.376 Y108.533
G1 F3000 X145.478 Y137.43 E1538.59838
G0 F7200 X144.63 Y137.43
G1 F3000 X173.536 Y108.524 E1539.87305
G0 F7200 X172.901 Y108.31
G1 F3000 X143.781 Y137.43 E1541.15716
G0 F7200 X142.933 Y137.43
G1 F3000 X172.386 Y107.977 E1542.45595
G0 F7200 X171.965 Y107.549
G1 F3000 X142.084 Y137.43 E1543.77362
G0 F7200 X141.236 Y137.43
G1 F3000 X171.644 Y107.022 E1545.11452
G0 F7200 X171.445 Y106.372
G1 F3000 X140.387 Y137.43 E1546.48409
G0 F7200 X139.539 Y137.429
G1 F3000 X171.486 Y105.482 E1547.89286
G0 F7200 X173.49 Y103.478
G1 F3000 X174.373 Y102.596 E1547.93178
G0 F7200 X175.067 Y102.75
G1 F3000 X174.355 Y103.462 E1547.96318
G0 F7200 X173.551 Y102.569
G1 F3000 X138.691 Y137.429 E1549.5004
G0 F7200 X137.842 Y137.429
G1 F3000 X172.703 Y102.569 E1551.03765
G0 F7200 X171.854 Y102.569
G1 F3000 X136.994 Y137.429 E1552.57488
G0 F7200 X136.145 Y137.429
G1 F3000 X171.005 Y102.569 E1554.1121
G0 F7200 X170.157 Y102.569
G1 F3000 X135.297 Y137.429 E1555.64933
G0 F7200 X134.448 Y137.429
G1 F3000 X169.308 Y102.569 E1557.18655
G0 F7200 X168.46 Y102.569
G1 F3000 X133.6 Y137.429 E1558.72378
G0 F7200 X132.751 Y137.429
G1 F3000 X167.611 Y102.569 E1560.261
G0 F7200 X166.763 Y102.569
G1 F3000 X131.902 Y137.429 E1561.79825
G0 F7200 X131.054 Y137.429
G1 F3000 X165.914 Y102.569 E1563.33548
G0 F7200 X165.066 Y102.569
G1 F3000 X147.431 Y120.204 E1564.11313
G0 F7200 X147.86 Y118.926
G1 F3000 X164.217 Y102.569 E1564.83443
G0 F7200 X163.369 Y102.569
G1 F3000 X148.04 Y117.898 E1565.51039
G0 F7200 X148.088 Y117.001
G1 F3000 X162.52 Y102.569 E1566.1468
G0 F7200 X161.672 Y102.569
G1 F3000 X148.049 Y116.192 E1566.74754
G0 F7200 X147.943 Y115.45
G1 F3000 X160.823 Y102.569 E1567.31553
G0 F7200 X159.975 Y102.569
G1 F3000 X147.777 Y114.766 E1567.8534
G0 F7200 X147.566 Y114.129
G1 F3000 X159.126 Y102.569 E1568.36317
G0 F7200 X158.278 Y102.569
G1 F3000 X147.31 Y113.536 E1568.8468
G0 F7200 X147.02 Y112.977
G1 F3000 X157.429 Y102.569 E1569.30579
G0 F7200 X156.581 Y102.569
G1 F3000 X146.692 Y112.457 E1569.74184
G0 F7200 X146.335 Y111.966
G1 F3000 X155.732 Y102.569 E1570.15622
G0 F7200 X154.883 Y102.569
G1 F3000 X145.942 Y111.51 E1570.5505
G0 F7200 X145.518 Y111.086
G1 F3000 X154.035 Y102.569 E1570.92607
G0 F7200 X153.186 Y102.569
G1 F3000 X145.063 Y110.692 E1571.28427
G0 F7200 X144.577 Y110.33
G1 F3000 X152.338 Y102.569 E1571.62651
G0 F7200 X151.489 Y102.569
G1 F3000 X144.056 Y110.002 E1571.95428
G0 F7200 X143.5 Y109.709
G1 F3000 X150.641 Y102.569 E1572.26916
G0 F7200 X149.792 Y102.569
G1 F3000 X142.909 Y109.452 E1572.57268
G0 F7200 X142.276 Y109.237
G1 F3000 X148.944 Y102.569 E1572.86672
G0 F7200 X148.095 Y102.569
G1 F3000 X141.595 Y109.069 E1573.15335
G0 F7200 X140.86 Y108.955
G1 F3000 X147.247 Y102.569 E1573.43498
G0 F7200 X146.398 Y102.569
G1 F3000 X140.058 Y108.909 E1573.71455
G0 F7200 X139.167 Y108.952
G1 F3000 X145.55 Y102.569 E1573.99602
G0 F7200 X144.701 Y102.569
G1 F3000 X138.143 Y109.127 E1574.28521
G0 F7200 X136.888 Y109.534
G1 F3000 X143.853 Y102.569 E1574.59235
G0 F7200 X143.004 Y102.569
G1 F3000 X134.649 Y110.924 E1574.96078
G0 F7200 X134.007 Y111.566
G1 F3000 X108.144 Y137.429 E1576.10126
G0 F7200 X108.992 Y137.429
G1 F3000 X132.522 Y113.9 E1577.13885
G0 F7200 X132.122 Y115.148
G1 F3000 X109.841 Y137.429 E1578.12138
G0 F7200 X110.689 Y137.429
G1 F3000 X131.948 Y116.171 E1579.05881
G0 F7200 X131.91 Y117.057
G1 F3000 X111.538 Y137.429 E1579.95716
G0 F7200 X112.386 Y137.429
G1 F3000 X131.954 Y117.861 E1580.82005
G0 F7200 X132.063 Y118.601
G1 F3000 X113.235 Y137.429 E1581.65031
G0 F7200 X114.083 Y137.429
G1 F3000 X132.235 Y119.278 E1582.45074
G0 F7200 X132.45 Y119.911
G1 F3000 X114.932 Y137.429 E1583.22324
G0 F7200 X115.78 Y137.429
G1 F3000 X132.707 Y120.503 E1583.96965
G0 F7200 X132.999 Y121.059
G1 F3000 X116.629 Y137.429 E1584.69152
G0 F7200 X117.478 Y137.429
G1 F3000 X133.329 Y121.577 E1585.39052
G0 F7200 X133.69 Y122.065
G1 F3000 X118.326 Y137.429 E1586.06803
G0 F7200 X119.175 Y137.429
G1 F3000 X134.085 Y122.519 E1586.72552
G0 F7200 X134.511 Y122.941
G1 F3000 X120.023 Y137.429 E1587.3644
G0 F7200 X120.872 Y137.429
G1 F3000 X134.968 Y123.333 E1587.98599
G0 F7200 X135.457 Y123.692
G1 F3000 X121.72 Y137.429 E1588.59175
G0 F7200 X122.569 Y137.429
G1 F3000 X135.98 Y124.018 E1589.18314
G0 F7200 X136.538 Y124.309
G1 F3000 X123.417 Y137.429 E1589.76172
G0 F7200 X124.266 Y137.429
G1 F3000 X137.132 Y124.563 E1590.32907
G0 F7200 X137.768 Y124.776
G1 F3000 X125.114 Y137.429 E1590.88705
G0 F7200 X125.963 Y137.429
G1 F3000 X138.452 Y124.94 E1591.43778
G0 F7200 X139.19 Y125.051
G1 F3000 X126.811 Y137.429 E1591.98364
G0 F7200 X127.66 Y137.429
G1 F3000 X139.999 Y125.09 E1592.52775
G0 F7200 X140.896 Y125.041
G1 F3000 X128.508 Y137.429 E1593.07403
G0 F7200 X129.357 Y137.429
G1 F3000 X141.934 Y124.852 E1593.62864
G0 F7200 X143.208 Y124.427
G1 F3000 X130.205 Y137.429 E1594.20201
G0 F7200 X108.502 Y134.525
G1 F3000 X140.458 Y102.569 E1595.61118
G0 F7200 X139.61 Y102.569
G1 F3000 X108.527 Y133.652 E1596.98185
G0 F7200 X108.345 Y132.985
G1 F3000 X138.761 Y102.569 E1598.32311
G0 F7200 X137.913 Y102.569
G1 F3000 X108.039 Y132.443 E1599.64046
G0 F7200 X107.63 Y132.004
G1 F3000 X137.064 Y102.569 E1600.93844
G0 F7200 X136.216 Y102.569
G1 F3000 X107.098 Y131.687 E1602.22246
G0 F7200 X106.452 Y131.484
G1 F3000 X135.367 Y102.569 E1603.49753
G0 F7200 X134.519 Y102.569
G1 F3000 X105.619 Y131.468 E1604.77192
G0 F7200 X102.57 Y131.124
G1 F3000 X131.125 Y102.569 E1606.03111
G0 F7200 X131.973 Y102.569
G1 F3000 X102.57 Y131.972 E1607.3277
G0 F7200 X102.57 Y132.821
G1 F3000 X132.822 Y102.569 E1608.66172
G0 F7200 X133.67 Y102.569
G1 F3000 X102.57 Y133.67 E1610.03317
G0 F7200 X102.625 Y134.463
G1 F3000 X103.446 Y133.641 E1610.06939
G0 F7200 X103.471 Y134.465
G1 F3000 X102.776 Y135.16 E1610.10004
G0 F7200 X103.06 Y135.724
G1 F3000 X103.673 Y135.111 E1610.12707
G0 F7200 X104.014 Y135.619
G1 F3000 X103.4 Y136.234 E1610.15417
G0 F7200 X103.834 Y136.648
G1 F3000 X104.453 Y136.029 E1610.18146
G0 F7200 X104.988 Y136.342
G1 F3000 X104.337 Y136.993 E1610.21017
G0 F7200 X104.931 Y137.248
G1 F3000 X105.647 Y136.532 E1610.24174
G0 F7200 X105.625 Y137.402
G1 F3000 X106.532 Y136.496 E1610.28172
G0 F7200 X106.447 Y137.429
G1 F3000 X141.307 Y102.569 E1611.81894
G0 F7200 X142.156 Y102.569
G1 F3000 X107.295 Y137.429 E1613.35619
G0 F7200 X104.928 Y135.858
G0 X104.136 Y135.032
G0 X102.57 Y130.275
G1 F3000 X130.276 Y102.569 E1614.57795
G0 F7200 X129.428 Y102.569
G1 F3000 X102.57 Y129.427 E1615.76231
G0 F7200 X102.57 Y128.578
G1 F3000 X128.579 Y102.569 E1616.90923
G0 F7200 X127.731 Y102.569
G1 F3000 X102.57 Y127.73 E1618.01876
G0 F7200 X102.57 Y126.881
G1 F3000 X126.882 Y102.569 E1619.09085
G0 F7200 X126.034 Y102.569
G1 F3000 X102.57 Y126.033 E1620.12554
G0 F7200 X102.57 Y125.184
G1 F3000 X125.185 Y102.569 E1621.1228
G0 F7200 X124.336 Y102.569
G1 F3000 X102.57 Y124.336 E1622.08264
G0 F7200 X102.57 Y123.487
G1 F3000 X123.488 Y102.569 E1623.00506
G0 F7200 X122.639 Y102.569
G1 F3000 X102.57 Y122.639 E1623.89007
G0 F7200 X102.57 Y121.79
G1 F3000 X121.791 Y102.569 E1624.73766
G0 F7200 X120.942 Y102.569
G1 F3000 X102.57 Y120.942 E1625.54783
G0 F7200 X102.57 Y120.093
G1 F3000 X120.094 Y102.569 E1626.32059
G0 F7200 X119.245 Y102.569
G1 F3000 X102.57 Y119.245 E1627.05593
G0 F7200 X102.57 Y118.396
G1 F3000 X118.397 Y102.569 E1627.75386
G0 F7200 X117.548 Y102.569
G1 F3000 X102.57 Y117.548 E1628.41437
G0 F7200 X102.57 Y116.699
G1 F3000 X116.7 Y102.569 E1629.03746
G0 F7200 X115.851 Y102.569
G1 F3000 X102.57 Y115.85 E1629.62311
G0 F7200 X102.57 Y115.002
G1 F3000 X115.003 Y102.569 E1630.17137
G0 F7200 X114.154 Y102.569
G1 F3000 X102.57 Y114.153 E1630.6822
G0 F7200 X102.57 Y113.305
G1 F3000 X113.306 Y102.569 E1631.15562
G0 F7200 X112.457 Y102.569
G1 F3000 X108.502 Y106.524 E1631.33003
G0 F7200 X108.526 Y105.651
G1 F3000 X111.609 Y102.569 E1631.46596
G0 F7200 X110.76 Y102.569
G1 F3000 X108.345 Y104.984 E1631.57245
G0 F7200 X108.038 Y104.443
G1 F3000 X109.911 Y102.569 E1631.65507
G0 F7200 X109.063 Y102.569
G1 F3000 X107.628 Y104.004 E1631.71835
G0 F7200 X107.096 Y103.687
G1 F3000 X108.214 Y102.569 E1631.76765
G0 F7200 X107.366 Y102.569
G1 F3000 X106.45 Y103.485 E1631.80804
G0 F7200 X105.617 Y103.469
G1 F3000 X106.517 Y102.569 E1631.84773
G0 F7200 X105.622 Y102.616
G1 F3000 X102.596 Y105.642 E1631.98116
G0 F7200 X103.446 Y105.64
G1 F3000 X102.57 Y106.517 E1632.01982
G0 F7200 X102.57 Y107.365
G1 F3000 X103.47 Y106.464 E1632.05953
G0 F7200 X103.673 Y107.111
G1 F3000 X102.57 Y108.214 E1632.10816
G0 F7200 X102.57 Y109.062
G1 F3000 X104.013 Y107.618 E1632.17182
G0 F7200 X104.452 Y108.028
G1 F3000 X102.57 Y109.911 E1632.25483
G0 F7200 X102.57 Y110.759
G1 F3000 X104.987 Y108.342 E1632.36141
G0 F7200 X105.645 Y108.532
G1 F3000 X102.57 Y111.608 E1632.49703
G0 F7200 X102.57 Y112.456
G1 F3000 X106.529 Y108.497 E1632.67162
G0 F7200 X104.928 Y107.858
G0 X104.136 Y107.032
G0 X102.951 Y104.438
G1 F3000 X104.387 Y103.002 E1632.73494
G1 F2400 E1629.73494
;MESH:NONMESH
G0 F600 X104.387 Y103.002 Z1.9
G0 F7200 X173.44 Y108.447
;TIME_ELAPSED:1369.910107
;LAYER:6
;TYPE:WALL-INNER
;MESH:Case3D_Sensor-Tampa.stl
G1 F2400 E1632.73494
G1 F3000 X174.187 Y108.506 E1632.76609
G1 X174.918 Y108.336 E1632.79729
G1 X175.574 Y107.958 E1632.82877
G1 X176.076 Y107.413 E1632.85958
G1 X176.398 Y106.742 E1632.89052
G1 X176.512 Y106.012 E1632.92124
G1 X176.4 Y105.261 E1632.95281
G1 X176.074 Y104.585 E1632.98401
G1 X175.565 Y104.037 E1633.0151
G1 X174.918 Y103.664 E1633.04615
G1 X174.187 Y103.494 E1633.07736
G1 X173.44 Y103.553 E1633.10851
G1 X172.745 Y103.826 E1633.13955
G1 X172.158 Y104.292 E1633.17071
G1 X171.773 Y104.862 E1633.19931
G1 X171.739 Y104.911 E1633.20179
G1 X171.517 Y105.625 E1633.23288
G1 X171.517 Y106.375 E1633.26406
G1 X171.739 Y107.089 E1633.29514
G1 X172.158 Y107.708 E1633.32622
G1 X172.745 Y108.174 E1633.35738
G1 X173.44 Y108.447 E1633.38842
G0 F7200 X173.531 Y108.053
G1 F3000 X174.157 Y108.102 E1633.41453
G1 X174.77 Y107.96 E1633.44069
G1 X175.321 Y107.642 E1633.46714
G1 X175.741 Y107.186 E1633.49291
G1 X176.012 Y106.622 E1633.51893
G1 X176.107 Y106.011 E1633.54464
G1 X176.013 Y105.38 E1633.57116
G1 X175.74 Y104.813 E1633.59732
G1 X175.313 Y104.353 E1633.62342
G1 X174.77 Y104.04 E1633.64947
G1 X174.157 Y103.898 E1633.67563
G1 X173.531 Y103.947 E1633.70174
G1 X172.947 Y104.176 E1633.72782
G1 X172.455 Y104.567 E1633.75395
G1 X172.103 Y105.086 E1633.78002
G1 X171.917 Y105.686 E1633.80614
G1 X171.917 Y106.314 E1633.83225
G1 X172.103 Y106.914 E1633.85836
G1 X172.455 Y107.433 E1633.88443
G1 X172.947 Y107.824 E1633.91056
G1 X173.531 Y108.053 E1633.93664
G0 F7200 X173.621 Y107.659
;TYPE:WALL-OUTER
G1 F1500 X174.127 Y107.698 E1633.95774
G1 X174.622 Y107.584 E1633.97886
G1 X175.068 Y107.326 E1634.00028
G1 X175.406 Y106.959 E1634.02102
G1 X175.626 Y106.502 E1634.04211
G1 X175.702 Y106.01 E1634.06281
G1 X175.626 Y105.499 E1634.08429
G1 X175.406 Y105.041 E1634.10541
G1 X175.061 Y104.669 E1634.1265
G1 X174.622 Y104.416 E1634.14757
G1 X174.127 Y104.302 E1634.16869
G1 X173.621 Y104.341 E1634.18979
G1 X173.149 Y104.526 E1634.21086
G1 X172.752 Y104.842 E1634.23196
G1 X172.467 Y105.261 E1634.25303
G1 X172.317 Y105.746 E1634.27413
G1 X172.317 Y106.254 E1634.29525
G1 X172.467 Y106.739 E1634.31636
G1 X172.752 Y107.158 E1634.33743
G1 X173.149 Y107.474 E1634.35852
G1 X173.621 Y107.659 E1634.3796
G0 F7200 X173.523 Y108.087
G0 X173.509 Y108.15
G0 X171.878 Y133.681
G0 X172.067 Y134.931
G0 X173.44 Y136.447
;TYPE:WALL-INNER
G1 F3000 X174.187 Y136.506 E1634.41075
G1 X174.918 Y136.336 E1634.44196
G1 X175.574 Y135.958 E1634.47343
G1 X176.076 Y135.413 E1634.50424
G1 X176.398 Y134.742 E1634.53518
G1 X176.512 Y134.012 E1634.5659
G1 X176.4 Y133.261 E1634.59747
G1 X176.074 Y132.585 E1634.62867
G1 X175.565 Y132.037 E1634.65977
G1 X174.918 Y131.664 E1634.69082
G1 X174.187 Y131.494 E1634.72202
G1 X173.44 Y131.553 E1634.75317
G1 X172.745 Y131.826 E1634.78421
G1 X172.158 Y132.292 E1634.81537
G1 X171.773 Y132.862 E1634.84397
G1 X171.739 Y132.911 E1634.84645
G1 X171.517 Y133.625 E1634.87754
G1 X171.517 Y134.375 E1634.90872
G1 X171.739 Y135.089 E1634.93981
G1 X172.158 Y135.708 E1634.97088
G1 X172.745 Y136.174 E1635.00204
G1 X173.44 Y136.447 E1635.03309
G0 F7200 X173.531 Y136.053
G1 F3000 X174.157 Y136.102 E1635.05919
G1 X174.77 Y135.96 E1635.08535
G1 X175.321 Y135.642 E1635.1118
G1 X175.741 Y135.186 E1635.13758
G1 X176.012 Y134.622 E1635.16359
G1 X176.107 Y134.011 E1635.1893
G1 X176.013 Y133.38 E1635.21582
G1 X175.74 Y132.813 E1635.24199
G1 X175.313 Y132.353 E1635.26808
G1 X174.77 Y132.04 E1635.29414
G1 X174.157 Y131.898 E1635.3203
G1 X173.531 Y131.947 E1635.3464
G1 X172.947 Y132.176 E1635.37248
G1 X172.455 Y132.567 E1635.39861
G1 X172.103 Y133.086 E1635.42468
G1 X171.917 Y133.686 E1635.4508
G1 X171.917 Y134.314 E1635.47691
G1 X172.103 Y134.914 E1635.50302
G1 X172.455 Y135.433 E1635.5291
G1 X172.947 Y135.824 E1635.55522
G1 X173.531 Y136.053 E1635.5813
G0 F7200 X173.621 Y135.659
;TYPE:WALL-OUTER
G1 F1500 X174.127 Y135.698 E1635.6024
G1 X174.622 Y135.584 E1635.62352
G1 X175.068 Y135.326 E1635.64494
G1 X175.406 Y134.959 E1635.66569
G1 X175.626 Y134.502 E1635.68677
G1 X175.702 Y134.01 E1635.70747
G1 X175.626 Y133.499 E1635.72895
G1 X175.406 Y133.041 E1635.75007
G1 X175.061 Y132.669 E1635.77117
G1 X174.622 Y132.416 E1635.79223
G1 X174.127 Y132.302 E1635.81335
G1 X173.621 Y132.341 E1635.83445
G1 X173.149 Y132.526 E1635.85553
G1 X172.752 Y132.842 E1635.87662
G1 X172.467 Y133.261 E1635.89769
G1 X172.317 Y133.746 E1635.9188
G1 X172.317 Y134.254 E1635.93992
G1 X172.467 Y134.739 E1635.96102
G1 X172.752 Y135.158 E1635.98209
G1 X173.149 Y135.474 E1636.00319
G1 X173.621 Y135.659 E1636.02426
G0 F7200 X173.523 Y136.087
G0 X173.509 Y136.15
G0 X140.036 Y125.025
;TYPE:WALL-INNER
G1 F3000 X140.831 Y124.98 E1636.05737
G1 X141.549 Y124.874 E1636.08754
G1 X142.178 Y124.724 E1636.11443
G1 X142.932 Y124.471 E1636.14749
G1 X143.662 Y124.141 E1636.1808
G1 X144.351 Y123.744 E1636.21386
G1 X144.879 Y123.369 E1636.24079
G1 X145.485 Y122.856 E1636.27379
G1 X146.04 Y122.283 E1636.30696
G1 X146.535 Y121.655 E1636.3402
G1 X146.966 Y120.982 E1636.37343
G1 X146.974 Y120.965 E1636.37421
G1 X147.295 Y120.338 E1636.4035
G1 X147.3 Y120.324 E1636.40412
G1 X147.543 Y119.743 E1636.4303
G1 X147.778 Y118.983 E1636.46337
G1 X147.91 Y118.35 E1636.49025
G1 X148.002 Y117.575 E1636.5227
G1 X148.021 Y117.153 E1636.54026
G1 X147.999 Y116.366 E1636.573
G1 X147.896 Y115.571 E1636.60633
G1 X147.715 Y114.792 E1636.63957
G1 X147.456 Y114.034 E1636.67288
G1 X147.125 Y113.308 E1636.70605
G1 X146.721 Y112.616 E1636.73936
G1 X146.251 Y111.968 E1636.77265
G1 X145.718 Y111.371 E1636.80592
G1 X145.13 Y110.83 E1636.83914
G1 X144.49 Y110.35 E1636.8724
G1 X143.806 Y109.935 E1636.90566
G1 X143.084 Y109.592 E1636.93889
G1 X142.33 Y109.322 E1636.97219
G1 X142.311 Y109.318 E1636.973
G1 X141.553 Y109.128 E1637.00549
G1 X140.763 Y109.013 E1637.03868
G1 X139.964 Y108.975 E1637.07193
G1 X139.164 Y109.02 E1637.10524
G1 X138.374 Y109.143 E1637.13849
G1 X137.6 Y109.344 E1637.17173
G1 X136.85 Y109.621 E1637.20497
G1 X136.13 Y109.971 E1637.23826
G1 X135.45 Y110.39 E1637.27146
G1 X134.815 Y110.876 E1637.30471
G1 X134.23 Y111.424 E1637.33803
G1 X133.705 Y112.026 E1637.37124
G1 X133.241 Y112.677 E1637.40448
G1 X132.843 Y113.371 E1637.43774
G1 X132.518 Y114.103 E1637.47104
G1 X132.266 Y114.861 E1637.50425
G1 X132.091 Y115.642 E1637.53752
G1 X131.995 Y116.437 E1637.57082
G1 X131.98 Y117.236 E1637.60404
G1 X132.042 Y118.033 E1637.63728
G1 X132.185 Y118.822 E1637.67061
G1 X132.406 Y119.592 E1637.70392
G1 X132.702 Y120.332 E1637.73705
G1 X133.069 Y121.044 E1637.77036
G1 X133.506 Y121.713 E1637.80358
G1 X134.007 Y122.338 E1637.83688
G1 X134.57 Y122.907 E1637.87016
G1 X135.184 Y123.417 E1637.90334
G1 X135.2 Y123.427 E1637.90413
G1 X135.845 Y123.864 E1637.93652
G1 X136.48 Y124.21 E1637.96658
G1 X137.068 Y124.471 E1637.99333
G1 X137.675 Y124.68 E1638.02002
G1 X138.447 Y124.872 E1638.05309
G1 X139.237 Y124.987 E1638.08629
G1 X140.036 Y125.025 E1638.11954
G0 F7200 X140.034 Y124.624
G1 F3000 X140.791 Y124.582 E1638.15106
G1 X141.473 Y124.481 E1638.17973
G1 X142.068 Y124.339 E1638.20516
G1 X142.786 Y124.098 E1638.23665
G1 X143.479 Y123.785 E1638.26826
G1 X144.135 Y123.407 E1638.29974
G1 X144.634 Y123.053 E1638.32517
G1 X145.211 Y122.564 E1638.35662
G1 X145.739 Y122.019 E1638.38817
G1 X146.209 Y121.423 E1638.41972
G1 X146.619 Y120.783 E1638.45132
G1 X146.932 Y120.17 E1638.47994
G1 X147.166 Y119.607 E1638.50529
G1 X147.39 Y118.883 E1638.53679
G1 X147.515 Y118.285 E1638.56219
G1 X147.603 Y117.542 E1638.5933
G1 X147.621 Y117.149 E1638.60966
G1 X147.6 Y116.397 E1638.64093
G1 X147.502 Y115.642 E1638.67258
G1 X147.33 Y114.902 E1638.70417
G1 X147.084 Y114.182 E1638.7358
G1 X146.769 Y113.492 E1638.76734
G1 X146.386 Y112.835 E1638.79896
G1 X145.939 Y112.219 E1638.8306
G1 X145.433 Y111.652 E1638.86219
G1 X144.874 Y111.138 E1638.89377
G1 X144.266 Y110.682 E1638.92536
G1 X143.616 Y110.288 E1638.95696
G1 X142.93 Y109.962 E1638.98854
G1 X142.214 Y109.705 E1639.02017
G1 X141.476 Y109.521 E1639.05179
G1 X140.725 Y109.412 E1639.08334
G1 X139.966 Y109.376 E1639.11493
G1 X139.206 Y109.418 E1639.14658
G1 X138.455 Y109.535 E1639.17818
G1 X137.72 Y109.726 E1639.20975
G1 X137.007 Y109.989 E1639.24134
G1 X136.323 Y110.322 E1639.27297
G1 X135.677 Y110.72 E1639.30452
G1 X135.074 Y111.182 E1639.3361
G1 X134.518 Y111.702 E1639.36775
G1 X134.019 Y112.274 E1639.39931
G1 X133.578 Y112.893 E1639.43091
G1 X133.2 Y113.552 E1639.46249
G1 X132.891 Y114.248 E1639.49415
G1 X132.652 Y114.968 E1639.52569
G1 X132.486 Y115.71 E1639.5573
G1 X132.395 Y116.465 E1639.58892
G1 X132.38 Y117.224 E1639.62048
G1 X132.439 Y117.982 E1639.65209
G1 X132.575 Y118.731 E1639.68374
G1 X132.785 Y119.462 E1639.71536
G1 X133.066 Y120.166 E1639.74688
G1 X133.415 Y120.842 E1639.7785
G1 X133.83 Y121.478 E1639.81008
G1 X134.306 Y122.071 E1639.84169
G1 X134.841 Y122.612 E1639.87332
G1 X135.424 Y123.097 E1639.90485
G1 X136.053 Y123.522 E1639.93641
G1 X136.657 Y123.851 E1639.96501
G1 X137.214 Y124.098 E1639.99034
G1 X137.789 Y124.296 E1640.01562
G1 X138.524 Y124.479 E1640.04712
G1 X139.275 Y124.588 E1640.07867
G1 X140.034 Y124.624 E1640.11026
G0 F7200 X140.033 Y124.223
;TYPE:WALL-OUTER
G1 F1500 X140.751 Y124.184 E1640.14015
G1 X141.397 Y124.088 E1640.1673
G1 X141.958 Y123.954 E1640.19128
G1 X142.64 Y123.725 E1640.22119
G1 X143.296 Y123.429 E1640.25111
G1 X143.919 Y123.07 E1640.28101
G1 X144.389 Y122.737 E1640.30496
G1 X144.937 Y122.272 E1640.33484
G1 X145.437 Y121.755 E1640.36474
G1 X145.883 Y121.19 E1640.39467
G1 X146.272 Y120.584 E1640.4246
G1 X146.569 Y120.002 E1640.45177
G1 X146.789 Y119.471 E1640.47567
G1 X147.002 Y118.783 E1640.50561
G1 X147.12 Y118.22 E1640.52952
G1 X147.204 Y117.509 E1640.55929
G1 X147.221 Y117.145 E1640.57444
G1 X147.201 Y116.428 E1640.60426
G1 X147.108 Y115.713 E1640.63424
G1 X146.945 Y115.012 E1640.66416
G1 X146.712 Y114.33 E1640.69412
G1 X146.413 Y113.676 E1640.72402
G1 X146.05 Y113.054 E1640.75396
G1 X145.627 Y112.47 E1640.78394
G1 X145.148 Y111.933 E1640.81386
G1 X144.618 Y111.446 E1640.84378
G1 X144.042 Y111.014 E1640.87372
G1 X143.426 Y110.641 E1640.90366
G1 X142.776 Y110.332 E1640.93358
G1 X142.098 Y110.088 E1640.96354
G1 X141.399 Y109.914 E1640.99348
G1 X140.687 Y109.811 E1641.02339
G1 X139.967 Y109.777 E1641.05336
G1 X139.248 Y109.816 E1641.0833
G1 X138.536 Y109.927 E1641.11326
G1 X137.84 Y110.108 E1641.14315
G1 X137.164 Y110.357 E1641.17311
G1 X136.516 Y110.673 E1641.20308
G1 X135.904 Y111.05 E1641.23296
G1 X135.333 Y111.488 E1641.26288
G1 X134.806 Y111.98 E1641.29286
G1 X134.333 Y112.522 E1641.32276
G1 X133.915 Y113.109 E1641.35272
G1 X133.557 Y113.733 E1641.38263
G1 X133.265 Y114.392 E1641.4126
G1 X133.038 Y115.075 E1641.44252
G1 X132.881 Y115.778 E1641.47247
G1 X132.795 Y116.493 E1641.50241
G1 X132.78 Y117.213 E1641.53235
G1 X132.836 Y117.931 E1641.56229
G1 X132.965 Y118.64 E1641.59225
G1 X133.164 Y119.332 E1641.62219
G1 X133.43 Y120 E1641.65208
G1 X133.761 Y120.64 E1641.68204
G1 X134.154 Y121.243 E1641.71196
G1 X134.605 Y121.804 E1641.74189
G1 X135.112 Y122.317 E1641.77188
G1 X135.665 Y122.777 E1641.80178
G1 X136.261 Y123.18 E1641.83169
G1 X136.834 Y123.492 E1641.85882
G1 X137.36 Y123.725 E1641.88274
G1 X137.903 Y123.912 E1641.90661
G1 X138.601 Y124.086 E1641.93652
G1 X139.313 Y124.189 E1641.96643
G1 X140.033 Y124.223 E1641.9964
G0 F7200 X140.034 Y124.663
G0 X140.034 Y124.724
G0 X138.517 Y124.518
G0 X137.2 Y124.135
G0 X106.187 Y108.506
;TYPE:WALL-INNER
G1 F3000 X106.918 Y108.336 E1642.0276
G1 X107.574 Y107.958 E1642.05908
G1 X108.076 Y107.413 E1642.08988
G1 X108.398 Y106.742 E1642.12083
G1 X108.512 Y106.012 E1642.15154
G1 X108.4 Y105.261 E1642.18311
G1 X108.074 Y104.585 E1642.21431
G1 X107.565 Y104.037 E1642.24541
G1 X106.918 Y103.664 E1642.27646
G1 X106.187 Y103.494 E1642.30766
G1 X105.44 Y103.553 E1642.33881
G1 X104.745 Y103.826 E1642.36986
G1 X104.158 Y104.292 E1642.40102
G1 X103.773 Y104.862 E1642.42962
G1 X103.739 Y104.911 E1642.4321
G1 X103.517 Y105.625 E1642.46318
G1 X103.517 Y106.375 E1642.49436
G1 X103.739 Y107.089 E1642.52545
G1 X104.158 Y107.708 E1642.55653
G1 X104.745 Y108.174 E1642.58769
G1 X105.44 Y108.447 E1642.61873
G1 X106.187 Y108.506 E1642.64988
G0 F7200 X106.157 Y108.102
G1 F3000 X106.77 Y107.96 E1642.67604
G1 X107.321 Y107.642 E1642.70249
G1 X107.741 Y107.186 E1642.72827
G1 X108.012 Y106.622 E1642.75428
G1 X108.107 Y106.011 E1642.77999
G1 X108.013 Y105.38 E1642.80651
G1 X107.74 Y104.813 E1642.83268
G1 X107.313 Y104.353 E1642.85877
G1 X106.77 Y104.04 E1642.88483
G1 X106.157 Y103.898 E1642.91099
G1 X105.531 Y103.947 E1642.93709
G1 X104.947 Y104.176 E1642.96317
G1 X104.455 Y104.567 E1642.9893
G1 X104.103 Y105.086 E1643.01537
G1 X103.917 Y105.686 E1643.04149
G1 X103.917 Y106.314 E1643.0676
G1 X104.103 Y106.914 E1643.09372
G1 X104.455 Y107.433 E1643.11979
G1 X104.947 Y107.824 E1643.14592
G1 X105.531 Y108.053 E1643.172
G1 X106.157 Y108.102 E1643.1981
G0 F7200 X106.127 Y107.698
;TYPE:WALL-OUTER
G1 F1500 X106.622 Y107.584 E1643.21922
G1 X107.068 Y107.326 E1643.24064
G1 X107.406 Y106.959 E1643.26138
G1 X107.626 Y106.502 E1643.28247
G1 X107.702 Y106.01 E1643.30317
G1 X107.626 Y105.499 E1643.32465
G1 X107.406 Y105.041 E1643.34577
G1 X107.061 Y104.669 E1643.36686
G1 X106.622 Y104.416 E1643.38793
G1 X106.127 Y104.302 E1643.40905
G1 X105.621 Y104.341 E1643.43015
G1 X105.149 Y104.526 E1643.45123
G1 X104.752 Y104.842 E1643.47232
G1 X104.467 Y105.261 E1643.49339
G1 X104.317 Y105.746 E1643.51449
G1 X104.317 Y106.254 E1643.53561
G1 X104.467 Y106.739 E1643.55672
G1 X104.752 Y107.158 E1643.57779
G1 X105.149 Y107.474 E1643.59888
G1 X105.621 Y107.659 E1643.61996
G1 X106.127 Y107.698 E1643.64106
G0 F7200 X106.159 Y108.136
G0 X106.164 Y108.201
G0 X108.147 Y134.011
G0 X107.827 Y135.098
G0 X106.918 Y136.336
;TYPE:WALL-INNER
G1 F3000 X107.574 Y135.958 E1643.67254
G1 X108.076 Y135.413 E1643.70334
G1 X108.398 Y134.742 E1643.73429
G1 X108.512 Y134.012 E1643.765
G1 X108.4 Y133.261 E1643.79657
G1 X108.074 Y132.585 E1643.82778
G1 X107.565 Y132.037 E1643.85887
G1 X106.918 Y131.664 E1643.88992
G1 X106.187 Y131.494 E1643.92112
G1 X105.44 Y131.553 E1643.95227
G1 X104.745 Y131.826 E1643.98332
G1 X104.158 Y132.292 E1644.01448
G1 X103.773 Y132.862 E1644.04308
G1 X103.739 Y132.911 E1644.04556
G1 X103.517 Y133.625 E1644.07664
G1 X103.517 Y134.375 E1644.10782
G1 X103.739 Y135.089 E1644.13891
G1 X104.158 Y135.708 E1644.16999
G1 X104.745 Y136.174 E1644.20115
G1 X105.44 Y136.447 E1644.23219
G1 X106.187 Y136.506 E1644.26334
G1 X106.918 Y136.336 E1644.29455
G0 F7200 X106.77 Y135.96
G1 F3000 X107.321 Y135.642 E1644.321
G1 X107.741 Y135.186 E1644.34677
G1 X108.012 Y134.622 E1644.37278
G1 X108.107 Y134.011 E1644.39849
G1 X108.013 Y133.38 E1644.42502
G1 X107.74 Y132.813 E1644.45118
G1 X107.313 Y132.353 E1644.47727
G1 X106.77 Y132.04 E1644.50333
G1 X106.157 Y131.898 E1644.52949
G1 X105.531 Y131.947 E1644.5556
G1 X104.947 Y132.176 E1644.58168
G1 X104.455 Y132.567 E1644.6078
G1 X104.103 Y133.086 E1644.63388
G1 X103.917 Y133.686 E1644.65999
G1 X103.917 Y134.314 E1644.6861
G1 X104.103 Y134.914 E1644.71222
G1 X104.455 Y135.433 E1644.73829
G1 X104.947 Y135.824 E1644.76442
G1 X105.531 Y136.053 E1644.7905
G1 X106.157 Y136.102 E1644.8166
G1 X106.77 Y135.96 E1644.84276
G0 F7200 X106.622 Y135.584
;TYPE:WALL-OUTER
G1 F1500 X107.068 Y135.326 E1644.86418
G1 X107.406 Y134.959 E1644.88493
G1 X107.626 Y134.502 E1644.90601
G1 X107.702 Y134.01 E1644.92671
G1 X107.626 Y133.499 E1644.94819
G1 X107.406 Y133.041 E1644.96932
G1 X107.061 Y132.669 E1644.99041
G1 X106.622 Y132.416 E1645.01147
G1 X106.127 Y132.302 E1645.03259
G1 X105.621 Y132.341 E1645.05369
G1 X105.149 Y132.526 E1645.07477
G1 X104.752 Y132.842 E1645.09586
G1 X104.467 Y133.261 E1645.11693
G1 X104.317 Y133.746 E1645.13804
G1 X104.317 Y134.254 E1645.15916
G1 X104.467 Y134.739 E1645.18027
G1 X104.752 Y135.158 E1645.20133
G1 X105.149 Y135.474 E1645.22243
G1 X105.621 Y135.659 E1645.24351
G1 X106.127 Y135.698 E1645.26461
G1 X106.622 Y135.584 E1645.28572
G0 F7200 X106.783 Y135.993
G0 X106.806 Y136.053
G0 X105.96 Y137.499
;TYPE:WALL-INNER
G1 F3000 X105.475 Y137.457 E1645.30596
G1 X105.091 Y137.377 E1645.32227
G1 X104.663 Y137.232 E1645.34106
G1 X104.287 Y137.049 E1645.35844
G1 X103.923 Y136.813 E1645.37648
G1 X103.599 Y136.542 E1645.39404
G1 X103.294 Y136.217 E1645.41257
G1 X102.84 Y135.5 E1645.44785
G1 X102.571 Y134.691 E1645.4833
G1 X102.5 Y133.963 E1645.51371
G1 X102.501 Y105.955 E1646.67815
G1 X102.543 Y105.475 E1646.69818
G1 X102.623 Y105.091 E1646.71449
G1 X102.768 Y104.663 E1646.73327
G1 X102.951 Y104.287 E1646.75066
G1 X103.187 Y103.923 E1646.76869
G1 X103.458 Y103.599 E1646.78626
G1 X103.783 Y103.294 E1646.80479
G1 X104.5 Y102.84 E1646.84007
G1 X105.31 Y102.571 E1646.87555
G1 X106.044 Y102.5 E1646.90621
G1 X174.04 Y102.501 E1649.73316
G1 X174.525 Y102.543 E1649.7534
G1 X174.909 Y102.623 E1649.7697
G1 X175.337 Y102.768 E1649.78849
G1 X175.713 Y102.951 E1649.80588
G1 X176.077 Y103.187 E1649.82391
G1 X176.401 Y103.458 E1649.84147
G1 X176.706 Y103.783 E1649.86
G1 X177.16 Y104.5 E1649.89529
G1 X177.428 Y105.307 E1649.93064
G1 X177.5 Y106.038 E1649.96118
G1 X177.499 Y134.045 E1651.12557
G1 X177.457 Y134.525 E1651.14561
G1 X177.377 Y134.909 E1651.16191
G1 X177.232 Y135.337 E1651.1807
G1 X177.049 Y135.713 E1651.19809
G1 X176.813 Y136.077 E1651.21612
G1 X176.542 Y136.401 E1651.23368
G1 X176.217 Y136.706 E1651.25221
G1 X175.496 Y137.162 E1651.28768
G1 X174.692 Y137.43 E1651.32292
G1 X173.956 Y137.5 E1651.35365
G1 X105.96 Y137.499 E1654.1806
G0 F7200 X105.938 Y137.899
G1 F3000 X105.424 Y137.855 E1654.20205
G1 X104.981 Y137.762 E1654.22087
G1 X104.509 Y137.602 E1654.24159
G1 X104.092 Y137.399 E1654.26087
G1 X103.682 Y137.134 E1654.28116
G1 X103.323 Y136.833 E1654.30064
G1 X102.987 Y136.475 E1654.32105
G1 X102.716 Y136.098 E1654.34036
G1 X102.476 Y135.668 E1654.36083
G1 X102.305 Y135.239 E1654.38003
G1 X102.176 Y134.762 E1654.40058
G1 X102.103 Y134.002 E1654.43232
G1 X102.1 Y133.981 E1654.4332
G1 X102.101 Y105.933 E1655.5993
G1 X102.145 Y105.424 E1655.62054
G1 X102.238 Y104.981 E1655.63936
G1 X102.398 Y104.509 E1655.66008
G1 X102.601 Y104.092 E1655.67936
G1 X102.866 Y103.682 E1655.69966
G1 X103.167 Y103.323 E1655.71914
G1 X103.525 Y102.987 E1655.73955
G1 X103.902 Y102.716 E1655.75885
G1 X104.332 Y102.476 E1655.77933
G1 X104.761 Y102.305 E1655.79853
G1 X105.238 Y102.176 E1655.81907
G1 X106.005 Y102.103 E1655.8511
G1 X106.027 Y102.1 E1655.85203
G1 X174.062 Y102.101 E1658.68059
G1 X174.576 Y102.145 E1658.70204
G1 X175.019 Y102.238 E1658.72086
G1 X175.491 Y102.398 E1658.74158
G1 X175.908 Y102.601 E1658.76086
G1 X176.318 Y102.866 E1658.78116
G1 X176.677 Y103.167 E1658.80063
G1 X177.013 Y103.525 E1658.82105
G1 X177.284 Y103.902 E1658.84035
G1 X177.524 Y104.332 E1658.86082
G1 X177.695 Y104.761 E1658.88002
G1 X177.823 Y105.236 E1658.90048
G1 X177.9 Y106.019 E1658.93319
G1 X177.899 Y134.067 E1660.09929
G1 X177.855 Y134.576 E1660.12053
G1 X177.762 Y135.019 E1660.13935
G1 X177.602 Y135.491 E1660.16007
G1 X177.399 Y135.908 E1660.17935
G1 X177.134 Y136.318 E1660.19965
G1 X176.833 Y136.677 E1660.21912
G1 X176.475 Y137.013 E1660.23954
G1 X176.098 Y137.284 E1660.25884
G1 X175.666 Y137.525 E1660.27941
G1 X175.207 Y137.706 E1660.29992
G1 X174.795 Y137.815 E1660.31764
G1 X174.761 Y137.825 E1660.31911
G1 X174.73 Y137.827 E1660.3204
G1 X173.995 Y137.897 E1660.3511
G1 X173.973 Y137.9 E1660.35202
G1 X105.938 Y137.899 E1663.18059
G0 F7200 X105.916 Y138.299
;TYPE:WALL-OUTER
G1 F1500 X105.373 Y138.253 E1663.20324
G1 X104.868 Y138.147 E1663.2247
G1 X104.357 Y137.973 E1663.24714
G1 X103.898 Y137.75 E1663.26836
G1 X103.441 Y137.455 E1663.29097
G1 X103.051 Y137.128 E1663.31213
G1 X102.674 Y136.725 E1663.33507
G1 X102.381 Y136.318 E1663.35592
G1 X102.113 Y135.839 E1663.37874
G1 X101.925 Y135.365 E1663.39994
G1 X101.782 Y134.837 E1663.42269
G1 X101.716 Y134.34 E1663.44353
G1 X101.7 Y134 E1663.45768
G1 X101.701 Y105.911 E1664.62549
G1 X101.747 Y105.373 E1664.64793
G1 X101.853 Y104.868 E1664.66939
G1 X102.027 Y104.357 E1664.69183
G1 X102.25 Y103.898 E1664.71305
G1 X102.545 Y103.441 E1664.73566
G1 X102.872 Y103.051 E1664.75682
G1 X103.275 Y102.674 E1664.77976
G1 X103.682 Y102.381 E1664.80061
G1 X104.161 Y102.113 E1664.82343
G1 X104.635 Y101.925 E1664.84463
G1 X105.163 Y101.782 E1664.86738
G1 X105.66 Y101.716 E1664.88822
G1 X106.009 Y101.7 E1664.90275
G1 X174.084 Y101.701 E1667.73297
G1 X174.627 Y101.747 E1667.75563
G1 X175.132 Y101.853 E1667.77708
G1 X175.643 Y102.027 E1667.79953
G1 X176.102 Y102.25 E1667.82074
G1 X176.559 Y102.545 E1667.84336
G1 X176.949 Y102.872 E1667.86452
G1 X177.326 Y103.275 E1667.88746
G1 X177.619 Y103.682 E1667.90831
G1 X177.887 Y104.161 E1667.93113
G1 X178.075 Y104.635 E1667.95233
G1 X178.218 Y105.163 E1667.97507
G1 X178.3 Y106 E1668.01004
G1 X178.299 Y134.089 E1669.17784
G1 X178.253 Y134.627 E1669.20029
G1 X178.147 Y135.132 E1669.22174
G1 X177.973 Y135.643 E1669.24419
G1 X177.75 Y136.102 E1669.2654
G1 X177.455 Y136.559 E1669.28802
G1 X177.128 Y136.949 E1669.30918
G1 X176.725 Y137.326 E1669.33212
G1 X176.318 Y137.619 E1669.35297
G1 X175.836 Y137.888 E1669.37592
G1 X175.328 Y138.088 E1669.39862
G1 X174.84 Y138.218 E1669.41961
G1 X174.34 Y138.284 E1669.44058
G1 X173.991 Y138.3 E1669.45511
G1 X105.916 Y138.299 E1672.28534
G0 F7200 X105.934 Y137.86
G0 X105.939 Y137.8
G0 X107.774 Y135.208
G0 X108.104 Y134.281
G0 X108.5 Y105.471
;TYPE:FILL
G1 F3000 X140.458 Y137.429 E1673.69459
G0 F7200 X141.306 Y137.429
G1 F3000 X106.448 Y102.57 E1675.23175
G0 F7200 X105.638 Y102.609
G1 F3000 X106.532 Y103.502 E1675.27115
G0 F7200 X105.647 Y103.466
G1 F3000 X104.947 Y102.766 E1675.30202
G0 F7200 X104.35 Y103.018
G1 F3000 X104.987 Y103.655 E1675.33011
G0 F7200 X104.452 Y103.968
G1 F3000 X103.83 Y103.347 E1675.35752
G0 F7200 X103.405 Y103.77
G1 F3000 X104.014 Y104.379 E1675.38437
G0 F7200 X103.673 Y104.887
G1 F3000 X103.049 Y104.262 E1675.41191
G0 F7200 X102.78 Y104.842
G1 F3000 X103.472 Y105.534 E1675.44243
G0 F7200 X103.446 Y106.357
G1 F3000 X102.608 Y105.518 E1675.4794
G0 F7200 X102.57 Y106.329
G1 F3000 X133.669 Y137.428 E1676.85078
G0 F7200 X134.517 Y137.428
G1 F3000 X105.62 Y108.53 E1678.12507
G0 F7200 X106.453 Y108.515
G1 F3000 X135.366 Y137.428 E1679.40005
G0 F7200 X136.214 Y137.428
G1 F3000 X107.099 Y108.312 E1680.68396
G0 F7200 X107.632 Y107.997
G1 F3000 X137.063 Y137.428 E1681.98179
G0 F7200 X137.911 Y137.428
G1 F3000 X108.038 Y107.555 E1683.2991
G0 F7200 X108.345 Y107.012
G1 F3000 X138.76 Y137.428 E1684.64034
G0 F7200 X139.609 Y137.428
G1 F3000 X108.529 Y106.348 E1686.01087
G0 F7200 X108.145 Y102.57
G1 F3000 X143.003 Y137.429 E1687.54803
G0 F7200 X142.155 Y137.429
G1 F3000 X107.297 Y102.57 E1689.08519
G0 F7200 X108.994 Y102.57
G1 F3000 X143.852 Y137.429 E1690.62235
G0 F7200 X144.7 Y137.429
G1 F3000 X109.842 Y102.57 E1692.15951
G0 F7200 X110.691 Y102.57
G1 F3000 X145.549 Y137.429 E1693.69667
G0 F7200 X146.397 Y137.429
G1 F3000 X111.539 Y102.57 E1695.23383
G0 F7200 X112.388 Y102.57
G1 F3000 X147.246 Y137.429 E1696.77099
G0 F7200 X148.095 Y137.429
G1 F3000 X113.236 Y102.57 E1698.30817
G0 F7200 X114.085 Y102.57
G1 F3000 X148.943 Y137.429 E1699.84533
G0 F7200 X149.792 Y137.429
G1 F3000 X136.784 Y124.421 E1700.41895
G0 F7200 X138.059 Y124.848
G1 F3000 X150.64 Y137.429 E1700.97373
G0 F7200 X151.489 Y137.429
G1 F3000 X139.097 Y125.036 E1701.52021
G0 F7200 X140.002 Y125.093
G1 F3000 X152.337 Y137.429 E1702.06417
G0 F7200 X153.186 Y137.429
G1 F3000 X140.806 Y125.049 E1702.61009
G0 F7200 X141.55 Y124.944
G1 F3000 X154.034 Y137.429 E1703.16062
G0 F7200 X154.883 Y137.429
G1 F3000 X142.233 Y124.779 E1703.71845
G0 F7200 X142.869 Y124.566
G1 F3000 X155.731 Y137.429 E1704.28565
G0 F7200 X156.58 Y137.429
G1 F3000 X143.46 Y124.309 E1704.8642
G0 F7200 X144.017 Y124.017
G1 F3000 X157.428 Y137.429 E1705.45561
G0 F7200 X158.277 Y137.429
G1 F3000 X144.542 Y123.694 E1706.06129
G0 F7200 X145.029 Y123.332
G1 F3000 X159.125 Y137.429 E1706.6829
G0 F7200 X159.974 Y137.429
G1 F3000 X145.49 Y122.944 E1707.32163
G0 F7200 X145.911 Y122.517
G1 F3000 X160.822 Y137.429 E1707.97918
G0 F7200 X161.671 Y137.429
G1 F3000 X146.303 Y122.061 E1708.65687
G0 F7200 X146.666 Y121.575
G1 F3000 X162.52 Y137.429 E1709.35598
G0 F7200 X163.368 Y137.429
G1 F3000 X146.997 Y121.058 E1710.0779
G0 F7200 X147.288 Y120.5
G1 F3000 X164.217 Y137.429 E1710.82442
G0 F7200 X165.065 Y137.429
G1 F3000 X147.547 Y119.911 E1711.59691
G0 F7200 X147.76 Y119.275
G1 F3000 X165.914 Y137.429 E1712.39745
G0 F7200 X166.762 Y137.429
G1 F3000 X147.928 Y118.595 E1713.22797
G0 F7200 X148.037 Y117.855
G1 F3000 X167.611 Y137.429 E1714.09113
G0 F7200 X168.459 Y137.429
G1 F3000 X148.087 Y117.056 E1714.9895
G0 F7200 X148.041 Y116.162
G1 F3000 X169.308 Y137.429 E1715.92731
G0 F7200 X170.156 Y137.429
G1 F3000 X147.865 Y115.138 E1716.91028
G0 F7200 X147.467 Y113.89
G1 F3000 X171.005 Y137.429 E1717.94826
G0 F7200 X171.853 Y137.429
G1 F3000 X145.942 Y111.517 E1719.09088
G0 F7200 X145.504 Y111.08
G1 F3000 X136.995 Y102.57 E1719.46613
G0 F7200 X136.147 Y102.57
G1 F3000 X143.097 Y109.521 E1719.77263
G0 F7200 X141.861 Y109.133
G1 F3000 X135.298 Y102.57 E1720.06204
G0 F7200 X134.449 Y102.57
G1 F3000 X140.833 Y108.953 E1720.34353
G0 F7200 X139.936 Y108.905
G1 F3000 X133.601 Y102.57 E1720.62288
G0 F7200 X132.752 Y102.57
G1 F3000 X139.135 Y108.953 E1720.90436
G0 F7200 X138.401 Y109.067
G1 F3000 X131.904 Y102.57 E1721.19086
G0 F7200 X131.055 Y102.57
G1 F3000 X137.724 Y109.239 E1721.48494
G0 F7200 X137.093 Y109.456
G1 F3000 X130.207 Y102.57 E1721.78859
G0 F7200 X129.358 Y102.57
G1 F3000 X136.499 Y109.711 E1722.10349
G0 F7200 X135.942 Y110.003
G1 F3000 X128.51 Y102.57 E1722.43124
G0 F7200 X127.661 Y102.57
G1 F3000 X135.418 Y110.327 E1722.7733
G0 F7200 X134.935 Y110.693
G1 F3000 X126.813 Y102.57 E1723.13148
G0 F7200 X125.964 Y102.57
G1 F3000 X134.483 Y111.089 E1723.50715
G0 F7200 X134.058 Y111.513
G1 F3000 X125.116 Y102.57 E1723.90148
G0 F7200 X124.267 Y102.57
G1 F3000 X133.664 Y111.967 E1724.31586
G0 F7200 X133.309 Y112.461
G1 F3000 X123.419 Y102.57 E1724.75201
G0 F7200 X122.57 Y102.57
G1 F3000 X132.984 Y112.984 E1725.21123
G0 F7200 X132.691 Y113.54
G1 F3000 X121.722 Y102.57 E1725.69496
G0 F7200 X120.873 Y102.57
G1 F3000 X132.434 Y114.131 E1726.20477
G0 F7200 X132.221 Y114.767
G1 F3000 X120.025 Y102.57 E1726.7426
G0 F7200 X119.176 Y102.57
G1 F3000 X132.059 Y115.454 E1727.31072
G0 F7200 X131.953 Y116.196
G1 F3000 X118.327 Y102.57 E1727.91159
G0 F7200 X117.479 Y102.57
G1 F3000 X131.914 Y117.005 E1728.54813
G0 F7200 X131.96 Y117.9
G1 F3000 X116.63 Y102.57 E1729.22414
G0 F7200 X115.782 Y102.57
G1 F3000 X132.142 Y118.931 E1729.94559
G0 F7200 X132.581 Y120.218
G1 F3000 X114.933 Y102.57 E1730.72382
G0 F7200 X105.523 Y103.909
G0 X104.523 Y104.464
G0 X102.57 Y107.178
G1 F3000 X132.82 Y137.428 E1732.05775
G0 F7200 X131.972 Y137.428
G1 F3000 X102.57 Y108.026 E1733.3543
G0 F7200 X102.57 Y108.875
G1 F3000 X131.123 Y137.428 E1734.6134
G0 F7200 X130.275 Y137.428
G1 F3000 X102.57 Y109.723 E1735.83511
G0 F7200 X102.57 Y110.572
G1 F3000 X129.426 Y137.428 E1737.01939
G0 F7200 X128.578 Y137.428
G1 F3000 X102.57 Y111.42 E1738.16626
G0 F7200 X102.57 Y112.269
G1 F3000 X127.729 Y137.428 E1739.2757
G0 F7200 X126.881 Y137.428
G1 F3000 X102.57 Y113.117 E1740.34775
G0 F7200 X102.57 Y113.966
G1 F3000 X126.032 Y137.428 E1741.38236
G0 F7200 X125.184 Y137.428
G1 F3000 X102.57 Y114.815 E1742.37955
G0 F7200 X102.57 Y115.663
G1 F3000 X124.335 Y137.428 E1743.33932
G0 F7200 X123.487 Y137.428
G1 F3000 X102.57 Y116.512 E1744.26168
G0 F7200 X102.57 Y117.36
G1 F3000 X122.638 Y137.428 E1745.14662
G0 F7200 X121.789 Y137.428
G1 F3000 X102.57 Y118.209 E1745.99412
G0 F7200 X102.57 Y119.057
G1 F3000 X120.941 Y137.428 E1746.80423
G0 F7200 X120.092 Y137.428
G1 F3000 X102.57 Y119.906 E1747.5769
G0 F7200 X102.57 Y120.754
G1 F3000 X119.244 Y137.428 E1748.31218
G0 F7200 X118.395 Y137.428
G1 F3000 X102.57 Y121.602 E1749.01003
G0 F7200 X102.57 Y122.451
G1 F3000 X117.547 Y137.428 E1749.67048
G0 F7200 X116.698 Y137.428
G1 F3000 X102.57 Y123.299 E1750.2935
G0 F7200 X102.57 Y124.148
G1 F3000 X115.85 Y137.428 E1750.87911
G0 F7200 X115.001 Y137.428
G1 F3000 X102.57 Y124.996 E1751.42731
G0 F7200 X102.57 Y125.845
G1 F3000 X114.153 Y137.428 E1751.93808
G0 F7200 X113.304 Y137.428
G1 F3000 X102.57 Y126.693 E1752.41144
G0 F7200 X102.57 Y127.542
G1 F3000 X106.529 Y131.501 E1752.58603
G0 F7200 X105.645 Y131.465
G1 F3000 X102.57 Y128.39 E1752.72162
G0 F7200 X102.57 Y129.239
G1 F3000 X104.986 Y131.655 E1752.82816
G0 F7200 X104.45 Y131.968
G1 F3000 X102.57 Y130.087 E1752.91109
G0 F7200 X102.57 Y130.936
G1 F3000 X104.013 Y132.38 E1752.97474
G0 F7200 X103.673 Y132.887
G1 F3000 X102.57 Y131.784 E1753.02338
G0 F7200 X102.57 Y132.633
G1 F3000 X103.471 Y133.534 E1753.06311
G0 F7200 X103.446 Y134.358
G1 F3000 X102.57 Y133.481 E1753.10176
G0 F7200 X102.608 Y134.369
G1 F3000 X105.638 Y137.399 E1753.23538
G0 F7200 X105.619 Y136.531
G1 F3000 X106.516 Y137.428 E1753.27493
G0 F7200 X107.364 Y137.428
G1 F3000 X106.452 Y136.515 E1753.31517
G0 F7200 X107.098 Y136.313
G1 F3000 X108.213 Y137.428 E1753.36434
G0 F7200 X109.062 Y137.428
G1 F3000 X107.631 Y135.997 E1753.42744
G0 F7200 X108.038 Y135.555
G1 F3000 X109.91 Y137.428 E1753.51001
G0 F7200 X110.759 Y137.428
G1 F3000 X108.345 Y135.014 E1753.61646
G0 F7200 X108.529 Y134.35
G1 F3000 X111.607 Y137.428 E1753.7522
G0 F7200 X112.456 Y137.428
G1 F3000 X108.502 Y133.474 E1753.92656
G0 F7200 X107.774 Y135.208
G0 X107.028 Y135.855
G0 X104.429 Y137.038
G1 F3000 X102.982 Y135.591 E1753.99036
G0 F7200 X104.067 Y133.069
G0 X137.844 Y102.57
G1 F3000 X172.702 Y137.429 E1755.52752
G0 F7200 X173.55 Y137.429
G1 F3000 X138.692 Y102.57 E1757.06468
G0 F7200 X139.541 Y102.57
G1 F3000 X171.487 Y134.517 E1758.47343
G0 F7200 X171.446 Y133.627
G1 F3000 X140.389 Y102.57 E1759.84296
G0 F7200 X141.238 Y102.57
G1 F3000 X171.645 Y132.978 E1761.18384
G0 F7200 X171.966 Y132.45
G1 F3000 X142.086 Y102.57 E1762.50146
G0 F7200 X142.935 Y102.57
G1 F3000 X172.385 Y132.021 E1763.80014
G0 F7200 X172.901 Y131.688
G1 F3000 X143.783 Y102.57 E1765.08416
G0 F7200 X144.632 Y102.57
G1 F3000 X173.536 Y131.474 E1766.35875
G0 F7200 X174.376 Y131.466
G1 F3000 X145.48 Y102.57 E1767.63298
G0 F7200 X146.329 Y102.57
G1 F3000 X177.428 Y133.67 E1769.00438
G0 F7200 X177.391 Y134.481
G1 F3000 X176.522 Y133.612 E1769.0427
G0 F7200 X176.512 Y134.451
G1 F3000 X177.218 Y135.157 E1769.07383
G0 F7200 X176.949 Y135.736
G1 F3000 X176.306 Y135.093 E1769.10218
G0 F7200 X175.981 Y135.616
G1 F3000 X176.594 Y136.229 E1769.12922
G0 F7200 X176.168 Y136.652
G1 F3000 X175.562 Y136.046 E1769.15594
G0 F7200 X175.023 Y136.356
G1 F3000 X175.648 Y136.98 E1769.18348
G0 F7200 X175.054 Y137.235
G1 F3000 X174.356 Y136.538 E1769.21424
G0 F7200 X174.361 Y137.39
G1 F3000 X173.492 Y136.521 E1769.25256
G0 F7200 X174.784 Y135.997
G0 X175.587 Y135.41
G0 X177.428 Y132.821
G1 F3000 X147.177 Y102.57 E1770.58654
G0 F7200 X148.026 Y102.57
G1 F3000 X177.428 Y131.972 E1771.88308
G0 F7200 X177.428 Y131.124
G1 F3000 X148.874 Y102.57 E1773.14223
G0 F7200 X149.723 Y102.57
G1 F3000 X177.428 Y130.275 E1774.36394
G0 F7200 X177.428 Y129.427
G1 F3000 X150.572 Y102.57 E1775.54824
G0 F7200 X151.42 Y102.57
G1 F3000 X177.428 Y128.578 E1776.69511
G0 F7200 X177.428 Y127.73
G1 F3000 X152.269 Y102.57 E1777.80458
G0 F7200 X153.117 Y102.57
G1 F3000 X177.428 Y126.881 E1778.87662
G0 F7200 X177.428 Y126.033
G1 F3000 X153.966 Y102.57 E1779.91125
G0 F7200 X154.814 Y102.57
G1 F3000 X177.428 Y125.184 E1780.90846
G0 F7200 X177.428 Y124.336
G1 F3000 X155.663 Y102.57 E1781.86826
G0 F7200 X156.511 Y102.57
G1 F3000 X177.428 Y123.487 E1782.79064
G0 F7200 X177.428 Y122.639
G1 F3000 X157.36 Y102.57 E1783.6756
G0 F7200 X158.208 Y102.57
G1 F3000 X177.428 Y121.79 E1784.52315
G0 F7200 X177.428 Y120.942
G1 F3000 X159.057 Y102.57 E1785.33328
G0 F7200 X159.905 Y102.57
G1 F3000 X177.428 Y120.093 E1786.10599
G0 F7200 X177.429 Y119.245
G1 F3000 X160.754 Y102.57 E1786.84131
G0 F7200 X161.602 Y102.57
G1 F3000 X177.429 Y118.397 E1787.53924
G0 F7200 X177.429 Y117.548
G1 F3000 X162.451 Y102.57 E1788.19972
G0 F7200 X163.299 Y102.57
G1 F3000 X177.429 Y116.7 E1788.82282
G0 F7200 X177.429 Y115.851
G1 F3000 X164.148 Y102.57 E1789.40847
G0 F7200 X164.997 Y102.57
G1 F3000 X177.429 Y115.003 E1789.95671
G0 F7200 X177.429 Y114.154
G1 F3000 X165.845 Y102.57 E1790.46753
G0 F7200 X166.694 Y102.57
G1 F3000 X177.429 Y113.306 E1790.94093
G0 F7200 X177.429 Y112.457
G1 F3000 X173.493 Y108.521 E1791.1145
G0 F7200 X174.358 Y108.538
G1 F3000 X177.429 Y111.609 E1791.24992
G0 F7200 X177.429 Y110.76
G1 F3000 X175.024 Y108.355 E1791.35598
G0 F7200 X175.563 Y108.045
G1 F3000 X177.429 Y109.911 E1791.43826
G0 F7200 X177.429 Y109.063
G1 F3000 X175.981 Y107.615 E1791.50211
G0 F7200 X176.307 Y107.092
G1 F3000 X177.429 Y108.214 E1791.55159
G0 F7200 X177.429 Y107.366
G1 F3000 X176.513 Y106.45 E1791.59198
G0 F7200 X176.521 Y105.609
G1 F3000 X177.429 Y106.517 E1791.63202
G0 F7200 X177.389 Y105.629
G1 F3000 X174.359 Y102.599 E1791.76564
G0 F7200 X174.378 Y103.467
G1 F3000 X173.482 Y102.57 E1791.80517
G0 F7200 X172.633 Y102.57
G1 F3000 X173.537 Y103.474 E1791.84503
G0 F7200 X172.903 Y103.688
G1 F3000 X171.785 Y102.57 E1791.89434
G0 F7200 X170.936 Y102.57
G1 F3000 X172.386 Y104.02 E1791.95828
G0 F7200 X171.966 Y104.449
G1 F3000 X170.088 Y102.57 E1792.04111
G0 F7200 X169.239 Y102.57
G1 F3000 X171.645 Y104.977 E1792.14723
G0 F7200 X171.446 Y105.626
G1 F3000 X168.391 Y102.57 E1792.28197
G0 F7200 X167.542 Y102.57
G1 F3000 X171.486 Y106.515 E1792.45591
G0 F7200 X172.067 Y105.069
G0 X172.831 Y104.218
G0 X175.568 Y102.959
G1 F3000 X177.019 Y104.41 E1792.5199
G1 F2400 E1789.5199
;MESH:NONMESH
G0 F600 X177.019 Y104.41 Z2.15
G0 F7200 X174.159 Y103.859
G0 X106.441 Y108.497
;TIME_ELAPSED:1486.600529
;LAYER:7
;TYPE:WALL-INNER
;MESH:Case3D_Sensor-Tampa.stl
G1 F2400 E1792.5199
G1 F3000 X107.156 Y108.258 E1792.55124
G1 X107.77 Y107.818 E1792.58265
G1 X108.228 Y107.213 E1792.61419
G1 X108.248 Y107.156 E1792.6167
G1 X108.485 Y106.503 E1792.64559
G1 X108.526 Y105.748 E1792.67702
G1 X108.338 Y105.014 E1792.70852
G1 X107.944 Y104.369 E1792.73995
G1 X107.378 Y103.868 E1792.77137
G1 X106.688 Y103.558 E1792.80282
G1 X105.937 Y103.464 E1792.83429
G1 X105.19 Y103.596 E1792.86582
G1 X104.519 Y103.941 E1792.89719
G1 X103.976 Y104.468 E1792.92865
G1 X103.616 Y105.133 E1792.96009
G1 X103.466 Y105.873 E1792.99148
G1 X103.541 Y106.627 E1793.02299
G1 X103.835 Y107.324 E1793.05444
G1 X104.322 Y107.904 E1793.08592
G1 X104.957 Y108.313 E1793.11732
G1 X105.684 Y108.519 E1793.14874
G1 X106.441 Y108.497 E1793.18023
G0 F7200 X106.37 Y108.099
G1 F3000 X106.972 Y107.898 E1793.20661
G1 X107.488 Y107.528 E1793.23301
G1 X107.873 Y107.02 E1793.25951
G1 X108.089 Y106.423 E1793.28591
G1 X108.123 Y105.788 E1793.31234
G1 X107.965 Y105.171 E1793.33882
G1 X107.634 Y104.629 E1793.36523
G1 X107.158 Y104.208 E1793.39165
G1 X106.579 Y103.947 E1793.41805
G1 X105.947 Y103.868 E1793.44453
G1 X105.319 Y103.979 E1793.47104
G1 X104.755 Y104.269 E1793.49741
G1 X104.299 Y104.712 E1793.52384
G1 X103.996 Y105.271 E1793.55028
G1 X103.87 Y105.893 E1793.57666
G1 X103.933 Y106.527 E1793.60315
G1 X104.18 Y107.113 E1793.62959
G1 X104.589 Y107.6 E1793.65603
G1 X105.123 Y107.944 E1793.68244
G1 X105.734 Y108.117 E1793.70884
G1 X106.37 Y108.099 E1793.73529
G0 F7200 X106.3 Y107.701
;TYPE:WALL-OUTER
G1 F1500 X106.788 Y107.538 E1793.75668
G1 X107.206 Y107.238 E1793.77807
G1 X107.518 Y106.827 E1793.79953
G1 X107.693 Y106.343 E1793.82092
G1 X107.72 Y105.828 E1793.84237
G1 X107.592 Y105.328 E1793.86382
G1 X107.324 Y104.889 E1793.88521
G1 X106.938 Y104.548 E1793.90662
G1 X106.469 Y104.336 E1793.92802
G1 X105.957 Y104.272 E1793.94947
G1 X105.448 Y104.362 E1793.97096
G1 X104.991 Y104.597 E1793.99233
G1 X104.622 Y104.956 E1794.01373
G1 X104.376 Y105.409 E1794.03516
G1 X104.274 Y105.913 E1794.05654
G1 X104.325 Y106.427 E1794.07801
G1 X104.525 Y106.902 E1794.09944
G1 X104.856 Y107.296 E1794.12084
G1 X105.289 Y107.575 E1794.14225
G1 X105.784 Y107.715 E1794.16364
G1 X106.3 Y107.701 E1794.1851
G0 F7200 X106.376 Y108.134
G0 X106.387 Y108.197
G0 X108.145 Y133.666
G0 X107.961 Y134.931
G0 X106.578 Y136.469
;TYPE:WALL-INNER
G1 F3000 X107.28 Y136.189 E1794.21652
G1 X107.869 Y135.713 E1794.248
G1 X108.29 Y135.087 E1794.27937
G1 X108.509 Y134.364 E1794.31078
G1 X108.506 Y133.611 E1794.34208
G1 X108.29 Y132.905 E1794.37278
G1 X107.852 Y132.267 E1794.40495
G1 X107.255 Y131.795 E1794.43659
G1 X106.551 Y131.525 E1794.46794
G1 X105.798 Y131.472 E1794.49932
G1 X105.06 Y131.644 E1794.53083
G1 X104.408 Y132.026 E1794.56225
G1 X103.898 Y132.583 E1794.59364
G1 X103.873 Y132.637 E1794.59612
G1 X103.573 Y133.266 E1794.62509
G1 X103.463 Y134.013 E1794.65648
G1 X103.581 Y134.762 E1794.68801
G1 X103.914 Y135.441 E1794.71945
G1 X104.432 Y135.993 E1794.75092
G1 X105.083 Y136.362 E1794.78203
G1 X105.802 Y136.531 E1794.81274
G1 X106.578 Y136.469 E1794.8451
G0 F7200 X106.486 Y136.075
G1 F3000 X107.076 Y135.84 E1794.87151
G1 X107.571 Y135.44 E1794.89797
G1 X107.925 Y134.914 E1794.92433
G1 X108.109 Y134.306 E1794.95074
G1 X108.106 Y133.672 E1794.97709
G1 X107.925 Y133.081 E1795.00279
G1 X107.556 Y132.543 E1795.02991
G1 X107.055 Y132.147 E1795.05646
G1 X106.463 Y131.92 E1795.08282
G1 X105.83 Y131.875 E1795.10921
G1 X105.21 Y132.02 E1795.13568
G1 X104.662 Y132.341 E1795.16208
G1 X104.233 Y132.809 E1795.18848
G1 X103.96 Y133.383 E1795.21491
G1 X103.868 Y134.011 E1795.24129
G1 X103.967 Y134.64 E1795.26777
G1 X104.247 Y135.211 E1795.29421
G1 X104.682 Y135.675 E1795.32065
G1 X105.23 Y135.986 E1795.34684
G1 X105.832 Y136.127 E1795.37255
G1 X106.486 Y136.075 E1795.39983
G0 F7200 X106.394 Y135.681
;TYPE:WALL-OUTER
G1 F1500 X106.872 Y135.491 E1795.42121
G1 X107.273 Y135.167 E1795.44265
G1 X107.56 Y134.741 E1795.464
G1 X107.709 Y134.248 E1795.48541
G1 X107.706 Y133.733 E1795.50682
G1 X107.56 Y133.257 E1795.52752
G1 X107.26 Y132.819 E1795.5496
G1 X106.855 Y132.499 E1795.57106
G1 X106.375 Y132.315 E1795.59243
G1 X105.862 Y132.278 E1795.61381
G1 X105.36 Y132.396 E1795.63525
G1 X104.916 Y132.656 E1795.65664
G1 X104.568 Y133.035 E1795.67803
G1 X104.347 Y133.5 E1795.69944
G1 X104.273 Y134.009 E1795.72082
G1 X104.353 Y134.518 E1795.74224
G1 X104.58 Y134.981 E1795.76368
G1 X104.932 Y135.357 E1795.7851
G1 X105.377 Y135.61 E1795.80638
G1 X105.862 Y135.723 E1795.82708
G1 X106.394 Y135.681 E1795.84927
G0 F7200 X106.493 Y136.109
G0 X106.508 Y136.172
G0 X140.069 Y125.025
;TYPE:WALL-INNER
G1 F3000 X140.864 Y124.977 E1795.88238
G1 X141.519 Y124.879 E1795.90992
G1 X142.178 Y124.725 E1795.93805
G1 X142.934 Y124.471 E1795.97121
G1 X143.662 Y124.141 E1796.00444
G1 X144.351 Y123.743 E1796.03752
G1 X144.904 Y123.351 E1796.0657
G1 X145.508 Y122.835 E1796.09873
G1 X146.063 Y122.256 E1796.13208
G1 X146.555 Y121.628 E1796.16524
G1 X146.983 Y120.955 E1796.1984
G1 X147.283 Y120.365 E1796.22592
G1 X147.543 Y119.743 E1796.25395
G1 X147.778 Y118.983 E1796.28702
G1 X147.915 Y118.319 E1796.31521
G1 X148.005 Y117.542 E1796.34773
G1 X148.022 Y117.119 E1796.36533
G1 X147.997 Y116.332 E1796.39807
G1 X147.891 Y115.538 E1796.43137
G1 X147.706 Y114.759 E1796.46466
G1 X147.445 Y114.002 E1796.49795
G1 X147.109 Y113.277 E1796.53117
G1 X146.702 Y112.589 E1796.5644
G1 X146.23 Y111.943 E1796.59767
G1 X145.695 Y111.348 E1796.63093
G1 X145.104 Y110.808 E1796.66422
G1 X144.462 Y110.331 E1796.69747
G1 X143.793 Y109.932 E1796.72985
G1 X143.776 Y109.921 E1796.73069
G1 X143.052 Y109.58 E1796.76397
G1 X142.299 Y109.312 E1796.7972
G1 X141.522 Y109.122 E1796.83045
G1 X141.502 Y109.12 E1796.83129
G1 X140.73 Y109.01 E1796.86371
G1 X139.931 Y108.975 E1796.89696
G1 X139.132 Y109.023 E1796.93024
G1 X138.342 Y109.148 E1796.96349
G1 X137.567 Y109.352 E1796.99681
G1 X136.819 Y109.633 E1797.03003
G1 X136.1 Y109.986 E1797.06333
G1 X135.421 Y110.41 E1797.09661
G1 X134.789 Y110.898 E1797.12981
G1 X134.207 Y111.447 E1797.16307
G1 X133.681 Y112.052 E1797.1964
G1 X133.223 Y112.706 E1797.2296
G1 X132.828 Y113.4 E1797.2628
G1 X132.506 Y114.133 E1797.29608
G1 X132.265 Y114.875 E1797.32852
G1 X132.258 Y114.894 E1797.32936
G1 X132.085 Y115.676 E1797.36266
G1 X131.993 Y116.471 E1797.39593
G1 X131.981 Y117.269 E1797.42911
G1 X132.047 Y118.066 E1797.46236
G1 X132.191 Y118.852 E1797.49558
G1 X132.417 Y119.623 E1797.52898
G1 X132.714 Y120.364 E1797.56217
G1 X133.086 Y121.072 E1797.59542
G1 X133.525 Y121.74 E1797.62866
G1 X134.03 Y122.363 E1797.662
G1 X134.593 Y122.929 E1797.69519
G1 X135.21 Y123.438 E1797.72844
G1 X135.872 Y123.881 E1797.76156
G1 X136.454 Y124.197 E1797.78909
G1 X137.068 Y124.471 E1797.81705
G1 X137.707 Y124.688 E1797.8451
G1 X138.478 Y124.878 E1797.87812
G1 X138.498 Y124.88 E1797.87895
G1 X139.27 Y124.99 E1797.91137
G1 X140.069 Y125.025 E1797.94462
G0 F7200 X140.066 Y124.624
G1 F3000 X140.822 Y124.579 E1797.97611
G1 X141.444 Y124.486 E1798.00226
G1 X142.068 Y124.34 E1798.0289
G1 X142.787 Y124.098 E1798.06044
G1 X143.479 Y123.785 E1798.09202
G1 X144.135 Y123.406 E1798.12351
G1 X144.658 Y123.035 E1798.15017
G1 X145.233 Y122.544 E1798.18161
G1 X145.76 Y121.994 E1798.21328
G1 X146.228 Y121.397 E1798.24482
G1 X146.635 Y120.757 E1798.27635
G1 X146.92 Y120.197 E1798.30247
G1 X147.166 Y119.607 E1798.32905
G1 X147.39 Y118.883 E1798.36056
G1 X147.52 Y118.255 E1798.38722
G1 X147.606 Y117.511 E1798.41836
G1 X147.622 Y117.117 E1798.43475
G1 X147.598 Y116.365 E1798.46603
G1 X147.497 Y115.611 E1798.49766
G1 X147.321 Y114.871 E1798.52928
G1 X147.073 Y114.152 E1798.5609
G1 X146.754 Y113.463 E1798.59247
G1 X146.368 Y112.809 E1798.62404
G1 X145.919 Y112.195 E1798.65567
G1 X145.411 Y111.63 E1798.68726
G1 X144.849 Y111.117 E1798.71889
G1 X144.239 Y110.664 E1798.75048
G1 X143.588 Y110.274 E1798.78203
G1 X142.9 Y109.95 E1798.81365
G1 X142.184 Y109.696 E1798.84523
G1 X141.446 Y109.515 E1798.87683
G1 X140.693 Y109.409 E1798.90844
G1 X139.934 Y109.376 E1798.94003
G1 X139.175 Y109.421 E1798.97164
G1 X138.425 Y109.54 E1799.00321
G1 X137.689 Y109.734 E1799.03485
G1 X136.978 Y110.001 E1799.06643
G1 X136.295 Y110.336 E1799.09806
G1 X135.65 Y110.739 E1799.12968
G1 X135.049 Y111.203 E1799.16124
G1 X134.496 Y111.724 E1799.19283
G1 X133.997 Y112.299 E1799.22448
G1 X133.561 Y112.92 E1799.25603
G1 X133.186 Y113.58 E1799.28759
G1 X132.88 Y114.276 E1799.3192
G1 X132.644 Y114.999 E1799.35082
G1 X132.48 Y115.742 E1799.38245
G1 X132.393 Y116.497 E1799.41405
G1 X132.381 Y117.256 E1799.44561
G1 X132.444 Y118.013 E1799.47719
G1 X132.581 Y118.76 E1799.50876
G1 X132.795 Y119.492 E1799.54047
G1 X133.078 Y120.196 E1799.57202
G1 X133.431 Y120.869 E1799.60361
G1 X133.848 Y121.504 E1799.6352
G1 X134.328 Y122.095 E1799.66685
G1 X134.863 Y122.633 E1799.69839
G1 X135.449 Y123.117 E1799.72999
G1 X136.079 Y123.538 E1799.76149
G1 X136.631 Y123.838 E1799.78761
G1 X137.214 Y124.098 E1799.81415
G1 X137.819 Y124.304 E1799.84073
G1 X138.554 Y124.485 E1799.8722
G1 X139.307 Y124.591 E1799.90381
G1 X140.066 Y124.624 E1799.9354
G0 F7200 X140.063 Y124.223
;TYPE:WALL-OUTER
G1 F1500 X140.781 Y124.181 E1799.9653
G1 X141.369 Y124.093 E1799.99002
G1 X141.958 Y123.955 E1800.01517
G1 X142.64 Y123.725 E1800.04509
G1 X143.296 Y123.429 E1800.07501
G1 X143.919 Y123.069 E1800.10493
G1 X144.412 Y122.719 E1800.13006
G1 X144.958 Y122.253 E1800.15991
G1 X145.457 Y121.732 E1800.1899
G1 X145.901 Y121.166 E1800.21981
G1 X146.287 Y120.558 E1800.24975
G1 X146.557 Y120.029 E1800.27444
G1 X146.789 Y119.471 E1800.29957
G1 X147.002 Y118.783 E1800.32951
G1 X147.125 Y118.191 E1800.35465
G1 X147.207 Y117.48 E1800.3844
G1 X147.222 Y117.115 E1800.39959
G1 X147.199 Y116.398 E1800.42942
G1 X147.103 Y115.684 E1800.45937
G1 X146.936 Y114.983 E1800.48933
G1 X146.701 Y114.302 E1800.51928
G1 X146.399 Y113.649 E1800.54919
G1 X146.033 Y113.029 E1800.57912
G1 X145.608 Y112.447 E1800.60908
G1 X145.127 Y111.912 E1800.63899
G1 X144.594 Y111.426 E1800.66898
G1 X144.016 Y110.997 E1800.69891
G1 X143.399 Y110.627 E1800.72882
G1 X142.748 Y110.32 E1800.75874
G1 X142.069 Y110.08 E1800.78869
G1 X141.37 Y109.908 E1800.81861
G1 X140.657 Y109.808 E1800.84855
G1 X139.937 Y109.777 E1800.87851
G1 X139.218 Y109.819 E1800.90845
G1 X138.508 Y109.932 E1800.93834
G1 X137.811 Y110.116 E1800.96831
G1 X137.137 Y110.369 E1800.99824
G1 X136.49 Y110.686 E1801.0282
G1 X135.879 Y111.068 E1801.05816
G1 X135.309 Y111.508 E1801.08809
G1 X134.785 Y112.001 E1801.118
G1 X134.313 Y112.546 E1801.14798
G1 X133.899 Y113.134 E1801.17788
G1 X133.544 Y113.76 E1801.2078
G1 X133.254 Y114.419 E1801.23773
G1 X133.03 Y115.104 E1801.26769
G1 X132.875 Y115.808 E1801.29766
G1 X132.793 Y116.523 E1801.32758
G1 X132.781 Y117.243 E1801.35752
G1 X132.841 Y117.96 E1801.38744
G1 X132.971 Y118.668 E1801.41736
G1 X133.173 Y119.361 E1801.44737
G1 X133.442 Y120.028 E1801.47727
G1 X133.776 Y120.666 E1801.50721
G1 X134.171 Y121.267 E1801.53712
G1 X134.626 Y121.827 E1801.56711
G1 X135.133 Y122.337 E1801.59701
G1 X135.688 Y122.796 E1801.62695
G1 X136.286 Y123.195 E1801.65684
G1 X136.808 Y123.479 E1801.68155
G1 X137.36 Y123.725 E1801.70667
G1 X137.932 Y123.92 E1801.7318
G1 X138.63 Y124.092 E1801.76169
G1 X139.343 Y124.192 E1801.79162
G1 X140.063 Y124.223 E1801.82158
G0 F7200 X140.066 Y124.663
G0 X140.066 Y124.724
G0 X142.078 Y124.378
G0 X143.227 Y123.927
G0 X173.684 Y108.519
;TYPE:WALL-INNER
G1 F3000 X174.441 Y108.497 E1801.85307
G1 X175.156 Y108.258 E1801.88441
G1 X175.77 Y107.818 E1801.91582
G1 X176.228 Y107.213 E1801.94736
G1 X176.248 Y107.156 E1801.94987
G1 X176.485 Y106.503 E1801.97876
G1 X176.526 Y105.748 E1802.01019
G1 X176.338 Y105.014 E1802.04169
G1 X175.944 Y104.369 E1802.07312
G1 X175.378 Y103.868 E1802.10454
G1 X174.688 Y103.558 E1802.13599
G1 X173.937 Y103.464 E1802.16746
G1 X173.19 Y103.596 E1802.19899
G1 X172.519 Y103.941 E1802.23036
G1 X171.976 Y104.468 E1802.26182
G1 X171.616 Y105.133 E1802.29326
G1 X171.466 Y105.873 E1802.32465
G1 X171.541 Y106.627 E1802.35616
G1 X171.835 Y107.324 E1802.38761
G1 X172.322 Y107.904 E1802.41909
G1 X172.957 Y108.313 E1802.45049
G1 X173.684 Y108.519 E1802.48191
G0 F7200 X173.734 Y108.117
G1 F3000 X174.37 Y108.099 E1802.50836
G1 X174.972 Y107.898 E1802.53475
G1 X175.488 Y107.528 E1802.56115
G1 X175.873 Y107.02 E1802.58765
G1 X176.089 Y106.423 E1802.61404
G1 X176.123 Y105.788 E1802.64048
G1 X175.965 Y105.171 E1802.66696
G1 X175.634 Y104.629 E1802.69336
G1 X175.158 Y104.208 E1802.71978
G1 X174.579 Y103.947 E1802.74619
G1 X173.947 Y103.868 E1802.77267
G1 X173.319 Y103.979 E1802.79918
G1 X172.755 Y104.269 E1802.82555
G1 X172.299 Y104.712 E1802.85198
G1 X171.996 Y105.271 E1802.87841
G1 X171.87 Y105.893 E1802.9048
G1 X171.933 Y106.527 E1802.93129
G1 X172.18 Y107.113 E1802.95773
G1 X172.589 Y107.6 E1802.98417
G1 X173.123 Y107.944 E1803.01058
G1 X173.734 Y108.117 E1803.03698
G0 F7200 X173.784 Y107.715
;TYPE:WALL-OUTER
G1 F1500 X174.3 Y107.701 E1803.05844
G1 X174.788 Y107.538 E1803.07983
G1 X175.206 Y107.238 E1803.10122
G1 X175.518 Y106.827 E1803.12267
G1 X175.693 Y106.343 E1803.14407
G1 X175.72 Y105.828 E1803.16551
G1 X175.592 Y105.328 E1803.18697
G1 X175.324 Y104.889 E1803.20835
G1 X174.938 Y104.548 E1803.22977
G1 X174.469 Y104.336 E1803.25116
G1 X173.957 Y104.272 E1803.27262
G1 X173.448 Y104.362 E1803.29411
G1 X172.991 Y104.597 E1803.31547
G1 X172.622 Y104.956 E1803.33687
G1 X172.376 Y105.409 E1803.35831
G1 X172.274 Y105.913 E1803.37968
G1 X172.325 Y106.427 E1803.40116
G1 X172.525 Y106.902 E1803.42259
G1 X172.856 Y107.296 E1803.44398
G1 X173.289 Y107.575 E1803.4654
G1 X173.784 Y107.715 E1803.48678
G0 F7200 X173.73 Y108.151
G0 X173.722 Y108.216
G0 X171.828 Y134.011
G0 X172.16 Y135.121
G0 X173.083 Y136.362
;TYPE:WALL-INNER
G1 F3000 X173.802 Y136.531 E1803.51749
G1 X174.578 Y136.469 E1803.54986
G1 X175.28 Y136.189 E1803.58128
G1 X175.869 Y135.713 E1803.61276
G1 X176.29 Y135.087 E1803.64413
G1 X176.509 Y134.364 E1803.67553
G1 X176.506 Y133.611 E1803.70684
G1 X176.29 Y132.905 E1803.73753
G1 X175.852 Y132.267 E1803.76971
G1 X175.255 Y131.795 E1803.80135
G1 X174.551 Y131.525 E1803.8327
G1 X173.798 Y131.472 E1803.86408
G1 X173.06 Y131.644 E1803.89559
G1 X172.408 Y132.026 E1803.927
G1 X171.898 Y132.583 E1803.9584
G1 X171.873 Y132.637 E1803.96087
G1 X171.573 Y133.266 E1803.98985
G1 X171.463 Y134.013 E1804.02124
G1 X171.581 Y134.762 E1804.05276
G1 X171.914 Y135.441 E1804.0842
G1 X172.432 Y135.993 E1804.11568
G1 X173.083 Y136.362 E1804.14679
G0 F7200 X173.23 Y135.986
G1 F3000 X173.832 Y136.127 E1804.17249
G1 X174.486 Y136.075 E1804.19977
G1 X175.076 Y135.84 E1804.22617
G1 X175.571 Y135.44 E1804.25263
G1 X175.925 Y134.914 E1804.27899
G1 X176.109 Y134.306 E1804.3054
G1 X176.106 Y133.672 E1804.33176
G1 X175.925 Y133.081 E1804.35746
G1 X175.556 Y132.543 E1804.38458
G1 X175.055 Y132.147 E1804.41113
G1 X174.463 Y131.92 E1804.43749
G1 X173.83 Y131.875 E1804.46387
G1 X173.21 Y132.02 E1804.49035
G1 X172.662 Y132.341 E1804.51675
G1 X172.233 Y132.809 E1804.54315
G1 X171.96 Y133.383 E1804.56957
G1 X171.868 Y134.011 E1804.59596
G1 X171.967 Y134.64 E1804.62243
G1 X172.247 Y135.211 E1804.64887
G1 X172.682 Y135.675 E1804.67531
G1 X173.23 Y135.986 E1804.70151
G0 F7200 X173.377 Y135.61
;TYPE:WALL-OUTER
G1 F1500 X173.862 Y135.723 E1804.72221
G1 X174.394 Y135.681 E1804.7444
G1 X174.872 Y135.491 E1804.76579
G1 X175.273 Y135.167 E1804.78722
G1 X175.56 Y134.741 E1804.80858
G1 X175.709 Y134.248 E1804.82999
G1 X175.706 Y133.733 E1804.8514
G1 X175.56 Y133.257 E1804.8721
G1 X175.26 Y132.819 E1804.89417
G1 X174.855 Y132.499 E1804.91563
G1 X174.375 Y132.315 E1804.937
G1 X173.862 Y132.278 E1804.95839
G1 X173.36 Y132.396 E1804.97983
G1 X172.916 Y132.656 E1805.00122
G1 X172.568 Y133.035 E1805.02261
G1 X172.347 Y133.5 E1805.04401
G1 X172.273 Y134.009 E1805.0654
G1 X172.353 Y134.518 E1805.08682
G1 X172.58 Y134.981 E1805.10826
G1 X172.932 Y135.357 E1805.12967
G1 X173.377 Y135.61 E1805.15095
G0 F7200 X173.217 Y136.019
G0 X173.194 Y136.079
G0 X105.975 Y137.499
;TYPE:WALL-INNER
G1 F3000 X105.486 Y137.459 E1805.17135
G1 X105.092 Y137.378 E1805.18808
G1 X104.661 Y137.232 E1805.20699
G1 X104.315 Y137.064 E1805.22299
G1 X103.645 Y136.586 E1805.2572
G1 X103.09 Y135.94 E1805.29261
G1 X102.893 Y135.604 E1805.3088
G1 X102.705 Y135.174 E1805.32832
G1 X102.587 Y134.759 E1805.34625
G1 X102.5 Y133.951 E1805.38004
G1 X102.501 Y105.971 E1806.54331
G1 X102.541 Y105.486 E1806.56355
G1 X102.622 Y105.095 E1806.58015
G1 X102.773 Y104.651 E1806.59964
G1 X102.938 Y104.308 E1806.61547
G1 X103.193 Y103.911 E1806.63509
G1 X103.775 Y103.3 E1806.67017
G1 X104.507 Y102.836 E1806.7062
G1 X104.87 Y102.69 E1806.72247
G1 X105.308 Y102.572 E1806.74133
G1 X106.045 Y102.5 E1806.77211
G1 X174.025 Y102.501 E1809.59839
G1 X174.514 Y102.541 E1809.61879
G1 X174.905 Y102.622 E1809.63539
G1 X175.349 Y102.773 E1809.65489
G1 X175.692 Y102.938 E1809.67071
G1 X176.08 Y103.187 E1809.68988
G1 X176.393 Y103.449 E1809.70685
G1 X176.7 Y103.775 E1809.72547
G1 X177.164 Y104.507 E1809.7615
G1 X177.31 Y104.87 E1809.77777
G1 X177.428 Y105.308 E1809.79663
G1 X177.5 Y106.038 E1809.82712
G1 X177.499 Y134.029 E1810.99085
G1 X177.459 Y134.513 E1811.01105
G1 X177.38 Y134.894 E1811.02722
G1 X177.08 Y135.66 E1811.06142
G1 X176.634 Y136.3 E1811.09386
G1 X176.35 Y136.589 E1811.1107
G1 X175.985 Y136.879 E1811.13008
G1 X175.648 Y137.086 E1811.14653
G1 X174.849 Y137.393 E1811.18211
G1 X174.464 Y137.466 E1811.1984
G1 X173.96 Y137.5 E1811.21941
G1 X105.975 Y137.499 E1814.04589
G0 F7200 X105.954 Y137.899
G1 F3000 X105.43 Y137.856 E1814.06775
G1 X104.989 Y137.765 E1814.08647
G1 X104.507 Y137.602 E1814.10763
G1 X104.111 Y137.41 E1814.12592
G1 X103.386 Y136.893 E1814.16295
G1 X103.068 Y136.567 E1814.18188
G1 X102.759 Y136.167 E1814.20289
G1 X102.535 Y135.786 E1814.22127
G1 X102.328 Y135.311 E1814.24281
G1 X102.193 Y134.835 E1814.26338
G1 X102.1 Y133.975 E1814.29934
G1 X102.101 Y105.95 E1815.46449
G1 X102.144 Y105.43 E1815.48618
G1 X102.235 Y104.989 E1815.5049
G1 X102.399 Y104.507 E1815.52607
G1 X102.592 Y104.106 E1815.54457
G1 X102.867 Y103.678 E1815.56572
G1 X103.154 Y103.336 E1815.58428
G1 X103.523 Y102.988 E1815.60537
G1 X103.885 Y102.726 E1815.62395
G1 X104.312 Y102.488 E1815.64427
G1 X104.334 Y102.475 E1815.64534
G1 X104.744 Y102.31 E1815.66371
G1 X105.235 Y102.177 E1815.68486
G1 X106.006 Y102.103 E1815.71706
G1 X106.027 Y102.1 E1815.71794
G1 X174.046 Y102.101 E1818.54584
G1 X174.57 Y102.144 E1818.5677
G1 X175.011 Y102.235 E1818.58642
G1 X175.493 Y102.399 E1818.60759
G1 X175.894 Y102.592 E1818.62609
G1 X176.318 Y102.864 E1818.64704
G1 X176.664 Y103.154 E1818.66581
G1 X177.012 Y103.523 E1818.68689
G1 X177.274 Y103.885 E1818.70547
G1 X177.512 Y104.312 E1818.7258
G1 X177.525 Y104.334 E1818.72686
G1 X177.69 Y104.744 E1818.74523
G1 X177.823 Y105.235 E1818.76638
G1 X177.9 Y106.019 E1818.79913
G1 X177.899 Y134.05 E1819.96453
G1 X177.856 Y134.57 E1819.98622
G1 X177.766 Y135.005 E1820.00469
G1 X177.438 Y135.84 E1820.04199
G1 X177.211 Y136.211 E1820.06007
G1 X176.932 Y136.568 E1820.07891
G1 X176.619 Y136.887 E1820.09749
G1 X176.212 Y137.209 E1820.11906
G1 X175.84 Y137.438 E1820.13722
G1 X175.375 Y137.646 E1820.1584
G1 X174.945 Y137.782 E1820.17715
G1 X174.538 Y137.858 E1820.19437
G1 X174.515 Y137.863 E1820.19535
G1 X174.492 Y137.864 E1820.1963
G1 X173.988 Y137.898 E1820.2173
G1 X173.972 Y137.9 E1820.21797
G1 X105.954 Y137.899 E1823.04583
G0 F7200 X105.933 Y138.299
;TYPE:WALL-OUTER
G1 F1500 X105.373 Y138.253 E1823.06919
G1 X104.886 Y138.152 E1823.08987
G1 X104.357 Y137.973 E1823.11309
G1 X103.915 Y137.759 E1823.13351
G1 X103.494 Y137.492 E1823.15423
G1 X103.114 Y137.187 E1823.17449
G1 X102.768 Y136.833 E1823.19507
G1 X102.427 Y136.392 E1823.21825
G1 X102.176 Y135.963 E1823.23891
G1 X101.951 Y135.448 E1823.26228
G1 X101.799 Y134.911 E1823.28548
G1 X101.7 Y134 E1823.32358
G1 X101.701 Y105.929 E1824.49064
G1 X101.747 Y105.373 E1824.51383
G1 X101.848 Y104.886 E1824.53451
G1 X102.027 Y104.357 E1824.55773
G1 X102.241 Y103.913 E1824.57822
G1 X102.545 Y103.44 E1824.60159
G1 X102.864 Y103.06 E1824.62222
G1 X103.271 Y102.677 E1824.64546
G1 X103.666 Y102.39 E1824.66576
G1 X104.162 Y102.113 E1824.68938
G1 X104.618 Y101.93 E1824.7098
G1 X105.162 Y101.782 E1824.73324
G1 X106.009 Y101.7 E1824.76862
G1 X174.067 Y101.701 E1827.59814
G1 X174.627 Y101.747 E1827.6215
G1 X175.114 Y101.848 E1827.64218
G1 X175.643 Y102.027 E1827.6654
G1 X176.087 Y102.241 E1827.68589
G1 X176.56 Y102.545 E1827.70927
G1 X176.94 Y102.864 E1827.7299
G1 X177.323 Y103.271 E1827.75313
G1 X177.61 Y103.666 E1827.77343
G1 X177.887 Y104.162 E1827.79705
G1 X178.07 Y104.618 E1827.81748
G1 X178.218 Y105.162 E1827.84092
G1 X178.3 Y106 E1827.87592
G1 X178.299 Y134.071 E1829.04298
G1 X178.253 Y134.627 E1829.06617
G1 X178.153 Y135.11 E1829.08668
G1 X177.996 Y135.583 E1829.1074
G1 X177.791 Y136.028 E1829.12777
G1 X177.539 Y136.441 E1829.14789
G1 X177.23 Y136.836 E1829.16874
G1 X176.888 Y137.185 E1829.18905
G1 X176.443 Y137.537 E1829.21264
G1 X176.026 Y137.793 E1829.23298
G1 X175.516 Y138.022 E1829.25623
G1 X175.046 Y138.17 E1829.27671
G1 X174.565 Y138.26 E1829.29706
G1 X173.986 Y138.3 E1829.32119
G1 X105.933 Y138.299 E1832.1505
G0 F7200 X105.951 Y137.86
G0 X105.983 Y137.109
;TYPE:SKIN
G1 F1500 X105.191 Y137.001 E1832.18373
G1 X104.515 Y136.728 E1832.21404
G1 X103.91 Y136.296 E1832.24495
G1 X103.41 Y135.714 E1832.27685
G1 X103.073 Y135.044 E1832.30803
G1 X102.971 Y134.685 E1832.32355
G1 X102.89 Y133.928 E1832.3552
G1 X102.891 Y105.971 E1833.51752
G1 X103 Y105.194 E1833.55014
G1 X103.28 Y104.497 E1833.58137
G1 X103.497 Y104.157 E1833.59813
G1 X104.024 Y103.604 E1833.62989
G1 X104.687 Y103.184 E1833.66252
G1 X105.376 Y102.957 E1833.69268
G1 X106.062 Y102.89 E1833.72134
G1 X174.017 Y102.891 E1836.54658
G1 X174.806 Y103 E1836.57969
G1 X175.503 Y103.28 E1836.61092
G1 X176.125 Y103.732 E1836.64289
G1 X176.391 Y104.015 E1836.65904
G1 X176.814 Y104.683 E1836.69191
G1 X177.043 Y105.374 E1836.72217
G1 X177.11 Y106.057 E1836.75071
G1 X177.109 Y134.029 E1837.91365
G1 X177.004 Y134.784 E1837.94534
G1 X176.734 Y135.473 E1837.9761
G1 X176.334 Y136.049 E1838.00526
G1 X175.757 Y136.561 E1838.03733
G1 X175.476 Y136.734 E1838.05105
G1 X174.74 Y137.017 E1838.08383
G1 X173.934 Y137.11 E1838.11757
G1 X105.983 Y137.109 E1840.94264
G0 F7200 X105.772 Y136.925
G1 F1500 X106.668 Y136.853 E1840.98001
G1 X107.479 Y136.53 E1841.0163
G1 X108.16 Y135.98 E1841.0527
G1 X108.647 Y135.256 E1841.08897
G1 X108.899 Y134.421 E1841.12524
G1 X108.896 Y133.552 E1841.16137
G1 X108.645 Y132.734 E1841.19694
G1 X108.14 Y131.998 E1841.23405
G1 X107.45 Y131.452 E1841.27063
G1 X106.637 Y131.14 E1841.30683
G1 X105.767 Y131.078 E1841.3431
G1 X104.914 Y131.278 E1841.37952
G1 X104.16 Y131.72 E1841.41586
G1 X103.571 Y132.363 E1841.45211
G1 X103.196 Y133.151 E1841.48839
G1 X103.069 Y134.015 E1841.5247
G1 X103.205 Y134.881 E1841.56115
G1 X103.59 Y135.665 E1841.59746
G1 X104.188 Y136.303 E1841.63381
G1 X104.939 Y136.729 E1841.66971
G1 X105.772 Y136.925 E1841.70529
G0 F7200 X104.215 Y135.233
G0 X103.848 Y134.134
G0 X105.635 Y108.911
G1 F1500 X106.51 Y108.885 E1841.74168
G1 X107.335 Y108.609 E1841.77785
G1 X108.045 Y108.101 E1841.81415
G1 X108.575 Y107.402 E1841.85062
G1 X108.871 Y106.581 E1841.8869
G1 X108.918 Y105.709 E1841.92321
G1 X108.701 Y104.86 E1841.95964
G1 X108.246 Y104.116 E1841.9959
G1 X107.592 Y103.537 E1842.03221
G1 X106.795 Y103.178 E1842.06855
G1 X105.927 Y103.07 E1842.10492
G1 X105.064 Y103.222 E1842.14135
G1 X104.289 Y103.621 E1842.17759
G1 X103.662 Y104.23 E1842.21393
G1 X103.245 Y104.998 E1842.25026
G1 X103.072 Y105.853 E1842.28653
G1 X103.159 Y106.724 E1842.32292
G1 X103.498 Y107.53 E1842.35928
G1 X104.061 Y108.2 E1842.39566
G1 X104.795 Y108.672 E1842.43194
G1 X105.635 Y108.911 E1842.46825
G0 F7200 X132.749 Y121.271
G1 F1500 X133.209 Y121.97 E1842.50304
G1 X133.739 Y122.624 E1842.53804
G1 X134.33 Y123.218 E1842.57287
G1 X134.976 Y123.752 E1842.60772
G1 X135.67 Y124.215 E1842.6424
G1 X136.281 Y124.547 E1842.67131
G1 X136.926 Y124.834 E1842.70067
G1 X137.598 Y125.063 E1842.73018
G1 X138.404 Y125.262 E1842.7647
G1 X139.235 Y125.378 E1842.79958
G1 X140.073 Y125.415 E1842.83446
G1 X140.905 Y125.365 E1842.86911
G1 X141.593 Y125.263 E1842.89802
G1 X142.285 Y125.101 E1842.92757
G1 X143.077 Y124.834 E1842.96232
G1 X143.841 Y124.488 E1842.99719
G1 X144.562 Y124.072 E1843.0318
G1 X145.144 Y123.659 E1843.06147
G1 X145.776 Y123.119 E1843.09603
G1 X146.358 Y122.512 E1843.13099
G1 X146.873 Y121.854 E1843.16573
G1 X147.322 Y121.148 E1843.20051
G1 X147.638 Y120.529 E1843.22941
G1 X147.91 Y119.876 E1843.25882
G1 X148.156 Y119.08 E1843.29346
G1 X148.301 Y118.381 E1843.32314
G1 X148.395 Y117.573 E1843.35696
G1 X148.412 Y117.121 E1843.37576
G1 X148.387 Y116.3 E1843.40991
G1 X148.275 Y115.467 E1843.44485
G1 X148.081 Y114.65 E1843.47977
G1 X147.807 Y113.856 E1843.51469
G1 X147.454 Y113.095 E1843.54956
G1 X147.028 Y112.374 E1843.58438
G1 X146.534 Y111.697 E1843.61922
G1 X145.972 Y111.073 E1843.65414
G1 X145.352 Y110.507 E1843.68904
G1 X144.679 Y110.006 E1843.72392
G1 X143.959 Y109.576 E1843.75879
G1 X143.2 Y109.219 E1843.79366
G1 X142.411 Y108.938 E1843.82848
G1 X141.596 Y108.738 E1843.86337
G1 X140.765 Y108.622 E1843.89825
G1 X139.927 Y108.585 E1843.93313
G1 X139.089 Y108.635 E1843.96803
G1 X138.262 Y108.766 E1844.00284
G1 X137.448 Y108.98 E1844.03783
G1 X136.665 Y109.274 E1844.0726
G1 X135.911 Y109.645 E1844.10754
G1 X135.198 Y110.09 E1844.14248
G1 X134.535 Y110.601 E1844.17729
G1 X133.926 Y111.176 E1844.21211
G1 X133.373 Y111.812 E1844.24715
G1 X132.893 Y112.497 E1844.28192
G1 X132.479 Y113.225 E1844.31674
G1 X132.141 Y113.994 E1844.35166
G1 X131.881 Y114.791 E1844.38652
G1 X131.7 Y115.611 E1844.42143
G1 X131.603 Y116.446 E1844.45638
G1 X131.591 Y117.282 E1844.49114
G1 X131.659 Y118.117 E1844.52597
G1 X131.811 Y118.942 E1844.56085
G1 X132.048 Y119.75 E1844.59585
G1 X132.359 Y120.528 E1844.63069
G1 X132.749 Y121.271 E1844.66558
G0 F7200 X136.059 Y123.572
G0 X137.2 Y124.135
G0 X171.069 Y134.015
G1 F1500 X171.205 Y134.881 E1844.70202
G1 X171.59 Y135.665 E1844.73833
G1 X172.188 Y136.303 E1844.77469
G1 X172.939 Y136.729 E1844.81059
G1 X173.772 Y136.925 E1844.84616
G1 X174.668 Y136.853 E1844.88353
G1 X175.479 Y136.53 E1844.91983
G1 X176.16 Y135.98 E1844.95622
G1 X176.647 Y135.256 E1844.9925
G1 X176.899 Y134.421 E1845.02876
G1 X176.896 Y133.552 E1845.06489
G1 X176.645 Y132.734 E1845.10046
G1 X176.14 Y131.998 E1845.13757
G1 X175.45 Y131.452 E1845.17415
G1 X174.637 Y131.14 E1845.21036
G1 X173.767 Y131.078 E1845.24662
G1 X172.914 Y131.278 E1845.28305
G1 X172.16 Y131.72 E1845.31938
G1 X171.571 Y132.363 E1845.35564
G1 X171.196 Y133.151 E1845.39192
G1 X171.069 Y134.015 E1845.42822
G0 F7200 X171.498 Y107.53
G1 F1500 X172.061 Y108.2 E1845.46461
G1 X172.795 Y108.672 E1845.50089
G1 X173.635 Y108.911 E1845.5372
G1 X174.51 Y108.885 E1845.57359
G1 X175.335 Y108.609 E1845.60976
G1 X176.045 Y108.101 E1845.64606
G1 X176.575 Y107.402 E1845.68253
G1 X176.871 Y106.581 E1845.71881
G1 X176.918 Y105.709 E1845.75512
G1 X176.701 Y104.86 E1845.79155
G1 X176.246 Y104.116 E1845.82781
G1 X175.592 Y103.537 E1845.86412
G1 X174.795 Y103.178 E1845.90046
G1 X173.927 Y103.07 E1845.93683
G1 X173.064 Y103.222 E1845.97326
G1 X172.289 Y103.621 E1846.0095
G1 X171.662 Y104.23 E1846.04584
G1 X171.245 Y104.998 E1846.08217
G1 X171.072 Y105.853 E1846.11844
G1 X171.159 Y106.724 E1846.15483
G1 X171.498 Y107.53 E1846.19119
G0 F7200 X176.78 Y132.649
G1 F1500 X176.948 Y132.481 E1846.20106
G0 F7200 X176.55 Y132.313
G1 F1500 X176.948 Y131.915 E1846.22446
G0 F7200 X176.948 Y131.35
G1 F1500 X176.32 Y131.977 E1846.26136
G0 F7200 X176.027 Y131.705
G1 F1500 X176.948 Y130.784 E1846.31551
G0 F7200 X176.948 Y130.218
G1 F1500 X175.711 Y131.455 E1846.38824
G0 F7200 X175.356 Y131.244
G1 F1500 X176.948 Y129.652 E1846.48184
G0 F7200 X176.948 Y129.087
G1 F1500 X174.947 Y131.088 E1846.5995
G0 F7200 X174.499 Y130.971
G1 F1500 X176.948 Y128.521 E1846.74352
G0 F7200 X176.948 Y127.955
G1 F1500 X173.972 Y130.932 E1846.91852
G0 F7200 X173.321 Y131.017
G1 F1500 X176.948 Y127.39 E1847.13178
G0 F7200 X176.948 Y126.824
G1 F1500 X172.35 Y131.422 E1847.40212
G0 F7200 X171.376 Y132.396
G1 F1500 X166.823 Y136.949 E1847.66982
G0 F7200 X167.389 Y136.949
G1 F1500 X171.005 Y133.332 E1847.88246
G0 F7200 X170.909 Y133.994
G1 F1500 X167.954 Y136.949 E1848.0562
G0 F7200 X168.52 Y136.949
G1 F1500 X170.981 Y134.488 E1848.2009
G0 F7200 X171.068 Y134.967
G1 F1500 X169.086 Y136.949 E1848.31743
G0 F7200 X169.651 Y136.949
G1 F1500 X171.254 Y135.346 E1848.41168
G0 F7200 X171.44 Y135.726
G1 F1500 X170.217 Y136.949 E1848.48359
G0 F7200 X170.783 Y136.949
G1 F1500 X171.707 Y136.025 E1848.53792
G0 F7200 X171.981 Y136.317
G1 F1500 X171.348 Y136.949 E1848.57511
G0 F7200 X171.914 Y136.949
G1 F1500 X172.309 Y136.555 E1848.5983
G0 F7200 X172.669 Y136.76
G1 F1500 X172.48 Y136.949 E1848.60941
G0 F7200 X166.257 Y136.949
G1 F1500 X176.948 Y126.258 E1849.238
G0 F7200 X176.948 Y125.693
G1 F1500 X165.692 Y136.949 E1849.89981
G0 F7200 X165.126 Y136.949
G1 F1500 X176.948 Y125.127 E1850.5949
G0 F7200 X176.948 Y124.561
G1 F1500 X164.56 Y136.949 E1851.32327
G0 F7200 X163.995 Y136.949
G1 F1500 X176.948 Y123.996 E1852.08485
G0 F7200 X176.948 Y123.43
G1 F1500 X163.429 Y136.949 E1852.87972
G0 F7200 X162.863 Y136.949
G1 F1500 X176.948 Y122.864 E1853.70786
G0 F7200 X176.948 Y122.299
G1 F1500 X162.297 Y136.949 E1854.56926
G0 F7200 X161.732 Y136.949
G1 F1500 X176.948 Y121.733 E1855.4639
G0 F7200 X176.948 Y121.167
G1 F1500 X161.166 Y136.949 E1856.39182
G0 F7200 X160.6 Y136.949
G1 F1500 X176.948 Y120.602 E1857.35299
G0 F7200 X176.948 Y120.036
G1 F1500 X160.035 Y136.949 E1858.34741
G0 F7200 X159.469 Y136.949
G1 F1500 X176.948 Y119.47 E1859.37511
G0 F7200 X176.948 Y118.904
G1 F1500 X158.903 Y136.949 E1860.43609
G0 F7200 X158.338 Y136.949
G1 F1500 X176.948 Y118.339 E1861.53028
G0 F7200 X176.948 Y117.773
G1 F1500 X157.772 Y136.949 E1862.65776
G0 F7200 X157.206 Y136.949
G1 F1500 X176.948 Y117.207 E1863.81851
G0 F7200 X176.948 Y116.642
G1 F1500 X156.641 Y136.949 E1865.01249
G0 F7200 X156.075 Y136.949
G1 F1500 X176.948 Y116.076 E1866.23974
G0 F7200 X176.948 Y115.51
G1 F1500 X155.509 Y136.949 E1867.50027
G0 F7200 X154.944 Y136.949
G1 F1500 X176.948 Y114.945 E1868.79402
G0 F7200 X176.948 Y114.379
G1 F1500 X154.378 Y136.949 E1870.12105
G0 F7200 X153.812 Y136.949
G1 F1500 X176.948 Y113.813 E1871.48136
G0 F7200 X176.948 Y113.248
G1 F1500 X153.247 Y136.949 E1872.87489
G0 F7200 X152.681 Y136.949
G1 F1500 X176.948 Y112.682 E1874.30169
G0 F7200 X176.948 Y112.116
G1 F1500 X152.115 Y136.949 E1875.76178
G0 F7200 X151.549 Y136.949
G1 F1500 X176.948 Y111.551 E1877.25511
G0 F7200 X176.948 Y110.985
G1 F1500 X150.984 Y136.949 E1878.7817
G0 F7200 X150.418 Y136.949
G1 F1500 X176.948 Y110.419 E1880.34156
G0 F7200 X176.948 Y109.853
G1 F1500 X149.852 Y136.949 E1881.9347
G0 F7200 X149.287 Y136.949
G1 F1500 X176.948 Y109.288 E1883.56106
G0 F7200 X176.948 Y108.722
G1 F1500 X148.721 Y136.949 E1885.2207
G0 F7200 X148.155 Y136.949
G1 F1500 X176.948 Y108.156 E1886.91362
G0 F7200 X176.948 Y107.591
G1 F1500 X147.59 Y136.949 E1888.63976
G0 F7200 X147.024 Y136.949
G1 F1500 X175.127 Y108.846 E1890.2921
G0 F7200 X174.359 Y109.049
G1 F1500 X146.458 Y136.949 E1891.93255
G0 F7200 X145.893 Y136.949
G1 F1500 X173.775 Y109.066 E1893.57193
G0 F7200 X173.296 Y108.98
G1 F1500 X145.327 Y136.949 E1895.2164
G0 F7200 X144.761 Y136.949
G1 F1500 X172.855 Y108.855 E1896.86822
G0 F7200 X172.484 Y108.661
G1 F1500 X144.196 Y136.949 E1898.53145
G0 F7200 X143.63 Y136.949
G1 F1500 X172.14 Y108.439 E1900.20772
G0 F7200 X171.834 Y108.18
G1 F1500 X143.064 Y136.949 E1901.89926
G0 F7200 X142.498 Y136.949
G1 F1500 X171.575 Y107.872 E1903.60888
G0 F7200 X171.331 Y107.55
G1 F1500 X141.933 Y136.949 E1905.3374
G0 F7200 X141.367 Y136.949
G1 F1500 X171.164 Y107.152 E1907.08935
G0 F7200 X171 Y106.751
G1 F1500 X140.801 Y136.949 E1908.8649
G0 F7200 X140.236 Y136.949
G1 F1500 X170.948 Y106.237 E1910.67065
G0 F7200 X170.942 Y105.677
G1 F1500 X139.671 Y136.948 E1912.50926
G0 F7200 X139.105 Y136.948
G1 F1500 X171.086 Y104.967 E1914.38962
G0 F7200 X171.307 Y103.05
G1 F1500 X137.408 Y136.948 E1916.38273
G0 F7200 X136.842 Y136.948
G1 F1500 X170.741 Y103.05 E1918.37583
G0 F7200 X170.175 Y103.05
G1 F1500 X136.277 Y136.948 E1920.3689
G0 F7200 X135.711 Y136.948
G1 F1500 X169.61 Y103.05 E1922.362
G0 F7200 X169.044 Y103.05
G1 F1500 X135.145 Y136.948 E1924.3551
G0 F7200 X134.58 Y136.948
G1 F1500 X168.478 Y103.05 E1926.34818
G0 F7200 X167.913 Y103.05
G1 F1500 X134.014 Y136.948 E1928.34128
G0 F7200 X133.448 Y136.948
G1 F1500 X167.347 Y103.05 E1930.33438
G0 F7200 X166.781 Y103.05
G1 F1500 X132.883 Y136.948 E1932.32745
G0 F7200 X132.317 Y136.948
G1 F1500 X166.216 Y103.05 E1934.32056
G0 F7200 X165.65 Y103.05
G1 F1500 X147.439 Y121.261 E1935.39129
G0 F7200 X147.957 Y120.177
G1 F1500 X165.084 Y103.05 E1936.39829
G0 F7200 X164.518 Y103.05
G1 F1500 X148.249 Y119.32 E1937.35488
G0 F7200 X148.423 Y118.58
G1 F1500 X163.953 Y103.05 E1938.26798
G0 F7200 X163.387 Y103.05
G1 F1500 X148.515 Y117.922 E1939.1424
G0 F7200 X148.564 Y117.307
G1 F1500 X162.821 Y103.05 E1939.98066
G0 F7200 X162.256 Y103.05
G1 F1500 X148.56 Y116.746 E1940.78593
G0 F7200 X148.535 Y116.205
G1 F1500 X161.69 Y103.05 E1941.55939
G0 F7200 X161.124 Y103.05
G1 F1500 X148.468 Y115.706 E1942.30352
G0 F7200 X148.382 Y115.227
G1 F1500 X160.559 Y103.05 E1943.01948
G0 F7200 X159.993 Y103.05
G1 F1500 X148.273 Y114.77 E1943.70857
G0 F7200 X148.141 Y114.336
G1 F1500 X159.427 Y103.05 E1944.37214
G0 F7200 X158.862 Y103.05
G1 F1500 X147.996 Y113.915 E1945.01099
G0 F7200 X147.827 Y113.519
G1 F1500 X158.296 Y103.05 E1945.62653
G0 F7200 X157.73 Y103.05
G1 F1500 X147.647 Y113.133 E1946.21937
G0 F7200 X147.446 Y112.768
G1 F1500 X157.165 Y103.05 E1946.79078
G0 F7200 X156.599 Y103.05
G1 F1500 X147.236 Y112.413 E1947.34129
G0 F7200 X147.008 Y112.075
G1 F1500 X156.033 Y103.05 E1947.87193
G0 F7200 X155.468 Y103.05
G1 F1500 X146.769 Y111.749 E1948.38339
G0 F7200 X146.514 Y111.437
G1 F1500 X154.902 Y103.05 E1948.87655
G0 F7200 X154.336 Y103.05
G1 F1500 X146.246 Y111.14 E1949.35221
G0 F7200 X145.967 Y110.853
G1 F1500 X153.77 Y103.05 E1949.81099
G0 F7200 X153.205 Y103.05
G1 F1500 X145.671 Y110.584 E1950.25396
G0 F7200 X145.368 Y110.321
G1 F1500 X152.639 Y103.05 E1950.68147
G0 F7200 X152.073 Y103.05
G1 F1500 X145.043 Y110.08 E1951.09481
G0 F7200 X144.715 Y109.843
G1 F1500 X151.508 Y103.05 E1951.49421
G0 F7200 X150.942 Y103.05
G1 F1500 X144.361 Y109.631 E1951.88115
G0 F7200 X144.005 Y109.421
G1 F1500 X150.376 Y103.05 E1952.25574
G0 F7200 X149.811 Y103.05
G1 F1500 X143.62 Y109.24 E1952.61972
G0 F7200 X143.233 Y109.062
G1 F1500 X149.245 Y103.05 E1952.9732
G0 F7200 X148.679 Y103.05
G1 F1500 X142.816 Y108.913 E1953.31792
G0 F7200 X142.395 Y108.769
G1 F1500 X148.114 Y103.05 E1953.65418
G0 F7200 X147.548 Y103.05
G1 F1500 X141.94 Y108.658 E1953.9839
G0 F7200 X141.472 Y108.559
G1 F1500 X146.982 Y103.05 E1954.30784
G0 F7200 X146.417 Y103.05
G1 F1500 X140.976 Y108.49 E1954.62772
G0 F7200 X140.452 Y108.448
G1 F1500 X145.851 Y103.05 E1954.94513
G0 F7200 X145.285 Y103.05
G1 F1500 X139.909 Y108.426 E1955.26122
G0 F7200 X139.307 Y108.462
G1 F1500 X144.72 Y103.05 E1955.57946
G0 F7200 X144.154 Y103.05
G1 F1500 X138.663 Y108.54 E1955.90228
G0 F7200 X137.957 Y108.68
G1 F1500 X143.588 Y103.05 E1956.23333
G0 F7200 X143.022 Y103.05
G1 F1500 X137.153 Y108.919 E1956.5784
G0 F7200 X136.165 Y109.342
G1 F1500 X142.457 Y103.05 E1956.94835
G0 F7200 X141.891 Y103.05
G1 F1500 X134.569 Y110.372 E1957.37885
G0 F7200 X133.358 Y111.582
G1 F1500 X107.992 Y136.948 E1958.87028
G0 F7200 X107.427 Y136.948
G1 F1500 X141.325 Y103.05 E1960.86335
G0 F7200 X140.76 Y103.05
G1 F1500 X108.926 Y134.883 E1962.73504
G0 F7200 X109.058 Y134.186
G1 F1500 X140.194 Y103.05 E1964.56572
G0 F7200 X139.628 Y103.05
G1 F1500 X109.056 Y133.622 E1966.36323
G0 F7200 X108.946 Y133.167
G1 F1500 X139.063 Y103.05 E1968.134
G0 F7200 X138.497 Y103.05
G1 F1500 X108.813 Y132.734 E1969.8793
G0 F7200 X108.598 Y132.383
G1 F1500 X137.931 Y103.05 E1971.60397
G0 F7200 X137.366 Y103.05
G1 F1500 X108.369 Y132.047 E1973.30888
G0 F7200 X108.093 Y131.757
G1 F1500 X136.8 Y103.05 E1974.99674
G0 F7200 X136.234 Y103.05
G1 F1500 X107.777 Y131.507 E1976.66991
G0 F7200 X107.442 Y131.276
G1 F1500 X135.669 Y103.05 E1978.32952
G0 F7200 X135.103 Y103.05
G1 F1500 X107.033 Y131.12 E1979.97992
G0 F7200 X106.609 Y130.978
G1 F1500 X134.537 Y103.05 E1981.62198
G0 F7200 X133.971 Y103.05
G1 F1500 X106.082 Y130.939 E1983.26175
G0 F7200 X105.475 Y130.98
G1 F1500 X133.406 Y103.05 E1984.90396
G0 F7200 X132.84 Y103.05
G1 F1500 X104.636 Y131.253 E1986.56221
G0 F7200 X103.05 Y131.142
G1 F1500 X131.143 Y103.05 E1988.21395
G0 F7200 X130.577 Y103.05
G1 F1500 X103.05 Y130.577 E1989.83243
G0 F7200 X103.05 Y130.011
G1 F1500 X130.012 Y103.05 E1991.41766
G0 F7200 X129.446 Y103.05
G1 F1500 X103.05 Y129.445 E1992.96962
G0 F7200 X103.05 Y128.88
G1 F1500 X128.88 Y103.05 E1994.48832
G0 F7200 X128.315 Y103.05
G1 F1500 X103.05 Y128.314 E1995.97378
G0 F7200 X103.05 Y127.748
G1 F1500 X127.749 Y103.05 E1997.42595
G0 F7200 X127.183 Y103.05
G1 F1500 X103.05 Y127.183 E1998.84488
G0 F7200 X103.05 Y126.617
G1 F1500 X126.618 Y103.05 E2000.23056
G0 F7200 X126.052 Y103.05
G1 F1500 X103.05 Y126.051 E2001.58296
G0 F7200 X103.05 Y125.485
G1 F1500 X125.486 Y103.05 E2002.90208
G0 F7200 X124.921 Y103.05
G1 F1500 X103.05 Y124.92 E2004.18798
G0 F7200 X103.05 Y124.354
G1 F1500 X124.355 Y103.05 E2005.44061
G0 F7200 X123.789 Y103.05
G1 F1500 X103.05 Y123.788 E2006.65995
G0 F7200 X103.05 Y123.223
G1 F1500 X123.223 Y103.05 E2007.84605
G0 F7200 X122.658 Y103.05
G1 F1500 X103.05 Y122.657 E2008.99889
G0 F7200 X103.05 Y122.091
G1 F1500 X122.092 Y103.05 E2010.11846
G0 F7200 X121.526 Y103.05
G1 F1500 X103.05 Y121.526 E2011.20478
G0 F7200 X103.05 Y120.96
G1 F1500 X120.961 Y103.05 E2012.25784
G0 F7200 X120.395 Y103.05
G1 F1500 X103.05 Y120.394 E2013.27764
G0 F7200 X103.05 Y119.829
G1 F1500 X119.829 Y103.05 E2014.26418
G0 F7200 X119.264 Y103.05
G1 F1500 X103.05 Y119.263 E2015.21747
G0 F7200 X103.05 Y118.697
G1 F1500 X118.698 Y103.05 E2016.13748
G0 F7200 X118.132 Y103.05
G1 F1500 X103.05 Y118.132 E2017.02424
G0 F7200 X103.05 Y117.566
G1 F1500 X117.567 Y103.05 E2017.87776
G0 F7200 X117.001 Y103.05
G1 F1500 X103.05 Y117 E2018.69799
G0 F7200 X103.05 Y116.435
G1 F1500 X116.435 Y103.05 E2019.48498
G0 F7200 X115.87 Y103.05
G1 F1500 X103.05 Y115.869 E2020.23872
G0 F7200 X103.05 Y115.303
G1 F1500 X115.304 Y103.05 E2020.95918
G0 F7200 X114.738 Y103.05
G1 F1500 X103.05 Y114.737 E2021.64636
G0 F7200 X103.05 Y114.172
G1 F1500 X114.172 Y103.05 E2022.30029
G0 F7200 X113.607 Y103.05
G1 F1500 X103.05 Y113.606 E2022.92097
G0 F7200 X103.05 Y113.04
G1 F1500 X107.305 Y108.786 E2023.17112
G0 F7200 X106.481 Y109.044
G1 F1500 X103.05 Y112.475 E2023.37285
G0 F7200 X103.05 Y111.909
G1 F1500 X105.898 Y109.062 E2023.54027
G0 F7200 X105.388 Y109.006
G1 F1500 X103.05 Y111.343 E2023.67771
G0 F7200 X103.05 Y110.778
G1 F1500 X104.948 Y108.881 E2023.78927
G0 F7200 X104.557 Y108.706
G1 F1500 X103.05 Y110.212 E2023.87785
G0 F7200 X103.05 Y109.646
G1 F1500 X104.212 Y108.485 E2023.94614
G0 F7200 X103.888 Y108.243
G1 F1500 X103.05 Y109.081 E2023.99541
G0 F7200 X103.05 Y108.515
G1 F1500 X103.63 Y107.935 E2024.02951
G0 F7200 X103.372 Y107.628
G1 F1500 X103.05 Y107.949 E2024.04842
G0 F7200 X103.05 Y107.384
G1 F1500 X103.2 Y107.234 E2024.05724
G0 F7200 X105.107 Y107.98
G0 X106.252 Y108.142
G0 X108.774 Y107.316
G1 F1500 X113.041 Y103.05 E2024.30809
G0 F7200 X112.475 Y103.05
G1 F1500 X109.035 Y106.49 E2024.51035
G0 F7200 X109.067 Y105.892
G1 F1500 X111.91 Y103.05 E2024.67748
G0 F7200 X111.344 Y103.05
G1 F1500 X109.001 Y105.393 E2024.81524
G0 F7200 X108.885 Y104.943
G1 F1500 X110.778 Y103.05 E2024.92654
G0 F7200 X110.213 Y103.05
G1 F1500 X108.704 Y104.559 E2025.01526
G0 F7200 X108.489 Y104.207
G1 F1500 X109.647 Y103.05 E2025.08332
G0 F7200 X109.081 Y103.05
G1 F1500 X108.236 Y103.895 E2025.133
G0 F7200 X107.937 Y103.629
G1 F1500 X108.516 Y103.05 E2025.16704
G0 F7200 X107.95 Y103.05
G1 F1500 X107.624 Y103.376 E2025.18621
G0 F7200 X107.384 Y103.05
G1 F1500 X107.234 Y103.2 E2025.19503
G0 F7200 X131.709 Y103.05
G1 F1500 X103.05 Y131.708 E2026.88004
G0 F7200 X103.05 Y132.274
G1 F1500 X132.274 Y103.05 E2028.5983
G0 F7200 X132.319 Y113.187
G1 F1500 X108.558 Y136.948 E2029.99536
G0 F7200 X109.124 Y136.948
G1 F1500 X131.919 Y114.153 E2031.33561
G0 F7200 X131.678 Y114.96
G1 F1500 X109.689 Y136.948 E2032.62845
G0 F7200 X110.255 Y136.948
G1 F1500 X131.531 Y115.672 E2033.8794
G0 F7200 X131.456 Y116.313
G1 F1500 X110.821 Y136.948 E2035.09266
G0 F7200 X111.386 Y136.948
G1 F1500 X131.435 Y116.9 E2036.27143
G0 F7200 X131.444 Y117.457
G1 F1500 X111.952 Y136.948 E2037.41746
G0 F7200 X112.518 Y136.948
G1 F1500 X131.485 Y117.981 E2038.53265
G0 F7200 X131.56 Y118.472
G1 F1500 X113.084 Y136.948 E2039.61896
G0 F7200 X113.649 Y136.948
G1 F1500 X131.647 Y118.95 E2040.67718
G0 F7200 X131.774 Y119.39
G1 F1500 X114.215 Y136.948 E2041.70955
G0 F7200 X114.781 Y136.948
G1 F1500 X131.905 Y119.824 E2042.71638
G0 F7200 X132.066 Y120.229
G1 F1500 X115.346 Y136.948 E2043.69942
G0 F7200 X115.912 Y136.948
G1 F1500 X132.23 Y120.631 E2044.65883
G0 F7200 X132.425 Y121.001
G1 F1500 X116.478 Y136.948 E2045.59645
G0 F7200 X117.043 Y136.948
G1 F1500 X132.622 Y121.37 E2046.5124
G0 F7200 X132.846 Y121.712
G1 F1500 X117.609 Y136.948 E2047.40825
G0 F7200 X118.175 Y136.948
G1 F1500 X133.07 Y122.053 E2048.28402
G0 F7200 X133.322 Y122.366
G1 F1500 X118.74 Y136.948 E2049.14139
G0 F7200 X119.306 Y136.948
G1 F1500 X133.576 Y122.679 E2049.98038
G0 F7200 X133.853 Y122.967
G1 F1500 X119.872 Y136.948 E2050.80241
G0 F7200 X120.437 Y136.948
G1 F1500 X134.135 Y123.251 E2051.60777
G0 F7200 X134.437 Y123.514
G1 F1500 X121.003 Y136.948 E2052.39764
G0 F7200 X121.569 Y136.948
G1 F1500 X134.747 Y123.77 E2053.17245
G0 F7200 X135.074 Y124.009
G1 F1500 X122.135 Y136.948 E2053.93322
G0 F7200 X122.7 Y136.948
G1 F1500 X135.413 Y124.235 E2054.68069
G0 F7200 X135.766 Y124.448
G1 F1500 X123.266 Y136.948 E2055.41564
G0 F7200 X123.832 Y136.948
G1 F1500 X136.132 Y124.648 E2056.13884
G0 F7200 X136.518 Y124.827
G1 F1500 X124.397 Y136.948 E2056.8515
G0 F7200 X124.963 Y136.948
G1 F1500 X136.914 Y124.998 E2057.55415
G0 F7200 X137.335 Y125.142
G1 F1500 X125.529 Y136.948 E2058.2483
G0 F7200 X126.094 Y136.948
G1 F1500 X137.772 Y125.271 E2058.93489
G0 F7200 X138.226 Y125.382
G1 F1500 X126.66 Y136.948 E2059.61492
G0 F7200 X127.226 Y136.948
G1 F1500 X138.709 Y125.465 E2060.29008
G0 F7200 X139.205 Y125.534
G1 F1500 X127.791 Y136.948 E2060.96118
G0 F7200 X128.357 Y136.948
G1 F1500 X139.746 Y125.559 E2061.63081
G0 F7200 X140.311 Y125.56
G1 F1500 X128.923 Y136.948 E2062.30038
G0 F7200 X129.488 Y136.948
G1 F1500 X140.913 Y125.524 E2062.9721
G0 F7200 X141.576 Y125.427
G1 F1500 X130.054 Y136.948 E2063.64952
G0 F7200 X130.62 Y136.948
G1 F1500 X142.308 Y125.26 E2064.33673
G0 F7200 X143.165 Y124.969
G1 F1500 X131.185 Y136.948 E2065.04108
G0 F7200 X131.751 Y136.948
G1 F1500 X144.285 Y124.414 E2065.77803
G0 F7200 X138.539 Y136.948
G1 F1500 X172.438 Y103.05 E2067.77113
G0 F7200 X171.872 Y103.05
G1 F1500 X137.974 Y136.948 E2069.7642
G0 F7200 X106.471 Y131.881
G0 X105.649 Y131.877
G0 X103.27 Y132.619
G1 F1500 X103.05 Y132.839 E2069.77714
G0 F7200 X105.196 Y131.983
G0 X142.078 Y124.378
G0 X143.227 Y123.927
G0 X176.842 Y107.131
G1 F1500 X176.945 Y107.028 E2069.78319
G1 F2400 E2066.78319
;MESH:NONMESH
G0 F600 X176.945 Y107.028 Z2.4
G0 F7200 X174.99 Y107.933
G0 X172.828 Y108.527
;TIME_ELAPSED:1755.938758
;LAYER:8
;TYPE:WALL-INNER
;MESH:Case3D_Sensor-Tampa.stl
G1 F2400 E2069.78319
G1 F3000 X173.582 Y108.748 E2069.81586
G1 X174.003 Y108.778 E2069.83341
G1 X174.753 Y108.682 E2069.86484
G1 X175.486 Y108.355 E2069.89821
G1 X176.114 Y107.816 E2069.93262
G1 X176.555 Y107.111 E2069.96719
G1 X176.764 Y106.332 E2070.00072
G1 X176.767 Y105.703 E2070.02687
G1 X176.584 Y104.962 E2070.05861
G1 X176.269 Y104.392 E2070.08568
G1 X175.736 Y103.823 E2070.1181
G1 X175.022 Y103.407 E2070.15245
G1 X174.253 Y103.229 E2070.18527
G1 X173.608 Y103.248 E2070.2121
G1 X172.856 Y103.459 E2070.24457
G1 X172.177 Y103.893 E2070.27807
G1 X171.639 Y104.522 E2070.31248
G1 X171.308 Y105.282 E2070.34695
G1 X171.216 Y106.108 E2070.3815
G1 X171.369 Y106.905 E2070.41524
G1 X171.652 Y107.49 E2070.44226
G1 X172.156 Y108.088 E2070.47477
G1 X172.828 Y108.527 E2070.50815
G0 F7200 X172.997 Y108.16
G1 F3000 X173.653 Y108.352 E2070.53656
G1 X173.992 Y108.376 E2070.55069
G1 X174.644 Y108.293 E2070.57802
G1 X175.27 Y108.014 E2070.60651
G1 X175.807 Y107.552 E2070.63596
G1 X176.184 Y106.95 E2070.66549
G1 X176.364 Y106.278 E2070.69442
G1 X176.367 Y105.751 E2070.71633
G1 X176.208 Y105.109 E2070.74383
G1 X175.943 Y104.629 E2070.76662
G1 X175.484 Y104.139 E2070.79454
G1 X174.873 Y103.783 E2070.82394
G1 X174.213 Y103.63 E2070.8521
G1 X173.669 Y103.646 E2070.87473
G1 X173.021 Y103.828 E2070.90271
G1 X172.442 Y104.198 E2070.93128
G1 X171.982 Y104.736 E2070.96071
G1 X171.699 Y105.386 E2070.99018
G1 X171.62 Y106.092 E2071.01972
G1 X171.752 Y106.778 E2071.04876
G1 X171.99 Y107.271 E2071.07152
G1 X172.424 Y107.785 E2071.09949
G1 X172.997 Y108.16 E2071.12796
G0 F7200 X173.166 Y107.793
;TYPE:WALL-OUTER
G1 F1500 X173.724 Y107.956 E2071.15213
G1 X173.981 Y107.974 E2071.16284
G1 X174.535 Y107.904 E2071.18606
G1 X175.053 Y107.673 E2071.20964
G1 X175.5 Y107.288 E2071.23416
G1 X175.813 Y106.789 E2071.25865
G1 X175.964 Y106.224 E2071.28297
G1 X175.967 Y105.799 E2071.30064
G1 X175.832 Y105.256 E2071.3239
G1 X175.617 Y104.866 E2071.34241
G1 X175.232 Y104.455 E2071.36583
G1 X174.724 Y104.159 E2071.39027
G1 X174.173 Y104.031 E2071.41379
G1 X173.73 Y104.044 E2071.43222
G1 X173.186 Y104.197 E2071.45571
G1 X172.707 Y104.503 E2071.47934
G1 X172.325 Y104.95 E2071.50379
G1 X172.09 Y105.49 E2071.52827
G1 X172.024 Y106.076 E2071.55279
G1 X172.135 Y106.651 E2071.57714
G1 X172.328 Y107.052 E2071.59564
G1 X172.692 Y107.482 E2071.61906
G1 X173.166 Y107.793 E2071.64263
G0 F7200 X172.982 Y108.192
G0 X172.956 Y108.25
G0 X171.581 Y134.095
G0 X171.842 Y135.061
G0 X172.811 Y136.516
;TYPE:WALL-INNER
G1 F3000 X173.405 Y136.714 E2071.66866
G1 X173.956 Y136.781 E2071.69174
G1 X174.726 Y136.689 E2071.72398
G1 X175.483 Y136.357 E2071.75834
G1 X176.114 Y135.816 E2071.7929
G1 X176.555 Y135.111 E2071.82747
G1 X176.764 Y134.332 E2071.86101
G1 X176.767 Y133.703 E2071.88716
G1 X176.57 Y132.92 E2071.92072
G1 X176.153 Y132.229 E2071.95428
G1 X175.538 Y131.675 E2071.98869
G1 X174.805 Y131.337 E2072.02225
G1 X174.191 Y131.222 E2072.04822
G1 X173.409 Y131.278 E2072.08082
G1 X172.659 Y131.563 E2072.11417
G1 X172.145 Y131.923 E2072.14026
G1 X171.636 Y132.525 E2072.17304
G1 X171.299 Y133.306 E2072.2084
G1 X171.216 Y134.112 E2072.24209
G1 X171.368 Y134.9 E2072.27545
G1 X171.635 Y135.467 E2072.30151
G1 X172.135 Y136.071 E2072.33411
G1 X172.811 Y136.516 E2072.36776
G0 F7200 X172.987 Y136.153
G1 F3000 X173.493 Y136.322 E2072.38994
G1 X173.956 Y136.378 E2072.40933
G1 X174.62 Y136.299 E2072.43713
G1 X175.268 Y136.015 E2072.46654
G1 X175.807 Y135.552 E2072.49608
G1 X176.184 Y134.95 E2072.52561
G1 X176.364 Y134.278 E2072.55454
G1 X176.367 Y133.751 E2072.57645
G1 X176.197 Y133.076 E2072.60539
G1 X175.841 Y132.487 E2072.634
G1 X175.315 Y132.013 E2072.66344
G1 X174.683 Y131.721 E2072.69238
G1 X174.168 Y131.625 E2072.71416
G1 X173.496 Y131.673 E2072.74217
G1 X172.848 Y131.919 E2072.77099
G1 X172.417 Y132.221 E2072.79287
G1 X171.98 Y132.738 E2072.82101
G1 X171.691 Y133.408 E2072.85135
G1 X171.62 Y134.094 E2072.88002
G1 X171.751 Y134.775 E2072.90885
G1 X171.975 Y135.251 E2072.93073
G1 X172.405 Y135.77 E2072.95875
G1 X172.987 Y136.153 E2072.98771
G0 F7200 X173.163 Y135.79
;TYPE:WALL-OUTER
G1 F1500 X173.581 Y135.93 E2073.00604
G1 X173.956 Y135.975 E2073.02174
G1 X174.514 Y135.909 E2073.0451
G1 X175.053 Y135.673 E2073.06957
G1 X175.5 Y135.288 E2073.09409
G1 X175.813 Y134.789 E2073.11858
G1 X175.964 Y134.224 E2073.1429
G1 X175.967 Y133.799 E2073.16057
G1 X175.824 Y133.232 E2073.18488
G1 X175.529 Y132.745 E2073.20855
G1 X175.092 Y132.351 E2073.23301
G1 X174.561 Y132.105 E2073.25734
G1 X174.145 Y132.028 E2073.27493
G1 X173.583 Y132.068 E2073.29836
G1 X173.037 Y132.275 E2073.32263
G1 X172.689 Y132.519 E2073.3403
G1 X172.324 Y132.951 E2073.36382
G1 X172.083 Y133.51 E2073.38913
G1 X172.024 Y134.077 E2073.41283
G1 X172.134 Y134.65 E2073.43708
G1 X172.315 Y135.035 E2073.45477
G1 X172.675 Y135.469 E2073.47821
G1 X173.163 Y135.79 E2073.5025
G0 F7200 X172.971 Y136.185
G0 X172.944 Y136.242
G0 X140.102 Y125.023
;TYPE:WALL-INNER
G1 F3000 X140.894 Y124.974 E2073.53549
G1 X141.488 Y124.885 E2073.56046
G1 X142.081 Y124.75 E2073.58574
G1 X142.646 Y124.576 E2073.61032
G1 X143.216 Y124.351 E2073.6358
G1 X143.928 Y123.998 E2073.66884
G1 X144.606 Y123.572 E2073.70213
G1 X145.236 Y123.08 E2073.73536
G1 X145.816 Y122.529 E2073.76862
G1 X146.337 Y121.921 E2073.80191
G1 X146.796 Y121.266 E2073.83517
G1 X147.187 Y120.569 E2073.86839
G1 X147.505 Y119.842 E2073.90138
G1 X147.695 Y119.272 E2073.92636
G1 X147.868 Y118.589 E2073.95565
G1 X147.985 Y117.8 E2073.98882
G1 X147.985 Y117.782 E2073.98956
G1 X148.021 Y117.113 E2074.01742
G1 X148.023 Y117.093 E2074.01825
G1 X147.994 Y116.299 E2074.05129
G1 X147.886 Y115.505 E2074.0846
G1 X147.696 Y114.726 E2074.11794
G1 X147.431 Y113.973 E2074.15113
G1 X147.094 Y113.248 E2074.18437
G1 X146.685 Y112.559 E2074.21768
G1 X146.209 Y111.915 E2074.25097
G1 X145.671 Y111.324 E2074.2842
G1 X145.08 Y110.788 E2074.31737
G1 X144.434 Y110.312 E2074.35073
G1 X143.748 Y109.905 E2074.38389
G1 X143.022 Y109.566 E2074.4172
G1 X142.267 Y109.303 E2074.45044
G1 X141.488 Y109.114 E2074.48377
G1 X140.697 Y109.007 E2074.51696
G1 X139.898 Y108.977 E2074.5502
G1 X139.099 Y109.026 E2074.58348
G1 X138.31 Y109.154 E2074.61671
G1 X137.536 Y109.363 E2074.65004
G1 X136.789 Y109.646 E2074.68325
G1 X136.072 Y110.002 E2074.71653
G1 X135.394 Y110.428 E2074.74983
G1 X134.764 Y110.92 E2074.78306
G1 X134.184 Y111.471 E2074.81632
G1 X133.663 Y112.079 E2074.84961
G1 X133.204 Y112.734 E2074.88286
G1 X132.813 Y113.431 E2074.91609
G1 X132.493 Y114.163 E2074.9493
G1 X132.248 Y114.925 E2074.98258
G1 X132.085 Y115.689 E2075.01506
G1 X132.08 Y115.709 E2075.01591
G1 X131.991 Y116.504 E2075.04917
G1 X131.982 Y117.302 E2075.08235
G1 X132.05 Y118.1 E2075.11565
G1 X132.2 Y118.885 E2075.14887
G1 X132.427 Y119.655 E2075.18225
G1 X132.729 Y120.395 E2075.21548
G1 X133.103 Y121.1 E2075.24866
G1 X133.545 Y121.768 E2075.28196
G1 X134.052 Y122.387 E2075.31523
G1 X134.618 Y122.951 E2075.34845
G1 X135.236 Y123.458 E2075.38168
G1 X135.9 Y123.898 E2075.4148
G1 X136.426 Y124.183 E2075.43967
G1 X136.983 Y124.436 E2075.4651
G1 X137.733 Y124.697 E2075.49812
G1 X138.512 Y124.886 E2075.53144
G1 X139.303 Y124.993 E2075.56463
G1 X140.102 Y125.023 E2075.59787
G0 F7200 X140.097 Y124.623
G1 F3000 X140.852 Y124.576 E2075.62932
G1 X141.414 Y124.492 E2075.65295
G1 X141.977 Y124.363 E2075.67696
G1 X142.514 Y124.198 E2075.70032
G1 X143.054 Y123.985 E2075.72445
G1 X143.732 Y123.649 E2075.75591
G1 X144.376 Y123.244 E2075.78754
G1 X144.975 Y122.777 E2075.81912
G1 X145.526 Y122.253 E2075.85073
G1 X146.021 Y121.676 E2075.88234
G1 X146.457 Y121.053 E2075.91395
G1 X146.828 Y120.391 E2075.9455
G1 X147.131 Y119.698 E2075.97695
G1 X147.311 Y119.159 E2076.00057
G1 X147.475 Y118.51 E2076.0284
G1 X147.587 Y117.76 E2076.05993
G1 X147.623 Y117.09 E2076.08782
G1 X147.595 Y116.334 E2076.11928
G1 X147.492 Y115.58 E2076.15091
G1 X147.312 Y114.84 E2076.18258
G1 X147.06 Y114.124 E2076.21414
G1 X146.74 Y113.435 E2076.24572
G1 X146.351 Y112.781 E2076.27736
G1 X145.899 Y112.169 E2076.30899
G1 X145.388 Y111.607 E2076.34057
G1 X144.826 Y111.098 E2076.37209
G1 X144.213 Y110.646 E2076.40376
G1 X143.561 Y110.259 E2076.43528
G1 X142.871 Y109.937 E2076.46693
G1 X142.154 Y109.687 E2076.4985
G1 X141.414 Y109.508 E2076.53016
G1 X140.662 Y109.406 E2076.56171
G1 X139.903 Y109.377 E2076.59329
G1 X139.144 Y109.424 E2076.6249
G1 X138.394 Y109.546 E2076.65649
G1 X137.659 Y109.744 E2076.68814
G1 X136.949 Y110.013 E2076.71971
G1 X136.268 Y110.351 E2076.75131
G1 X135.624 Y110.756 E2076.78294
G1 X135.025 Y111.223 E2076.81452
G1 X134.474 Y111.747 E2076.84613
G1 X133.979 Y112.324 E2076.87774
G1 X133.543 Y112.947 E2076.90936
G1 X133.172 Y113.609 E2076.94091
G1 X132.868 Y114.305 E2076.97248
G1 X132.635 Y115.029 E2077.0041
G1 X132.475 Y115.773 E2077.03574
G1 X132.391 Y116.529 E2077.06737
G1 X132.382 Y117.287 E2077.09888
G1 X132.447 Y118.045 E2077.13051
G1 X132.589 Y118.791 E2077.16208
G1 X132.805 Y119.522 E2077.19377
G1 X133.092 Y120.225 E2077.22534
G1 X133.447 Y120.896 E2077.2569
G1 X133.867 Y121.53 E2077.28852
G1 X134.349 Y122.118 E2077.32013
G1 X134.887 Y122.654 E2077.35171
G1 X135.474 Y123.136 E2077.38328
G1 X136.106 Y123.555 E2077.41481
G1 X136.604 Y123.825 E2077.43836
G1 X137.132 Y124.064 E2077.46246
G1 X137.846 Y124.313 E2077.49389
G1 X138.586 Y124.492 E2077.52555
G1 X139.338 Y124.594 E2077.5571
G1 X140.097 Y124.623 E2077.58868
G0 F7200 X140.092 Y124.223
;TYPE:WALL-OUTER
G1 F1500 X140.81 Y124.178 E2077.61859
G1 X141.339 Y124.099 E2077.64082
G1 X141.873 Y123.976 E2077.66361
G1 X142.382 Y123.82 E2077.68574
G1 X142.892 Y123.619 E2077.70853
G1 X143.536 Y123.3 E2077.73841
G1 X144.146 Y122.916 E2077.76838
G1 X144.714 Y122.474 E2077.7983
G1 X145.236 Y121.977 E2077.82826
G1 X145.705 Y121.431 E2077.85819
G1 X146.118 Y120.84 E2077.88816
G1 X146.469 Y120.213 E2077.91804
G1 X146.757 Y119.554 E2077.94794
G1 X146.927 Y119.046 E2077.97021
G1 X147.082 Y118.431 E2077.99658
G1 X147.189 Y117.719 E2078.02651
G1 X147.223 Y117.087 E2078.05283
G1 X147.196 Y116.369 E2078.0827
G1 X147.098 Y115.655 E2078.11266
G1 X146.928 Y114.954 E2078.14265
G1 X146.689 Y114.275 E2078.17258
G1 X146.386 Y113.622 E2078.20251
G1 X146.017 Y113.003 E2078.23247
G1 X145.589 Y112.423 E2078.26244
G1 X145.105 Y111.89 E2078.29237
G1 X144.572 Y111.408 E2078.32224
G1 X143.992 Y110.98 E2078.35221
G1 X143.374 Y110.613 E2078.3821
G1 X142.72 Y110.308 E2078.4121
G1 X142.041 Y110.071 E2078.442
G1 X141.34 Y109.902 E2078.47198
G1 X140.627 Y109.805 E2078.50189
G1 X139.908 Y109.777 E2078.53181
G1 X139.189 Y109.822 E2078.56176
G1 X138.478 Y109.938 E2078.59171
G1 X137.782 Y110.125 E2078.62167
G1 X137.109 Y110.38 E2078.65159
G1 X136.464 Y110.7 E2078.68153
G1 X135.854 Y111.084 E2078.7115
G1 X135.286 Y111.526 E2078.74142
G1 X134.764 Y112.023 E2078.77138
G1 X134.295 Y112.569 E2078.80131
G1 X133.882 Y113.16 E2078.83128
G1 X133.531 Y113.787 E2078.86116
G1 X133.243 Y114.447 E2078.8911
G1 X133.022 Y115.133 E2078.92106
G1 X132.87 Y115.837 E2078.951
G1 X132.791 Y116.553 E2078.98095
G1 X132.782 Y117.272 E2079.01085
G1 X132.844 Y117.99 E2079.04081
G1 X132.978 Y118.697 E2079.07073
G1 X133.183 Y119.389 E2079.10073
G1 X133.455 Y120.056 E2079.13068
G1 X133.791 Y120.692 E2079.16058
G1 X134.189 Y121.292 E2079.19052
G1 X134.646 Y121.849 E2079.22047
G1 X135.156 Y122.357 E2079.2504
G1 X135.712 Y122.814 E2079.28032
G1 X136.312 Y123.212 E2079.31026
G1 X136.782 Y123.466 E2079.33247
G1 X137.281 Y123.692 E2079.35524
G1 X137.959 Y123.929 E2079.3851
G1 X138.66 Y124.098 E2079.41508
G1 X139.373 Y124.195 E2079.445
G1 X140.092 Y124.223 E2079.47491
G0 F7200 X140.097 Y124.662
G0 X140.098 Y124.722
G0 X138.579 Y124.531
G0 X137.118 Y124.101
G0 X106.753 Y108.682
;TYPE:WALL-INNER
G1 F3000 X107.486 Y108.355 E2079.50828
G1 X108.114 Y107.816 E2079.54269
G1 X108.555 Y107.111 E2079.57726
G1 X108.764 Y106.332 E2079.6108
G1 X108.767 Y105.703 E2079.63695
G1 X108.584 Y104.962 E2079.66868
G1 X108.269 Y104.392 E2079.69576
G1 X107.736 Y103.823 E2079.72817
G1 X107.022 Y103.407 E2079.76253
G1 X106.253 Y103.229 E2079.79534
G1 X105.608 Y103.248 E2079.82217
G1 X104.856 Y103.459 E2079.85464
G1 X104.177 Y103.893 E2079.88814
G1 X103.639 Y104.522 E2079.92256
G1 X103.308 Y105.282 E2079.95702
G1 X103.216 Y106.108 E2079.99157
G1 X103.369 Y106.905 E2080.02531
G1 X103.652 Y107.49 E2080.05233
G1 X104.156 Y108.088 E2080.08485
G1 X104.828 Y108.527 E2080.11822
G1 X105.582 Y108.748 E2080.15088
G1 X106.003 Y108.778 E2080.16843
G1 X106.753 Y108.682 E2080.19987
G0 F7200 X106.644 Y108.293
G1 F3000 X107.27 Y108.014 E2080.22836
G1 X107.807 Y107.552 E2080.25781
G1 X108.184 Y106.95 E2080.28734
G1 X108.364 Y106.278 E2080.31627
G1 X108.367 Y105.751 E2080.33818
G1 X108.208 Y105.109 E2080.36568
G1 X107.943 Y104.629 E2080.38847
G1 X107.484 Y104.139 E2080.41638
G1 X106.873 Y103.783 E2080.44578
G1 X106.213 Y103.63 E2080.47395
G1 X105.669 Y103.646 E2080.49658
G1 X105.021 Y103.828 E2080.52456
G1 X104.442 Y104.198 E2080.55313
G1 X103.982 Y104.736 E2080.58256
G1 X103.699 Y105.386 E2080.61203
G1 X103.62 Y106.092 E2080.64157
G1 X103.752 Y106.778 E2080.67061
G1 X103.99 Y107.271 E2080.69337
G1 X104.424 Y107.785 E2080.72134
G1 X104.997 Y108.16 E2080.74981
G1 X105.653 Y108.352 E2080.77823
G1 X105.992 Y108.376 E2080.79236
G1 X106.644 Y108.293 E2080.81968
G0 F7200 X106.535 Y107.904
;TYPE:WALL-OUTER
G1 F1500 X107.053 Y107.673 E2080.84326
G1 X107.5 Y107.288 E2080.86779
G1 X107.813 Y106.789 E2080.89228
G1 X107.964 Y106.224 E2080.91659
G1 X107.967 Y105.799 E2080.93426
G1 X107.832 Y105.256 E2080.95753
G1 X107.617 Y104.866 E2080.97604
G1 X107.232 Y104.455 E2080.99945
G1 X106.724 Y104.159 E2081.0239
G1 X106.173 Y104.031 E2081.04742
G1 X105.73 Y104.044 E2081.06584
G1 X105.186 Y104.197 E2081.08934
G1 X104.707 Y104.503 E2081.11297
G1 X104.325 Y104.95 E2081.13741
G1 X104.09 Y105.49 E2081.1619
G1 X104.024 Y106.076 E2081.18641
G1 X104.135 Y106.651 E2081.21076
G1 X104.328 Y107.052 E2081.22926
G1 X104.692 Y107.482 E2081.25269
G1 X105.166 Y107.793 E2081.27626
G1 X105.724 Y107.956 E2081.30042
G1 X105.981 Y107.974 E2081.31114
G1 X106.535 Y107.904 E2081.33435
G0 F7200 X106.653 Y108.327
G0 X106.67 Y108.389
G0 X108.406 Y133.747
G0 X108.22 Y134.965
G0 X106.726 Y136.689
;TYPE:WALL-INNER
G1 F3000 X107.483 Y136.357 E2081.36872
G1 X108.114 Y135.816 E2081.40327
G1 X108.555 Y135.111 E2081.43785
G1 X108.764 Y134.332 E2081.47138
G1 X108.767 Y133.703 E2081.49753
G1 X108.57 Y132.92 E2081.5311
G1 X108.153 Y132.229 E2081.56465
G1 X107.538 Y131.675 E2081.59907
G1 X106.805 Y131.337 E2081.63262
G1 X106.191 Y131.222 E2081.65859
G1 X105.409 Y131.278 E2081.69119
G1 X104.659 Y131.563 E2081.72455
G1 X104.145 Y131.923 E2081.75064
G1 X103.636 Y132.525 E2081.78341
G1 X103.299 Y133.306 E2081.81878
G1 X103.216 Y134.112 E2081.85246
G1 X103.368 Y134.9 E2081.88583
G1 X103.635 Y135.467 E2081.91188
G1 X104.135 Y136.071 E2081.94448
G1 X104.811 Y136.516 E2081.97813
G1 X105.405 Y136.714 E2082.00416
G1 X105.956 Y136.781 E2082.02724
G1 X106.726 Y136.689 E2082.05948
G0 F7200 X106.62 Y136.299
G1 F3000 X107.268 Y136.015 E2082.08889
G1 X107.807 Y135.552 E2082.11844
G1 X108.184 Y134.95 E2082.14797
G1 X108.364 Y134.278 E2082.17689
G1 X108.367 Y133.751 E2082.1988
G1 X108.197 Y133.076 E2082.22774
G1 X107.841 Y132.487 E2082.25635
G1 X107.315 Y132.013 E2082.28579
G1 X106.683 Y131.721 E2082.31474
G1 X106.168 Y131.625 E2082.33652
G1 X105.496 Y131.673 E2082.36453
G1 X104.848 Y131.919 E2082.39334
G1 X104.417 Y132.221 E2082.41522
G1 X103.98 Y132.738 E2082.44337
G1 X103.691 Y133.408 E2082.4737
G1 X103.62 Y134.094 E2082.50238
G1 X103.751 Y134.775 E2082.53121
G1 X103.975 Y135.251 E2082.55308
G1 X104.405 Y135.77 E2082.5811
G1 X104.987 Y136.153 E2082.61007
G1 X105.493 Y136.322 E2082.63225
G1 X105.956 Y136.378 E2082.65163
G1 X106.62 Y136.299 E2082.67944
G0 F7200 X106.514 Y135.909
;TYPE:WALL-OUTER
G1 F1500 X107.053 Y135.673 E2082.7039
G1 X107.5 Y135.288 E2082.72843
G1 X107.813 Y134.789 E2082.75291
G1 X107.964 Y134.224 E2082.77723
G1 X107.967 Y133.799 E2082.7949
G1 X107.824 Y133.232 E2082.81921
G1 X107.529 Y132.745 E2082.84288
G1 X107.092 Y132.351 E2082.86734
G1 X106.561 Y132.105 E2082.89168
G1 X106.145 Y132.028 E2082.90926
G1 X105.583 Y132.068 E2082.93269
G1 X105.037 Y132.275 E2082.95697
G1 X104.689 Y132.519 E2082.97464
G1 X104.324 Y132.951 E2082.99815
G1 X104.083 Y133.51 E2083.02346
G1 X104.024 Y134.077 E2083.04716
G1 X104.134 Y134.65 E2083.07141
G1 X104.315 Y135.035 E2083.0891
G1 X104.675 Y135.469 E2083.11255
G1 X105.163 Y135.79 E2083.13683
G1 X105.581 Y135.93 E2083.15516
G1 X105.956 Y135.975 E2083.17086
G1 X106.514 Y135.909 E2083.19422
G0 F7200 X106.629 Y136.333
G0 X106.646 Y136.395
G0 X105.991 Y137.5
;TYPE:WALL-INNER
G1 F3000 X105.482 Y137.459 E2083.21545
G1 X104.991 Y137.349 E2083.23637
G1 X104.505 Y137.162 E2083.25802
G1 X104.055 Y136.907 E2083.27952
G1 X103.658 Y136.597 E2083.30046
G1 X103.293 Y136.214 E2083.32246
G1 X102.999 Y135.797 E2083.34367
G1 X102.783 Y135.372 E2083.36349
G1 X102.644 Y134.983 E2083.38067
G1 X102.541 Y134.51 E2083.40079
G1 X102.5 Y133.966 E2083.42347
G1 X102.5 Y105.988 E2084.58666
G1 X102.541 Y105.482 E2084.60777
G1 X102.651 Y104.991 E2084.62869
G1 X102.839 Y104.503 E2084.65043
G1 X103.093 Y104.055 E2084.67184
G1 X103.403 Y103.658 E2084.69278
G1 X103.786 Y103.293 E2084.71478
G1 X104.202 Y103.001 E2084.73591
G1 X104.658 Y102.771 E2084.75714
G1 X105.154 Y102.607 E2084.77886
G1 X105.629 Y102.522 E2084.79893
G1 X106.023 Y102.5 E2084.81533
G1 X174.009 Y102.5 E2087.64186
G1 X174.518 Y102.541 E2087.66309
G1 X175.009 Y102.651 E2087.68401
G1 X175.495 Y102.838 E2087.70566
G1 X175.945 Y103.093 E2087.72716
G1 X176.342 Y103.403 E2087.74811
G1 X176.707 Y103.786 E2087.7701
G1 X176.999 Y104.202 E2087.79123
G1 X177.229 Y104.658 E2087.81247
G1 X177.393 Y105.154 E2087.83419
G1 X177.478 Y105.629 E2087.85425
G1 X177.5 Y106.012 E2087.8702
G1 X177.5 Y134.012 E2089.0343
G1 X177.459 Y134.518 E2089.05541
G1 X177.349 Y135.009 E2089.07633
G1 X177.162 Y135.495 E2089.09798
G1 X176.907 Y135.945 E2089.11948
G1 X176.621 Y136.314 E2089.13889
G1 X176.246 Y136.681 E2089.1607
G1 X175.91 Y136.93 E2089.17809
G1 X175.545 Y137.137 E2089.19554
G1 X175.043 Y137.336 E2089.21799
G1 X174.646 Y137.436 E2089.23501
G1 X173.975 Y137.5 E2089.26303
G1 X105.991 Y137.5 E2092.08948
G0 F7200 X105.971 Y137.9
G1 F3000 X105.427 Y137.856 E2092.11217
G1 X104.873 Y137.732 E2092.13577
G1 X104.333 Y137.524 E2092.15983
G1 X103.833 Y137.241 E2092.18372
G1 X103.385 Y136.891 E2092.20735
G1 X102.985 Y136.471 E2092.23147
G1 X102.654 Y136.001 E2092.25537
G1 X102.414 Y135.529 E2092.27738
G1 X102.259 Y135.095 E2092.29654
G1 X102.144 Y134.57 E2092.31889
G1 X102.1 Y133.983 E2092.34336
G1 X102.1 Y105.968 E2093.50809
G1 X102.144 Y105.427 E2093.53065
G1 X102.268 Y104.873 E2093.55426
G1 X102.477 Y104.331 E2093.57841
G1 X102.759 Y103.833 E2093.6022
G1 X103.109 Y103.385 E2093.62584
G1 X103.529 Y102.985 E2093.64995
G1 X103.996 Y102.657 E2093.67368
G1 X104.478 Y102.415 E2093.6961
G1 X104.506 Y102.4 E2093.69742
G1 X105.057 Y102.218 E2093.72154
G1 X105.578 Y102.125 E2093.74355
G1 X105.606 Y102.124 E2093.74471
G1 X105.999 Y102.102 E2093.76108
G1 X106.018 Y102.1 E2093.76187
G1 X174.029 Y102.1 E2096.58944
G1 X174.573 Y102.144 E2096.61213
G1 X175.127 Y102.268 E2096.63573
G1 X175.667 Y102.476 E2096.65979
G1 X176.167 Y102.759 E2096.68368
G1 X176.615 Y103.109 E2096.70731
G1 X177.015 Y103.529 E2096.73143
G1 X177.343 Y103.996 E2096.75515
G1 X177.585 Y104.478 E2096.77758
G1 X177.6 Y104.506 E2096.7789
G1 X177.782 Y105.057 E2096.80302
G1 X177.875 Y105.578 E2096.82503
G1 X177.876 Y105.606 E2096.82619
G1 X177.898 Y105.988 E2096.8421
G1 X177.9 Y106.012 E2096.8431
G1 X177.9 Y134.032 E2098.00804
G1 X177.856 Y134.573 E2098.0306
G1 X177.732 Y135.127 E2098.05421
G1 X177.524 Y135.667 E2098.07826
G1 X177.241 Y136.167 E2098.10215
G1 X176.922 Y136.579 E2098.12381
G1 X176.525 Y136.966 E2098.14686
G1 X176.502 Y136.989 E2098.14822
G1 X176.131 Y137.265 E2098.16744
G1 X175.715 Y137.5 E2098.1873
G1 X175.169 Y137.717 E2098.21173
G1 X174.719 Y137.83 E2098.23102
G1 X174.177 Y137.895 E2098.25372
G1 X173.985 Y137.9 E2098.2617
G1 X105.971 Y137.9 E2101.08939
G0 F7200 X105.951 Y138.3
;TYPE:WALL-OUTER
G1 F1500 X105.372 Y138.253 E2101.11355
G1 X104.755 Y138.115 E2101.13983
G1 X104.161 Y137.886 E2101.1663
G1 X103.612 Y137.575 E2101.19253
G1 X103.112 Y137.185 E2101.2189
G1 X102.677 Y136.728 E2101.24513
G1 X102.309 Y136.205 E2101.27171
G1 X102.049 Y135.693 E2101.29559
G1 X101.872 Y135.2 E2101.31736
G1 X101.747 Y134.63 E2101.34163
G1 X101.7 Y134 E2101.36789
G1 X101.7 Y105.947 E2102.5342
G1 X101.747 Y105.372 E2102.55818
G1 X101.885 Y104.755 E2102.58447
G1 X102.115 Y104.159 E2102.61103
G1 X102.425 Y103.612 E2102.63717
G1 X102.815 Y103.112 E2102.66353
G1 X103.272 Y102.677 E2102.68976
G1 X103.79 Y102.313 E2102.71609
G1 X104.356 Y102.028 E2102.74243
G1 X104.957 Y101.829 E2102.76875
G1 X105.527 Y101.728 E2102.79282
G1 X106.012 Y101.7 E2102.81302
G1 X174.049 Y101.7 E2105.64167
G1 X174.628 Y101.747 E2105.66582
G1 X175.245 Y101.885 E2105.6921
G1 X175.839 Y102.114 E2105.71857
G1 X176.388 Y102.425 E2105.7448
G1 X176.888 Y102.815 E2105.77117
G1 X177.323 Y103.272 E2105.7974
G1 X177.687 Y103.79 E2105.82372
G1 X177.972 Y104.356 E2105.85007
G1 X178.171 Y104.957 E2105.87639
G1 X178.272 Y105.527 E2105.90045
G1 X178.3 Y106.012 E2105.92065
G1 X178.3 Y134.053 E2107.08646
G1 X178.253 Y134.628 E2107.11045
G1 X178.115 Y135.245 E2107.13673
G1 X177.886 Y135.839 E2107.1632
G1 X177.575 Y136.389 E2107.18947
G1 X177.219 Y136.848 E2107.21362
G1 X176.766 Y137.291 E2107.23996
G1 X176.347 Y137.602 E2107.26165
G1 X175.885 Y137.863 E2107.28372
G1 X175.295 Y138.098 E2107.31012
G1 X174.792 Y138.224 E2107.33168
G1 X174.203 Y138.295 E2107.35634
G1 X173.995 Y138.3 E2107.36499
G1 X105.951 Y138.3 E2110.19393
G0 F7200 X105.968 Y137.861
G0 X106.485 Y137.11
;TYPE:SKIN
G1 F1500 X106.829 Y137.069 E2110.20834
G1 X107.693 Y136.691 E2110.24754
G1 X108.413 Y136.073 E2110.28699
G1 X108.916 Y135.269 E2110.32642
G1 X109.154 Y134.385 E2110.36448
G1 X109.157 Y133.656 E2110.39479
G1 X108.934 Y132.768 E2110.43286
G1 X108.457 Y131.978 E2110.47122
G1 X107.755 Y131.346 E2110.5105
G1 X106.924 Y130.963 E2110.54854
G1 X106.213 Y130.83 E2110.57861
G1 X105.324 Y130.893 E2110.61566
G1 X104.475 Y131.216 E2110.65343
G1 X103.88 Y131.632 E2110.68361
G1 X103.301 Y132.318 E2110.72093
G1 X102.917 Y133.207 E2110.76119
G1 X102.89 Y133.469 E2110.77214
G1 X102.89 Y106.477 E2111.89434
G1 X102.996 Y107.028 E2111.91767
G1 X103.322 Y107.704 E2111.94887
G1 X103.895 Y108.383 E2111.98581
G1 X104.663 Y108.885 E2112.02396
G1 X105.512 Y109.134 E2112.06074
G1 X106.014 Y109.17 E2112.08166
G1 X106.86 Y109.062 E2112.11712
G1 X107.697 Y108.688 E2112.15524
G1 X108.413 Y108.073 E2112.19448
G1 X108.916 Y107.269 E2112.23391
G1 X109.154 Y106.385 E2112.27197
G1 X109.157 Y105.656 E2112.30228
G1 X108.95 Y104.818 E2112.33816
G1 X108.587 Y104.16 E2112.36941
G1 X107.982 Y103.515 E2112.40617
G1 X107.168 Y103.04 E2112.44536
G1 X106.521 Y102.89 E2112.47297
G1 X173.442 Y102.89 E2115.25522
G1 X172.695 Y103.099 E2115.28747
G1 X171.918 Y103.595 E2115.32579
G1 X171.305 Y104.313 E2115.36505
G1 X170.927 Y105.18 E2115.40437
G1 X170.822 Y106.124 E2115.44386
G1 X170.996 Y107.028 E2115.48213
G1 X171.322 Y107.704 E2115.51333
G1 X171.895 Y108.383 E2115.55027
G1 X172.663 Y108.885 E2115.58842
G1 X173.512 Y109.134 E2115.6252
G1 X174.014 Y109.17 E2115.64612
G1 X174.86 Y109.062 E2115.68158
G1 X175.697 Y108.688 E2115.7197
G1 X176.413 Y108.073 E2115.75894
G1 X176.916 Y107.269 E2115.79837
G1 X177.11 Y106.548 E2115.82941
G1 X177.11 Y133.469 E2116.94865
G1 X176.934 Y132.768 E2116.9787
G1 X176.457 Y131.978 E2117.01707
G1 X175.755 Y131.346 E2117.05634
G1 X174.924 Y130.963 E2117.09438
G1 X174.213 Y130.83 E2117.12446
G1 X173.324 Y130.893 E2117.16151
G1 X172.475 Y131.216 E2117.19927
G1 X171.88 Y131.632 E2117.22946
G1 X171.301 Y132.318 E2117.26678
G1 X170.917 Y133.207 E2117.30704
G1 X170.822 Y134.129 E2117.34558
G1 X170.994 Y135.022 E2117.38338
G1 X171.303 Y135.678 E2117.41353
G1 X171.872 Y136.365 E2117.45062
G1 X172.639 Y136.869 E2117.48878
G1 X173.319 Y137.096 E2117.51858
G1 X173.435 Y137.11 E2117.52344
G1 X106.485 Y137.11 E2120.3069
G0 F7200 X132.767 Y121.299
G1 F1500 X133.231 Y122 E2120.34185
G1 X133.763 Y122.65 E2120.37677
G1 X134.356 Y123.24 E2120.41155
G1 X135.004 Y123.772 E2120.4464
G1 X135.699 Y124.233 E2120.48108
G1 X136.252 Y124.532 E2120.50721
G1 X136.838 Y124.799 E2120.53398
G1 X137.622 Y125.071 E2120.56849
G1 X138.44 Y125.27 E2120.60349
G1 X139.27 Y125.382 E2120.63831
G1 X140.106 Y125.413 E2120.67309
G1 X140.935 Y125.362 E2120.70762
G1 X141.56 Y125.269 E2120.73389
G1 X142.182 Y125.127 E2120.76041
G1 X142.775 Y124.944 E2120.78621
G1 X143.374 Y124.708 E2120.81298
G1 X144.119 Y124.339 E2120.84755
G1 X144.83 Y123.892 E2120.88246
G1 X145.491 Y123.376 E2120.91733
G1 X146.099 Y122.798 E2120.9522
G1 X146.645 Y122.161 E2120.98708
G1 X147.127 Y121.474 E2121.02197
G1 X147.536 Y120.743 E2121.0568
G1 X147.87 Y119.982 E2121.09135
G1 X148.069 Y119.381 E2121.11767
G1 X148.251 Y118.665 E2121.14839
G1 X148.373 Y117.839 E2121.1831
G1 X148.413 Y117.097 E2121.21399
G1 X148.384 Y116.266 E2121.24856
G1 X148.27 Y115.433 E2121.28352
G1 X148.07 Y114.615 E2121.31853
G1 X147.792 Y113.825 E2121.35335
G1 X147.439 Y113.066 E2121.38815
G1 X147.011 Y112.343 E2121.42308
G1 X146.511 Y111.667 E2121.45804
G1 X145.946 Y111.047 E2121.49291
G1 X145.328 Y110.486 E2121.52761
G1 X144.65 Y109.986 E2121.56264
G1 X143.931 Y109.56 E2121.59738
G1 X143.169 Y109.204 E2121.63235
G1 X142.378 Y108.929 E2121.66717
G1 X141.56 Y108.73 E2121.70217
G1 X140.73 Y108.618 E2121.73699
G1 X139.894 Y108.587 E2121.77177
G1 X139.056 Y108.638 E2121.80667
G1 X138.228 Y108.772 E2121.84154
G1 X137.415 Y108.991 E2121.87655
G1 X136.633 Y109.288 E2121.91133
G1 X135.881 Y109.661 E2121.94623
G1 X135.17 Y110.108 E2121.98114
G1 X134.509 Y110.624 E2122.01601
G1 X133.901 Y111.202 E2122.05088
G1 X133.355 Y111.839 E2122.08576
G1 X132.873 Y112.526 E2122.12065
G1 X132.464 Y113.257 E2122.15548
G1 X132.128 Y114.025 E2122.19033
G1 X131.871 Y114.824 E2122.22523
G1 X131.694 Y115.646 E2122.26018
G1 X131.601 Y116.48 E2122.29507
G1 X131.592 Y117.316 E2122.32983
G1 X131.664 Y118.153 E2122.36476
G1 X131.82 Y118.977 E2122.39962
G1 X132.058 Y119.784 E2122.4346
G1 X132.376 Y120.561 E2122.46951
G1 X132.767 Y121.299 E2122.50423
G0 F7200 X107.886 Y136.736
G1 F1500 X108.098 Y136.948 E2122.5167
G0 F7200 X108.19 Y136.474
G1 F1500 X108.664 Y136.948 E2122.54457
G0 F7200 X109.23 Y136.948
G1 F1500 X108.494 Y136.212 E2122.58784
G0 F7200 X108.723 Y135.876
G1 F1500 X109.796 Y136.948 E2122.6509
G0 F7200 X110.361 Y136.948
G1 F1500 X108.941 Y135.528 E2122.73439
G0 F7200 X109.115 Y135.137
G1 F1500 X110.927 Y136.948 E2122.8409
G0 F7200 X111.493 Y136.948
G1 F1500 X109.236 Y134.692 E2122.97357
G0 F7200 X109.315 Y134.205
G1 F1500 X112.058 Y136.948 E2123.13485
G0 F7200 X112.624 Y136.948
G1 F1500 X109.316 Y133.641 E2123.32932
G0 F7200 X109.128 Y132.887
G1 F1500 X113.19 Y136.948 E2123.56812
G0 F7200 X113.755 Y136.948
G1 F1500 X103.05 Y126.243 E2124.19753
G0 F7200 X103.05 Y126.808
G1 F1500 X107.115 Y130.874 E2124.43657
G0 F7200 X106.37 Y130.695
G1 F1500 X103.05 Y127.374 E2124.6318
G0 F7200 X103.05 Y127.94
G1 F1500 X105.807 Y130.698 E2124.79393
G0 F7200 X105.281 Y130.736
G1 F1500 X103.05 Y128.506 E2124.92508
G0 F7200 X103.05 Y129.071
G1 F1500 X104.871 Y130.892 E2125.03214
G0 F7200 X104.461 Y131.048
G1 F1500 X103.05 Y129.637 E2125.11511
G0 F7200 X103.05 Y130.203
G1 F1500 X104.117 Y131.27 E2125.17784
G0 F7200 X103.783 Y131.502
G1 F1500 X103.05 Y130.768 E2125.22097
G0 F7200 X103.05 Y131.334
G1 F1500 X103.522 Y131.806 E2125.24872
G0 F7200 X103.263 Y132.113
G1 F1500 X103.05 Y131.9 E2125.26124
G0 F7200 X103.05 Y125.677
G1 F1500 X114.321 Y136.948 E2125.92393
G0 F7200 X114.887 Y136.948
G1 F1500 X103.05 Y125.111 E2126.6199
G0 F7200 X103.05 Y124.546
G1 F1500 X115.452 Y136.948 E2127.34909
G0 F7200 X116.018 Y136.948
G1 F1500 X103.05 Y123.98 E2128.11156
G0 F7200 X103.05 Y123.414
G1 F1500 X116.584 Y136.948 E2128.90731
G0 F7200 X117.149 Y136.948
G1 F1500 X103.05 Y122.849 E2129.73628
G0 F7200 X103.05 Y122.283
G1 F1500 X117.715 Y136.948 E2130.59852
G0 F7200 X118.281 Y136.948
G1 F1500 X103.05 Y121.717 E2131.49405
G0 F7200 X103.05 Y121.152
G1 F1500 X118.846 Y136.948 E2132.42279
G0 F7200 X119.412 Y136.948
G1 F1500 X103.05 Y120.586 E2133.38482
G0 F7200 X103.05 Y120.02
G1 F1500 X119.978 Y136.948 E2134.38012
G0 F7200 X120.544 Y136.948
G1 F1500 X103.05 Y119.455 E2135.40867
G0 F7200 X103.05 Y118.889
G1 F1500 X121.109 Y136.948 E2136.47047
G0 F7200 X121.675 Y136.948
G1 F1500 X103.05 Y118.323 E2137.56555
G0 F7200 X103.05 Y117.758
G1 F1500 X122.241 Y136.948 E2138.69387
G0 F7200 X122.806 Y136.948
G1 F1500 X103.05 Y117.192 E2139.85545
G0 F7200 X103.05 Y116.626
G1 F1500 X123.372 Y136.948 E2141.05031
G0 F7200 X123.938 Y136.948
G1 F1500 X103.05 Y116.06 E2142.27844
G0 F7200 X103.05 Y115.495
G1 F1500 X124.503 Y136.948 E2143.5398
G0 F7200 X125.069 Y136.948
G1 F1500 X103.05 Y114.929 E2144.83443
G0 F7200 X103.05 Y114.363
G1 F1500 X125.635 Y136.948 E2146.16234
G0 F7200 X126.2 Y136.948
G1 F1500 X103.05 Y113.798 E2147.52347
G0 F7200 X103.05 Y113.232
G1 F1500 X126.766 Y136.948 E2148.91788
G0 F7200 X127.332 Y136.948
G1 F1500 X103.05 Y112.666 E2150.34557
G0 F7200 X103.05 Y112.101
G1 F1500 X127.897 Y136.948 E2151.80648
G0 F7200 X128.463 Y136.948
G1 F1500 X103.05 Y111.535 E2153.30066
G0 F7200 X103.05 Y110.969
G1 F1500 X129.029 Y136.948 E2154.82813
G0 F7200 X129.594 Y136.948
G1 F1500 X103.05 Y110.404 E2156.38882
G0 F7200 X103.05 Y109.838
G1 F1500 X130.16 Y136.948 E2157.98278
G0 F7200 X130.726 Y136.948
G1 F1500 X103.05 Y109.272 E2159.61002
G0 F7200 X103.05 Y108.707
G1 F1500 X131.292 Y136.948 E2161.27051
G0 F7200 X131.857 Y136.948
G1 F1500 X103.05 Y108.141 E2162.96426
G0 F7200 X104.34 Y108.866
G1 F1500 X132.423 Y136.948 E2164.6154
G0 F7200 X132.989 Y136.948
G1 F1500 X105.269 Y109.229 E2166.2452
G0 F7200 X105.929 Y109.323
G1 F1500 X133.554 Y136.948 E2167.86944
G0 F7200 X134.12 Y136.948
G1 F1500 X106.447 Y109.275 E2169.49651
G0 F7200 X106.939 Y109.202
G1 F1500 X134.686 Y136.948 E2171.1279
G0 F7200 X135.251 Y136.948
G1 F1500 X107.33 Y109.027 E2172.76955
G0 F7200 X107.72 Y108.852
G1 F1500 X135.817 Y136.948 E2174.42151
G0 F7200 X136.383 Y136.948
G1 F1500 X108.039 Y108.605 E2176.088
G0 F7200 X108.343 Y108.343
G1 F1500 X136.948 Y136.948 E2177.76987
G0 F7200 X137.514 Y136.948
G1 F1500 X108.614 Y108.048 E2179.46908
G0 F7200 X108.832 Y107.7
G1 F1500 X138.08 Y136.948 E2181.18875
G0 F7200 X138.645 Y136.948
G1 F1500 X109.05 Y107.352 E2182.92885
G0 F7200 X109.175 Y106.913
G1 F1500 X139.211 Y136.948 E2184.69482
G0 F7200 X139.777 Y136.948
G1 F1500 X109.296 Y106.468 E2186.48696
G0 F7200 X109.315 Y105.921
G1 F1500 X140.343 Y136.948 E2188.31125
G0 F7200 X140.908 Y136.948
G1 F1500 X109.223 Y105.264 E2190.17418
G0 F7200 X108.872 Y104.347
G1 F1500 X141.474 Y136.948 E2192.09102
G0 F7200 X142.04 Y136.948
G1 F1500 X108.141 Y103.05 E2194.08413
G0 F7200 X107.678 Y103.152
G1 F1500 X107.609 Y103.084 E2194.08815
G0 F7200 X108.707 Y103.05
G1 F1500 X142.605 Y136.948 E2196.08123
G0 F7200 X143.171 Y136.948
G1 F1500 X109.272 Y103.05 E2198.07433
G0 F7200 X109.838 Y103.05
G1 F1500 X143.737 Y136.948 E2200.06743
G0 F7200 X144.302 Y136.948
G1 F1500 X110.404 Y103.05 E2202.0605
G0 F7200 X110.969 Y103.05
G1 F1500 X144.868 Y136.948 E2204.05361
G0 F7200 X145.434 Y136.948
G1 F1500 X111.535 Y103.05 E2206.04671
G0 F7200 X112.101 Y103.05
G1 F1500 X145.999 Y136.948 E2208.03978
G0 F7200 X146.565 Y136.948
G1 F1500 X112.666 Y103.05 E2210.03288
G0 F7200 X113.232 Y103.05
G1 F1500 X147.131 Y136.948 E2212.02598
G0 F7200 X147.696 Y136.948
G1 F1500 X113.798 Y103.05 E2214.01906
G0 F7200 X114.363 Y103.05
G1 F1500 X132.554 Y121.241 E2215.08862
G0 F7200 X132.037 Y120.157
G1 F1500 X114.929 Y103.05 E2216.09447
G0 F7200 X115.495 Y103.05
G1 F1500 X131.748 Y119.303 E2217.05009
G0 F7200 X131.579 Y118.568
G1 F1500 X116.06 Y103.05 E2217.96251
G0 F7200 X116.626 Y103.05
G1 F1500 X131.482 Y117.905 E2218.83596
G0 F7200 X131.432 Y117.289
G1 F1500 X117.192 Y103.05 E2219.67319
G0 F7200 X117.758 Y103.05
G1 F1500 X131.437 Y116.729 E2220.47746
G0 F7200 X131.47 Y116.197
G1 F1500 X118.323 Y103.05 E2221.25046
G0 F7200 X118.889 Y103.05
G1 F1500 X131.527 Y115.688 E2221.99352
G0 F7200 X131.622 Y115.217
G1 F1500 X119.455 Y103.05 E2222.70889
G0 F7200 X120.02 Y103.05
G1 F1500 X131.724 Y114.754 E2223.39704
G0 F7200 X131.862 Y114.326
G1 F1500 X120.586 Y103.05 E2224.06003
G0 F7200 X121.152 Y103.05
G1 F1500 X132.006 Y113.904 E2224.6982
G0 F7200 X132.178 Y113.511
G1 F1500 X121.717 Y103.05 E2225.31327
G0 F7200 X122.283 Y103.05
G1 F1500 X132.355 Y113.122 E2225.90547
G0 F7200 X132.558 Y112.759
G1 F1500 X122.849 Y103.05 E2226.47632
G0 F7200 X123.414 Y103.05
G1 F1500 X132.765 Y112.4 E2227.02609
G0 F7200 X132.999 Y112.068
G1 F1500 X123.98 Y103.05 E2227.55634
G0 F7200 X124.546 Y103.05
G1 F1500 X133.232 Y111.736 E2228.06705
G0 F7200 X133.493 Y111.432
G1 F1500 X125.111 Y103.05 E2228.55988
G0 F7200 X125.677 Y103.05
G1 F1500 X133.754 Y111.127 E2229.03477
G0 F7200 X134.04 Y110.847
G1 F1500 X126.243 Y103.05 E2229.49321
G0 F7200 X126.808 Y103.05
G1 F1500 X134.33 Y110.571 E2229.93544
G0 F7200 X134.641 Y110.317
G1 F1500 X127.374 Y103.05 E2230.36271
G0 F7200 X127.94 Y103.05
G1 F1500 X134.959 Y110.068 E2230.77538
G0 F7200 X135.294 Y109.839
G1 F1500 X128.506 Y103.05 E2231.17451
G0 F7200 X129.071 Y103.05
G1 F1500 X135.642 Y109.62 E2231.56083
G0 F7200 X136.006 Y109.419
G1 F1500 X129.637 Y103.05 E2231.93531
G0 F7200 X130.203 Y103.05
G1 F1500 X136.384 Y109.231 E2232.29873
G0 F7200 X136.778 Y109.059
G1 F1500 X130.768 Y103.05 E2232.65206
G0 F7200 X131.334 Y103.05
G1 F1500 X137.188 Y108.904 E2232.99625
G0 F7200 X137.619 Y108.769
G1 F1500 X131.9 Y103.05 E2233.33251
G0 F7200 X132.465 Y103.05
G1 F1500 X138.065 Y108.649 E2233.66174
G0 F7200 X138.539 Y108.558
G1 F1500 X133.031 Y103.05 E2233.98559
G0 F7200 X133.597 Y103.05
G1 F1500 X139.026 Y108.479 E2234.30479
G0 F7200 X139.559 Y108.446
G1 F1500 X134.162 Y103.05 E2234.62209
G0 F7200 X134.728 Y103.05
G1 F1500 X140.113 Y108.434 E2234.93867
G0 F7200 X140.7 Y108.456
G1 F1500 X135.294 Y103.05 E2235.25653
G0 F7200 X135.859 Y103.05
G1 F1500 X141.349 Y108.54 E2235.57932
G0 F7200 X142.063 Y108.687
G1 F1500 X136.425 Y103.05 E2235.91078
G0 F7200 X136.991 Y103.05
G1 F1500 X142.872 Y108.931 E2236.25656
G0 F7200 X143.853 Y109.346
G1 F1500 X137.557 Y103.05 E2236.62674
G0 F7200 X138.122 Y103.05
G1 F1500 X145.488 Y110.416 E2237.05983
G0 F7200 X146.591 Y111.519
G1 F1500 X172.021 Y136.948 E2238.55499
G0 F7200 X171.455 Y136.948
G1 F1500 X147.649 Y113.142 E2239.95469
G0 F7200 X148.065 Y114.124
G1 F1500 X170.89 Y136.948 E2241.29669
G0 F7200 X170.324 Y136.948
G1 F1500 X148.312 Y114.936 E2242.59091
G0 F7200 X148.459 Y115.65
G1 F1500 X169.758 Y136.948 E2243.84318
G0 F7200 X169.192 Y136.948
G1 F1500 X148.544 Y116.3 E2245.0572
G0 F7200 X148.564 Y116.886
G1 F1500 X168.627 Y136.948 E2246.2368
G0 F7200 X168.061 Y136.948
G1 F1500 X148.553 Y117.44 E2247.38379
G0 F7200 X148.514 Y117.967
G1 F1500 X167.495 Y136.948 E2248.4998
G0 F7200 X166.93 Y136.948
G1 F1500 X148.44 Y118.459 E2249.58692
G0 F7200 X148.346 Y118.931
G1 F1500 X166.364 Y136.948 E2250.64628
G0 F7200 X165.798 Y136.948
G1 F1500 X148.232 Y119.382 E2251.67909
G0 F7200 X148.094 Y119.81
G1 F1500 X165.233 Y136.948 E2252.68677
G0 F7200 X164.667 Y136.948
G1 F1500 X147.938 Y120.22 E2253.67034
G0 F7200 X147.765 Y120.612
G1 F1500 X164.101 Y136.948 E2254.63083
G0 F7200 X163.536 Y136.948
G1 F1500 X147.578 Y120.991 E2255.56907
G0 F7200 X147.375 Y121.354
G1 F1500 X162.97 Y136.948 E2256.48597
G0 F7200 X162.404 Y136.948
G1 F1500 X147.159 Y121.703 E2257.38232
G0 F7200 X146.926 Y122.036
G1 F1500 X161.839 Y136.948 E2258.25911
G0 F7200 X161.273 Y136.948
G1 F1500 X146.683 Y122.359 E2259.11692
G0 F7200 X146.422 Y122.663
G1 F1500 X160.707 Y136.948 E2259.95682
G0 F7200 X160.142 Y136.948
G1 F1500 X146.156 Y122.963 E2260.77912
G0 F7200 X145.866 Y123.239
G1 F1500 X159.576 Y136.948 E2261.58518
G0 F7200 X159.01 Y136.948
G1 F1500 X145.574 Y123.513 E2262.37514
G0 F7200 X145.257 Y123.761
G1 F1500 X158.444 Y136.948 E2263.15049
G0 F7200 X157.879 Y136.948
G1 F1500 X144.939 Y124.009 E2263.91128
G0 F7200 X144.594 Y124.229
G1 F1500 X157.313 Y136.948 E2264.65911
G0 F7200 X156.747 Y136.948
G1 F1500 X144.246 Y124.447 E2265.39412
G0 F7200 X143.872 Y124.639
G1 F1500 X156.182 Y136.948 E2266.11787
G0 F7200 X155.616 Y136.948
G1 F1500 X143.494 Y124.826 E2266.8306
G0 F7200 X143.092 Y124.991
G1 F1500 X155.05 Y136.948 E2267.53365
G0 F7200 X154.485 Y136.948
G1 F1500 X142.677 Y125.141 E2268.22789
G0 F7200 X142.245 Y125.275
G1 F1500 X153.919 Y136.948 E2268.91424
G0 F7200 X153.353 Y136.948
G1 F1500 X141.786 Y125.381 E2269.59434
G0 F7200 X141.307 Y125.468
G1 F1500 X152.788 Y136.948 E2270.26935
G0 F7200 X152.222 Y136.948
G1 F1500 X140.804 Y125.53 E2270.94068
G0 F7200 X140.27 Y125.563
G1 F1500 X151.656 Y136.948 E2271.61011
G0 F7200 X151.091 Y136.948
G1 F1500 X139.7 Y125.558 E2272.27983
G0 F7200 X139.097 Y125.52
G1 F1500 X150.525 Y136.948 E2272.95175
G0 F7200 X149.959 Y136.948
G1 F1500 X138.443 Y125.432 E2273.62884
G0 F7200 X137.7 Y125.255
G1 F1500 X149.393 Y136.948 E2274.31635
G0 F7200 X148.828 Y136.948
G1 F1500 X136.852 Y124.973 E2275.02046
G0 F7200 X135.765 Y124.451
G1 F1500 X148.262 Y136.948 E2275.75524
G0 F7200 X170.735 Y134.531
G1 F1500 X139.254 Y103.05 E2277.6062
G0 F7200 X139.819 Y103.05
G1 F1500 X170.682 Y133.912 E2279.4208
G0 F7200 X170.735 Y133.399
G1 F1500 X140.385 Y103.05 E2281.20523
G0 F7200 X140.951 Y103.05
G1 F1500 X170.852 Y132.951 E2282.96329
G0 F7200 X171.023 Y132.557
G1 F1500 X141.516 Y103.05 E2284.69819
G0 F7200 X142.082 Y103.05
G1 F1500 X171.21 Y132.178 E2286.41081
G0 F7200 X171.469 Y131.871
G1 F1500 X142.648 Y103.05 E2288.10537
G0 F7200 X143.213 Y103.05
G1 F1500 X171.727 Y131.564 E2289.78189
G0 F7200 X172.047 Y131.318
G1 F1500 X143.779 Y103.05 E2291.44394
G0 F7200 X144.345 Y103.05
G1 F1500 X172.38 Y131.085 E2293.09229
G0 F7200 X172.785 Y130.925
G1 F1500 X144.91 Y103.05 E2294.73123
G0 F7200 X145.476 Y103.05
G1 F1500 X173.195 Y130.769 E2296.361
G0 F7200 X173.697 Y130.705
G1 F1500 X146.042 Y103.05 E2297.98701
G0 F7200 X146.607 Y103.05
G1 F1500 X174.226 Y130.669 E2299.6109
G0 F7200 X174.923 Y130.799
G1 F1500 X147.173 Y103.05 E2301.24246
G0 F7200 X147.739 Y103.05
G1 F1500 X176.413 Y131.724 E2302.92839
G0 F7200 X176.607 Y131.918
G1 F1500 X176.949 Y132.26 E2302.94849
G0 F7200 X176.949 Y131.694
G1 F1500 X148.305 Y103.05 E2304.63265
G0 F7200 X148.87 Y103.05
G1 F1500 X176.949 Y131.128 E2306.28356
G0 F7200 X176.949 Y130.563
G1 F1500 X149.436 Y103.05 E2307.90122
G0 F7200 X150.002 Y103.05
G1 F1500 X176.949 Y129.997 E2309.4856
G0 F7200 X176.949 Y129.431
G1 F1500 X150.567 Y103.05 E2311.03673
G0 F7200 X151.133 Y103.05
G1 F1500 X176.949 Y128.865 E2312.55458
G0 F7200 X176.949 Y128.3
G1 F1500 X151.699 Y103.05 E2314.03919
G0 F7200 X152.264 Y103.05
G1 F1500 X176.949 Y127.734 E2315.49054
G0 F7200 X176.949 Y127.168
G1 F1500 X152.83 Y103.05 E2316.90862
G0 F7200 X153.396 Y103.05
G1 F1500 X176.949 Y126.603 E2318.29344
G0 F7200 X176.949 Y126.037
G1 F1500 X153.961 Y103.05 E2319.64502
G0 F7200 X154.527 Y103.05
G1 F1500 X176.949 Y125.471 E2320.96332
G0 F7200 X176.949 Y124.906
G1 F1500 X155.093 Y103.05 E2322.24837
G0 F7200 X155.658 Y103.05
G1 F1500 X176.949 Y124.34 E2323.50017
G0 F7200 X176.949 Y123.774
G1 F1500 X156.224 Y103.05 E2324.71869
G0 F7200 X156.79 Y103.05
G1 F1500 X176.949 Y123.209 E2325.90396
G0 F7200 X176.949 Y122.643
G1 F1500 X157.356 Y103.05 E2327.05595
G0 F7200 X157.921 Y103.05
G1 F1500 X176.949 Y122.077 E2328.1747
G0 F7200 X176.949 Y121.512
G1 F1500 X158.487 Y103.05 E2329.26019
G0 F7200 X159.053 Y103.05
G1 F1500 X176.949 Y120.946 E2330.31241
G0 F7200 X176.949 Y120.38
G1 F1500 X159.618 Y103.05 E2331.33137
G0 F7200 X160.184 Y103.05
G1 F1500 X176.949 Y119.815 E2332.31709
G0 F7200 X176.949 Y119.249
G1 F1500 X160.75 Y103.05 E2333.26953
G0 F7200 X161.315 Y103.05
G1 F1500 X176.949 Y118.683 E2334.18872
G0 F7200 X176.949 Y118.117
G1 F1500 X161.881 Y103.05 E2335.07463
G0 F7200 X162.447 Y103.05
G1 F1500 X176.949 Y117.552 E2335.92729
G0 F7200 X176.949 Y116.986
G1 F1500 X163.012 Y103.05 E2336.74671
G0 F7200 X163.578 Y103.05
G1 F1500 X176.949 Y116.42 E2337.53284
G0 F7200 X176.949 Y115.855
G1 F1500 X164.144 Y103.05 E2338.28573
G0 F7200 X164.709 Y103.05
G1 F1500 X176.949 Y115.289 E2339.00536
G0 F7200 X176.949 Y114.723
G1 F1500 X165.275 Y103.05 E2339.69172
G0 F7200 X165.841 Y103.05
G1 F1500 X176.949 Y114.158 E2340.34483
G0 F7200 X176.949 Y113.592
G1 F1500 X172.002 Y108.645 E2340.63569
G0 F7200 X171.392 Y108.035
G1 F1500 X166.406 Y103.05 E2340.92882
G0 F7200 X166.972 Y103.05
G1 F1500 X170.804 Y106.882 E2341.15413
G0 F7200 X170.669 Y106.181
G1 F1500 X167.538 Y103.05 E2341.33822
G0 F7200 X168.104 Y103.05
G1 F1500 X170.712 Y105.658 E2341.49156
G0 F7200 X170.769 Y105.149
G1 F1500 X168.669 Y103.05 E2341.615
G0 F7200 X169.235 Y103.05
G1 F1500 X170.938 Y104.753 E2341.71513
G0 F7200 X171.11 Y104.359
G1 F1500 X169.801 Y103.05 E2341.79209
G0 F7200 X170.366 Y103.05
G1 F1500 X171.341 Y104.024 E2341.84939
G0 F7200 X171.601 Y103.719
G1 F1500 X170.932 Y103.05 E2341.88873
G0 F7200 X171.498 Y103.05
G1 F1500 X171.877 Y103.429 E2341.91101
G0 F7200 X172.222 Y103.209
G1 F1500 X172.063 Y103.05 E2341.92036
G0 F7200 X171.581 Y106.093
G0 X171.783 Y106.931
G0 X173.104 Y109.182
G1 F1500 X176.949 Y113.026 E2342.1464
G0 F7200 X176.949 Y112.461
G1 F1500 X173.804 Y109.315 E2342.33134
G0 F7200 X174.343 Y109.289
G1 F1500 X176.949 Y111.895 E2342.48457
G0 F7200 X176.949 Y111.329
G1 F1500 X174.844 Y109.225 E2342.6083
G0 F7200 X175.248 Y109.063
G1 F1500 X176.949 Y110.764 E2342.70831
G0 F7200 X176.949 Y110.198
G1 F1500 X175.639 Y108.888 E2342.78534
G0 F7200 X175.976 Y108.659
G1 F1500 X176.949 Y109.632 E2342.84255
G0 F7200 X176.949 Y109.066
G1 F1500 X176.28 Y108.398 E2342.88185
G0 F7200 X176.569 Y108.121
G1 F1500 X176.949 Y108.501 E2342.90419
G0 F7200 X176.949 Y107.935
G1 F1500 X176.787 Y107.773 E2342.91372
G0 F7200 X170.954 Y135.316
G1 F1500 X138.688 Y103.05 E2344.81084
G0 F7200 X106.367 Y102.69
;TYPE:SKIN
G1 F1500 X106.336 Y102.659 E2344.81175
G0 F7200 X106.053 Y102.659
G1 F1500 X106.338 Y102.944 E2344.82013
G0 F7200 X106.181 Y103.07
G1 F1500 X105.785 Y102.674 E2344.83177
G0 F7200 X105.53 Y102.702
G1 F1500 X105.906 Y103.078 E2344.84282
G0 F7200 X105.632 Y103.086
G1 F1500 X105.291 Y102.745 E2344.85285
G0 F7200 X105.067 Y102.804
G1 F1500 X105.402 Y103.139 E2344.86269
G0 F7200 X105.181 Y103.201
G1 F1500 X104.854 Y102.874 E2344.87231
G0 F7200 X104.651 Y102.954
G1 F1500 X104.96 Y103.263 E2344.88139
G0 F7200 X104.75 Y103.335
G1 F1500 X104.463 Y103.048 E2344.88983
G0 F7200 X104.276 Y103.144
G1 F1500 X104.577 Y103.446 E2344.89869
G0 F7200 X104.404 Y103.555
G1 F1500 X104.11 Y103.261 E2344.90734
G0 F7200 X103.943 Y103.378
G1 F1500 X104.231 Y103.666 E2344.9158
G0 F7200 X104.062 Y103.779
G1 F1500 X103.791 Y103.509 E2344.92375
G0 F7200 X103.647 Y103.647
G1 F1500 X103.931 Y103.931 E2344.9321
G0 F7200 X103.801 Y104.084
G1 F1500 X103.504 Y103.787 E2344.94083
G0 F7200 X103.38 Y103.946
G1 F1500 X103.671 Y104.237 E2344.94939
G0 F7200 X103.541 Y104.39
G1 F1500 X103.256 Y104.105 E2344.95777
G0 F7200 X103.149 Y104.28
G1 F1500 X103.442 Y104.574 E2344.9664
G0 F7200 X103.357 Y104.771
G1 F1500 X103.046 Y104.46 E2344.97554
G0 F7200 X102.953 Y104.65
G1 F1500 X103.27 Y104.967 E2344.98486
G0 F7200 X103.185 Y105.165
G1 F1500 X102.874 Y104.854 E2344.994
G0 F7200 X102.798 Y105.061
G1 F1500 X103.135 Y105.397 E2345.00389
G0 F7200 X103.106 Y105.651
G1 F1500 X102.746 Y105.291 E2345.01448
G0 F7200 X102.696 Y105.525
G1 F1500 X103.077 Y105.906 E2345.02568
G0 F7200 X103.066 Y106.177
G1 F1500 X102.676 Y105.787 E2345.03714
G0 F7200 X102.66 Y106.054
G1 F1500 X102.904 Y106.298 E2345.04432
G0 F7200 X102.809 Y133.639
G1 F1500 X103.076 Y133.906 E2345.05217
G0 F7200 X103.065 Y134.178
G1 F1500 X102.659 Y133.772 E2345.0641
G0 F7200 X102.666 Y134.062
G1 F1500 X103.133 Y134.529 E2345.07783
G0 F7200 X103.2 Y134.879
G1 F1500 X102.689 Y134.367 E2345.09287
G0 F7200 X102.748 Y134.709
G1 F1500 X103.417 Y135.378 E2345.11253
G0 F7200 X103.084 Y135.611
G1 F1500 X104.376 Y136.903 E2345.15052
G0 F7200 X104.619 Y136.581
G1 F1500 X105.289 Y137.25 E2345.1702
G0 F7200 X105.631 Y137.31
G1 F1500 X105.101 Y136.779 E2345.18579
G0 F7200 X105.488 Y136.883
G1 F1500 X105.938 Y137.334 E2345.19904
G0 F7200 X106.226 Y137.339
G1 F1500 X105.81 Y136.922 E2345.21128
G0 F7200 X106.094 Y136.924
G1 F1500 X106.311 Y137.141 E2345.21766
G0 F7200 X104.895 Y137.139
G1 F1500 X102.855 Y135.099 E2345.27763
G0 F7200 X104.97 Y136.188
G0 X173.608 Y137.122
G1 F1500 X173.826 Y137.339 E2345.28403
G0 F7200 X174.096 Y137.327
G1 F1500 X173.677 Y136.907 E2345.29636
G0 F7200 X173.989 Y136.937
G1 F1500 X174.355 Y137.303 E2345.30712
G0 F7200 X174.614 Y137.279
G1 F1500 X174.242 Y136.907 E2345.31806
G0 F7200 X174.495 Y136.877
G1 F1500 X174.839 Y137.221 E2345.32817
G0 F7200 X175.057 Y137.156
G1 F1500 X174.748 Y136.847 E2345.33725
G0 F7200 X174.949 Y136.765
G1 F1500 X175.259 Y137.076 E2345.34638
G0 F7200 X175.462 Y136.996
G1 F1500 X175.146 Y136.679 E2345.35569
G0 F7200 X175.342 Y136.593
G1 F1500 X175.645 Y136.895 E2345.36458
G0 F7200 X175.825 Y136.793
G1 F1500 X175.539 Y136.506 E2345.373
G0 F7200 X175.698 Y136.383
G1 F1500 X175.987 Y136.672 E2345.3815
G0 F7200 X176.148 Y136.55
G1 F1500 X175.851 Y136.253 E2345.39023
G0 F7200 X176.003 Y136.122
G1 F1500 X176.291 Y136.41 E2345.3987
G0 F7200 X176.434 Y136.27
G1 F1500 X176.155 Y135.991 E2345.4069
G0 F7200 X176.286 Y135.84
G1 F1500 X176.568 Y136.121 E2345.41517
G0 F7200 X176.691 Y135.961
G1 F1500 X176.394 Y135.665 E2345.42389
G0 F7200 X176.503 Y135.491
G1 F1500 X176.807 Y135.795 E2345.43283
G0 F7200 X176.909 Y135.614
G1 F1500 X176.612 Y135.317 E2345.44156
G0 F7200 X176.712 Y135.134
G1 F1500 X177.011 Y135.433 E2345.45035
G0 F7200 X177.091 Y135.23
G1 F1500 X176.772 Y134.911 E2345.45973
G0 F7200 X176.832 Y134.688
G1 F1500 X177.169 Y135.026 E2345.46965
G0 F7200 X177.23 Y134.804
G1 F1500 X176.892 Y134.466 E2345.47958
G0 F7200 X176.923 Y134.214
G1 F1500 X177.282 Y134.573 E2345.49014
G0 F7200 X177.314 Y134.322
G1 F1500 X176.925 Y133.933 E2345.50157
G0 F7200 X176.942 Y133.667
G1 F1500 X177.336 Y134.061 E2345.51316
G0 F7200 X177.339 Y133.781
G1 F1500 X177.193 Y133.635 E2345.51745
G0 F7200 X177.077 Y106.367
G1 F1500 X176.923 Y106.212 E2345.52199
G0 F7200 X176.924 Y105.93
G1 F1500 X177.339 Y106.346 E2345.53421
G0 F7200 X177.339 Y106.063
G1 F1500 X176.913 Y105.637 E2345.54673
G0 F7200 X176.821 Y105.262
G1 F1500 X177.325 Y105.766 E2345.56155
G0 F7200 X177.281 Y105.439
G1 F1500 X176.72 Y104.878 E2345.57804
G0 F7200 X177.031 Y104.624
G1 F1500 X175.37 Y102.963 E2345.62687
G0 F7200 X175.123 Y103.281
G1 F1500 X174.555 Y102.713 E2345.64357
G0 F7200 X174.238 Y102.678
G1 F1500 X174.735 Y103.176 E2345.65819
G0 F7200 X174.366 Y103.09
G1 F1500 X173.936 Y102.66 E2345.67083
G0 F7200 X173.654 Y102.66
G1 F1500 X174.067 Y103.073 E2345.68298
G0 F7200 X173.792 Y103.082
G1 F1500 X173.62 Y102.909 E2345.68805
G0 F7200 X174.92 Y102.795
G1 F1500 X175.8 Y103.675 E2345.71392
G0 F7200 X176.066 Y103.941
G1 F1500 X177.196 Y105.071 E2345.74714
G0 F7200 X176.588 Y103.898
G1 F1500 X176.139 Y103.449 E2345.76034
G1 F2400 E2342.76034
;MESH:NONMESH
G0 F600 X176.139 Y103.449 Z2.65
G0 F7200 X176.406 Y105.747
G0 X176.22 Y106.965
G0 X175.396 Y107.957
G0 X173.37 Y108.958
;TIME_ELAPSED:2025.515130
;LAYER:9
;TYPE:WALL-INNER
;MESH:Case3D_Sensor-Tampa.stl
G1 F2400 E2345.76034
G1 F3000 X173.952 Y109.028 E2345.78471
G1 X174.526 Y108.984 E2345.80864
G1 X175.13 Y108.815 E2345.83472
G1 X175.847 Y108.404 E2345.86908
G1 X176.319 Y107.952 E2345.89625
G1 X176.66 Y107.449 E2345.92151
G1 X176.903 Y106.874 E2345.94746
G1 X177.033 Y106.053 E2345.98202
G1 X176.969 Y105.404 E2346.00914
G1 X176.787 Y104.802 E2346.03528
G1 X176.355 Y104.09 E2346.06991
G1 X175.855 Y103.602 E2346.09895
G1 X175.156 Y103.196 E2346.13256
G1 X174.528 Y103.016 E2346.15972
G1 X173.902 Y102.968 E2346.18583
G1 X173.083 Y103.108 E2346.22037
G1 X172.488 Y103.377 E2346.24752
G1 X171.998 Y103.726 E2346.27253
G1 X171.585 Y104.166 E2346.29762
G1 X171.257 Y104.705 E2346.32385
G1 X171.009 Y105.496 E2346.35831
G1 X170.972 Y106.153 E2346.38567
G1 X171.077 Y106.797 E2346.4128
G1 X171.385 Y107.536 E2346.44609
G1 X171.778 Y108.059 E2346.47328
G1 X172.232 Y108.459 E2346.49844
G1 X172.752 Y108.761 E2346.52344
G1 X173.33 Y108.954 E2346.54878
G1 X173.37 Y108.958 E2346.55045
G0 F7200 X173.418 Y108.562
G1 F3000 X173.96 Y108.626 E2346.57314
G1 X174.456 Y108.588 E2346.59382
G1 X174.974 Y108.443 E2346.61618
G1 X175.606 Y108.081 E2346.64646
G1 X176.012 Y107.692 E2346.66984
G1 X176.307 Y107.257 E2346.69169
G1 X176.516 Y106.763 E2346.71399
G1 X176.63 Y106.041 E2346.74438
G1 X176.575 Y105.482 E2346.76773
G1 X176.419 Y104.966 E2346.79015
G1 X176.039 Y104.341 E2346.82056
G1 X175.611 Y103.923 E2346.84543
G1 X174.998 Y103.567 E2346.8749
G1 X174.457 Y103.412 E2346.8983
G1 X173.921 Y103.371 E2346.92065
G1 X173.201 Y103.494 E2346.95101
G1 X172.688 Y103.725 E2346.97441
G1 X172.263 Y104.029 E2346.99613
G1 X171.905 Y104.41 E2347.01787
G1 X171.624 Y104.871 E2347.04031
G1 X171.406 Y105.568 E2347.07067
G1 X171.374 Y106.132 E2347.09416
G1 X171.464 Y106.686 E2347.11749
G1 X171.735 Y107.336 E2347.14677
G1 X172.073 Y107.786 E2347.17017
G1 X172.467 Y108.133 E2347.192
G1 X172.918 Y108.395 E2347.21368
G1 X173.418 Y108.562 E2347.2356
G0 F7200 X173.506 Y108.17
;TYPE:WALL-OUTER
G1 F1500 X173.968 Y108.224 E2347.25494
G1 X174.386 Y108.192 E2347.27237
G1 X174.818 Y108.071 E2347.29102
G1 X175.365 Y107.758 E2347.31722
G1 X175.705 Y107.432 E2347.3368
G1 X175.954 Y107.065 E2347.35524
G1 X176.129 Y106.652 E2347.37389
G1 X176.227 Y106.029 E2347.40011
G1 X176.181 Y105.56 E2347.4197
G1 X176.051 Y105.131 E2347.43834
G1 X175.723 Y104.592 E2347.46457
G1 X175.367 Y104.244 E2347.48527
G1 X174.84 Y103.938 E2347.51061
G1 X174.386 Y103.808 E2347.53024
G1 X173.94 Y103.774 E2347.54884
G1 X173.318 Y103.88 E2347.57507
G1 X172.888 Y104.073 E2347.59466
G1 X172.528 Y104.331 E2347.61308
G1 X172.225 Y104.654 E2347.63149
G1 X171.991 Y105.037 E2347.65015
G1 X171.803 Y105.64 E2347.67641
G1 X171.776 Y106.111 E2347.69602
G1 X171.851 Y106.576 E2347.71561
G1 X172.085 Y107.136 E2347.74084
G1 X172.368 Y107.513 E2347.76044
G1 X172.702 Y107.807 E2347.77894
G1 X173.084 Y108.029 E2347.79731
G1 X173.506 Y108.17 E2347.8158
G0 F7200 X173.411 Y108.599
G0 X173.397 Y108.659
G0 X171.334 Y133.867
G0 X171.578 Y135.119
G0 X173.375 Y136.966
;TYPE:WALL-INNER
G1 F3000 X174.2 Y137.028 E2347.8502
G1 X175.085 Y136.833 E2347.88788
G1 X175.687 Y136.518 E2347.91613
G1 X176.289 Y135.989 E2347.94944
G1 X176.674 Y135.435 E2347.97749
G1 X176.963 Y134.648 E2348.01235
G1 X176.967 Y134.597 E2348.01447
G1 X177.031 Y133.953 E2348.04138
G1 X176.911 Y133.152 E2348.07505
G1 X176.639 Y132.509 E2348.10408
G1 X176.15 Y131.861 E2348.13783
G1 X175.604 Y131.428 E2348.1668
G1 X174.871 Y131.095 E2348.20028
G1 X174.229 Y130.979 E2348.2274
G1 X173.6 Y130.993 E2348.25356
G1 X172.798 Y131.215 E2348.28815
G1 X172.193 Y131.567 E2348.31725
G1 X171.615 Y132.127 E2348.35071
G1 X171.273 Y132.681 E2348.37778
G1 X171.26 Y132.718 E2348.37941
G1 X171.064 Y133.248 E2348.4029
G1 X170.971 Y133.848 E2348.42815
G1 X171.005 Y134.477 E2348.45434
G1 X171.246 Y135.267 E2348.48868
G1 X171.594 Y135.846 E2348.51676
G1 X172.187 Y136.431 E2348.55139
G1 X172.754 Y136.763 E2348.57871
G1 X173.375 Y136.966 E2348.60587
G0 F7200 X173.453 Y136.571
G1 F3000 X174.171 Y136.625 E2348.63581
G1 X174.947 Y136.454 E2348.66884
G1 X175.459 Y136.186 E2348.69287
G1 X175.988 Y135.721 E2348.72215
G1 X176.316 Y135.249 E2348.74605
G1 X176.57 Y134.558 E2348.77666
G1 X176.628 Y133.963 E2348.80151
G1 X176.523 Y133.261 E2348.83102
G1 X176.29 Y132.71 E2348.85589
G1 X175.862 Y132.143 E2348.88543
G1 X175.394 Y131.772 E2348.91026
G1 X174.751 Y131.48 E2348.93962
G1 X174.198 Y131.38 E2348.96298
G1 X173.659 Y131.392 E2348.9854
G1 X172.954 Y131.587 E2349.01581
G1 X172.436 Y131.888 E2349.04072
G1 X171.929 Y132.38 E2349.07009
G1 X171.634 Y132.857 E2349.0934
G1 X171.453 Y133.349 E2349.1152
G1 X171.373 Y133.868 E2349.13703
G1 X171.402 Y134.407 E2349.15947
G1 X171.614 Y135.103 E2349.18972
G1 X171.911 Y135.597 E2349.21369
G1 X172.432 Y136.111 E2349.24411
G1 X172.919 Y136.396 E2349.26757
G1 X173.453 Y136.571 E2349.29094
G0 F7200 X173.532 Y136.176
;TYPE:WALL-OUTER
G1 F1500 X174.142 Y136.222 E2349.31637
G1 X174.809 Y136.075 E2349.34477
G1 X175.231 Y135.854 E2349.36457
G1 X175.687 Y135.453 E2349.38982
G1 X175.958 Y135.063 E2349.40956
G1 X176.177 Y134.468 E2349.43592
G1 X176.225 Y133.973 E2349.4566
G1 X176.135 Y133.37 E2349.48194
G1 X175.941 Y132.911 E2349.50266
G1 X175.574 Y132.425 E2349.52798
G1 X175.184 Y132.116 E2349.54867
G1 X174.631 Y131.865 E2349.57392
G1 X174.167 Y131.781 E2349.59352
G1 X173.718 Y131.791 E2349.61219
G1 X173.11 Y131.959 E2349.63842
G1 X172.679 Y132.209 E2349.65913
G1 X172.243 Y132.633 E2349.68442
G1 X171.995 Y133.033 E2349.70398
G1 X171.842 Y133.449 E2349.72241
G1 X171.775 Y133.888 E2349.74088
G1 X171.799 Y134.337 E2349.75957
G1 X171.982 Y134.939 E2349.78573
G1 X172.228 Y135.348 E2349.80557
G1 X172.677 Y135.791 E2349.8318
G1 X173.084 Y136.029 E2349.8514
G1 X173.532 Y136.176 E2349.871
G0 F7200 X173.447 Y136.607
G0 X173.434 Y136.669
G0 X139.8 Y125.023
;TYPE:WALL-INNER
G1 F3000 X140.6 Y125.003 E2349.90427
G1 X141.393 Y124.903 E2349.9375
G1 X142.116 Y124.741 E2349.9683
G1 X142.931 Y124.472 E2350.00399
G1 X143.662 Y124.141 E2350.03735
G1 X144.353 Y123.743 E2350.0705
G1 X144.956 Y123.311 E2350.10134
G1 X145.557 Y122.789 E2350.13444
G1 X146.106 Y122.208 E2350.16767
G1 X146.594 Y121.572 E2350.201
G1 X147.017 Y120.893 E2350.23426
G1 X147.393 Y120.121 E2350.26996
G1 X147.399 Y120.103 E2350.27075
G1 X147.65 Y119.424 E2350.30084
G1 X147.86 Y118.613 E2350.33567
G1 X147.866 Y118.592 E2350.33658
G1 X147.985 Y117.799 E2350.36992
G1 X148.023 Y117.061 E2350.40064
G1 X147.991 Y116.267 E2350.43368
G1 X147.879 Y115.473 E2350.46702
G1 X147.688 Y114.695 E2350.50032
G1 X147.419 Y113.941 E2350.53361
G1 X147.078 Y113.217 E2350.56688
G1 X146.664 Y112.532 E2350.60015
G1 X146.188 Y111.891 E2350.63335
G1 X145.649 Y111.301 E2350.66657
G1 X145.053 Y110.766 E2350.69987
G1 X144.407 Y110.293 E2350.73316
G1 X143.719 Y109.889 E2350.76633
G1 X142.991 Y109.553 E2350.79966
G1 X142.236 Y109.293 E2350.83286
G1 X141.457 Y109.108 E2350.86615
G1 X140.664 Y109.003 E2350.89941
G1 X139.864 Y108.977 E2350.93268
G1 X139.067 Y109.029 E2350.96589
G1 X138.277 Y109.162 E2350.9992
G1 X137.504 Y109.372 E2351.0325
G1 X136.757 Y109.66 E2351.06578
G1 X136.042 Y110.019 E2351.09905
G1 X135.365 Y110.448 E2351.13237
G1 X134.738 Y110.942 E2351.16555
G1 X134.161 Y111.495 E2351.19878
G1 X133.642 Y112.104 E2351.23205
G1 X133.186 Y112.76 E2351.26526
G1 X132.796 Y113.461 E2351.29861
G1 X132.482 Y114.195 E2351.33181
G1 X132.239 Y114.958 E2351.3651
G1 X132.073 Y115.741 E2351.39837
G1 X131.988 Y116.536 E2351.43162
G1 X131.982 Y117.336 E2351.46488
G1 X132.056 Y118.132 E2351.49811
G1 X132.207 Y118.919 E2351.53143
G1 X132.438 Y119.685 E2351.56469
G1 X132.743 Y120.424 E2351.59793
G1 X133.118 Y121.13 E2351.63117
G1 X133.564 Y121.796 E2351.66449
G1 X134.075 Y122.411 E2351.69773
G1 X134.643 Y122.974 E2351.73098
G1 X135.264 Y123.478 E2351.76423
G1 X135.934 Y123.919 E2351.79758
G1 X136.696 Y124.315 E2351.83329
G1 X137.386 Y124.587 E2351.86412
G1 X138.153 Y124.81 E2351.89733
G1 X138.998 Y124.963 E2351.93303
G1 X139.8 Y125.023 E2351.96647
G0 F7200 X139.81 Y124.623
G1 F3000 X140.57 Y124.604 E2351.99807
G1 X141.324 Y124.509 E2352.02967
G1 X142.009 Y124.355 E2352.05886
G1 X142.785 Y124.099 E2352.09283
G1 X143.479 Y123.785 E2352.1245
G1 X144.136 Y123.406 E2352.15604
G1 X144.708 Y122.997 E2352.18527
G1 X145.28 Y122.5 E2352.21677
G1 X145.801 Y121.948 E2352.24833
G1 X146.265 Y121.344 E2352.28
G1 X146.667 Y120.699 E2352.3116
G1 X147.025 Y119.964 E2352.34559
G1 X147.268 Y119.304 E2352.37483
G1 X147.474 Y118.512 E2352.40885
G1 X147.587 Y117.759 E2352.44051
G1 X147.623 Y117.059 E2352.46965
G1 X147.592 Y116.303 E2352.5011
G1 X147.486 Y115.549 E2352.53276
G1 X147.304 Y114.81 E2352.5644
G1 X147.049 Y114.094 E2352.596
G1 X146.725 Y113.406 E2352.62762
G1 X146.332 Y112.755 E2352.65923
G1 X145.879 Y112.146 E2352.69079
G1 X145.367 Y111.585 E2352.72237
G1 X144.801 Y111.077 E2352.75399
G1 X144.187 Y110.628 E2352.78561
G1 X143.533 Y110.244 E2352.81714
G1 X142.842 Y109.925 E2352.84878
G1 X142.124 Y109.678 E2352.88035
G1 X141.384 Y109.502 E2352.91197
G1 X140.631 Y109.402 E2352.94355
G1 X139.871 Y109.377 E2352.97517
G1 X139.113 Y109.427 E2353.00675
G1 X138.363 Y109.553 E2353.03837
G1 X137.629 Y109.753 E2353.07
G1 X136.919 Y110.026 E2353.10162
G1 X136.239 Y110.367 E2353.13325
G1 X135.597 Y110.775 E2353.16488
G1 X135.001 Y111.244 E2353.19641
G1 X134.452 Y111.77 E2353.22802
G1 X133.959 Y112.348 E2353.2596
G1 X133.526 Y112.972 E2353.29118
G1 X133.156 Y113.637 E2353.32282
G1 X132.857 Y114.335 E2353.35439
G1 X132.626 Y115.06 E2353.38602
G1 X132.469 Y115.804 E2353.41763
G1 X132.388 Y116.559 E2353.4492
G1 X132.382 Y117.319 E2353.4808
G1 X132.452 Y118.076 E2353.51241
G1 X132.596 Y118.823 E2353.54404
G1 X132.815 Y119.551 E2353.57564
G1 X133.105 Y120.253 E2353.60722
G1 X133.462 Y120.924 E2353.63882
G1 X133.885 Y121.556 E2353.67044
G1 X134.37 Y122.141 E2353.70203
G1 X134.91 Y122.676 E2353.73364
G1 X135.501 Y123.155 E2353.76526
G1 X136.137 Y123.574 E2353.79693
G1 X136.862 Y123.95 E2353.83088
G1 X137.516 Y124.208 E2353.86011
G1 X138.245 Y124.42 E2353.89168
G1 X139.049 Y124.566 E2353.92565
G1 X139.81 Y124.623 E2353.95738
G0 F7200 X139.82 Y124.223
;TYPE:WALL-OUTER
G1 F1500 X140.54 Y124.205 E2353.98732
G1 X141.255 Y124.115 E2354.01728
G1 X141.902 Y123.969 E2354.04486
G1 X142.64 Y123.726 E2354.07716
G1 X143.296 Y123.429 E2354.1071
G1 X143.919 Y123.069 E2354.13701
G1 X144.46 Y122.683 E2354.16464
G1 X145.003 Y122.211 E2354.19455
G1 X145.496 Y121.688 E2354.22444
G1 X145.936 Y121.116 E2354.25444
G1 X146.317 Y120.505 E2354.28438
G1 X146.657 Y119.807 E2354.31665
G1 X146.886 Y119.184 E2354.34425
G1 X147.082 Y118.432 E2354.37656
G1 X147.189 Y117.719 E2354.40653
G1 X147.223 Y117.057 E2354.43409
G1 X147.193 Y116.339 E2354.46397
G1 X147.093 Y115.625 E2354.49394
G1 X146.92 Y114.925 E2354.52392
G1 X146.679 Y114.247 E2354.55384
G1 X146.372 Y113.595 E2354.5838
G1 X146 Y112.978 E2354.61375
G1 X145.57 Y112.401 E2354.64367
G1 X145.085 Y111.869 E2354.6736
G1 X144.549 Y111.388 E2354.70354
G1 X143.967 Y110.963 E2354.7335
G1 X143.347 Y110.599 E2354.76339
G1 X142.693 Y110.297 E2354.79334
G1 X142.012 Y110.063 E2354.82328
G1 X141.311 Y109.896 E2354.85324
G1 X140.598 Y109.801 E2354.88315
G1 X139.878 Y109.777 E2354.9131
G1 X139.159 Y109.825 E2354.94306
G1 X138.449 Y109.944 E2354.97299
G1 X137.754 Y110.134 E2355.00294
G1 X137.081 Y110.392 E2355.03291
G1 X136.437 Y110.715 E2355.06286
G1 X135.829 Y111.102 E2355.09282
G1 X135.264 Y111.546 E2355.1227
G1 X134.743 Y112.045 E2355.15269
G1 X134.276 Y112.592 E2355.18259
G1 X133.866 Y113.184 E2355.21253
G1 X133.516 Y113.814 E2355.2425
G1 X133.232 Y114.475 E2355.27241
G1 X133.013 Y115.162 E2355.30239
G1 X132.865 Y115.867 E2355.33233
G1 X132.788 Y116.582 E2355.36223
G1 X132.782 Y117.302 E2355.39217
G1 X132.848 Y118.02 E2355.42214
G1 X132.985 Y118.727 E2355.45209
G1 X133.192 Y119.417 E2355.48203
G1 X133.467 Y120.082 E2355.51195
G1 X133.806 Y120.718 E2355.54192
G1 X134.206 Y121.317 E2355.57186
G1 X134.665 Y121.871 E2355.60177
G1 X135.177 Y122.378 E2355.63173
G1 X135.737 Y122.832 E2355.6617
G1 X136.339 Y123.228 E2355.69166
G1 X137.028 Y123.585 E2355.72392
G1 X137.646 Y123.829 E2355.75155
G1 X138.337 Y124.03 E2355.78147
G1 X139.1 Y124.169 E2355.81371
G1 X139.82 Y124.223 E2355.84373
G0 F7200 X139.81 Y124.662
G0 X139.808 Y124.722
G0 X138.236 Y124.458
G0 X136.985 Y124.034
G0 X107.13 Y108.815
;TYPE:WALL-INNER
G1 F3000 X107.847 Y108.404 E2355.87809
G1 X108.319 Y107.952 E2355.90526
G1 X108.66 Y107.449 E2355.93052
G1 X108.903 Y106.874 E2355.95647
G1 X109.033 Y106.053 E2355.99103
G1 X108.969 Y105.404 E2356.01815
G1 X108.787 Y104.802 E2356.04429
G1 X108.355 Y104.09 E2356.07892
G1 X107.855 Y103.602 E2356.10796
G1 X107.156 Y103.196 E2356.14157
G1 X106.528 Y103.016 E2356.16873
G1 X105.902 Y102.968 E2356.19484
G1 X105.083 Y103.108 E2356.22938
G1 X104.488 Y103.377 E2356.25653
G1 X103.998 Y103.726 E2356.28154
G1 X103.585 Y104.166 E2356.30663
G1 X103.257 Y104.705 E2356.33286
G1 X103.009 Y105.496 E2356.36732
G1 X102.972 Y106.153 E2356.39468
G1 X103.077 Y106.797 E2356.42181
G1 X103.385 Y107.536 E2356.4551
G1 X103.778 Y108.059 E2356.48229
G1 X104.232 Y108.459 E2356.50745
G1 X104.752 Y108.761 E2356.53245
G1 X105.33 Y108.954 E2356.55779
G1 X105.37 Y108.958 E2356.55946
G1 X105.952 Y109.028 E2356.58383
G1 X106.526 Y108.984 E2356.60776
G1 X107.13 Y108.815 E2356.63384
G0 F7200 X106.974 Y108.443
G1 F3000 X107.606 Y108.081 E2356.66412
G1 X108.012 Y107.692 E2356.6875
G1 X108.307 Y107.257 E2356.70935
G1 X108.516 Y106.763 E2356.73165
G1 X108.63 Y106.041 E2356.76204
G1 X108.575 Y105.482 E2356.78539
G1 X108.419 Y104.966 E2356.8078
G1 X108.039 Y104.341 E2356.83821
G1 X107.611 Y103.923 E2356.86308
G1 X106.998 Y103.567 E2356.89256
G1 X106.457 Y103.412 E2356.91595
G1 X105.921 Y103.371 E2356.9383
G1 X105.201 Y103.494 E2356.96867
G1 X104.688 Y103.725 E2356.99206
G1 X104.263 Y104.029 E2357.01378
G1 X103.905 Y104.41 E2357.03552
G1 X103.624 Y104.871 E2357.05797
G1 X103.406 Y105.568 E2357.08833
G1 X103.374 Y106.132 E2357.11182
G1 X103.464 Y106.686 E2357.13515
G1 X103.735 Y107.336 E2357.16443
G1 X104.073 Y107.786 E2357.18783
G1 X104.467 Y108.133 E2357.20965
G1 X104.918 Y108.395 E2357.23134
G1 X105.418 Y108.562 E2357.25326
G1 X105.96 Y108.626 E2357.27595
G1 X106.456 Y108.588 E2357.29663
G1 X106.974 Y108.443 E2357.31899
G0 F7200 X106.818 Y108.071
;TYPE:WALL-OUTER
G1 F1500 X107.365 Y107.758 E2357.34519
G1 X107.705 Y107.432 E2357.36478
G1 X107.954 Y107.065 E2357.38321
G1 X108.129 Y106.652 E2357.40186
G1 X108.227 Y106.029 E2357.42808
G1 X108.181 Y105.56 E2357.44768
G1 X108.051 Y105.131 E2357.46631
G1 X107.723 Y104.592 E2357.49254
G1 X107.367 Y104.244 E2357.51324
G1 X106.84 Y103.938 E2357.53858
G1 X106.386 Y103.808 E2357.55821
G1 X105.94 Y103.774 E2357.57681
G1 X105.318 Y103.88 E2357.60304
G1 X104.888 Y104.073 E2357.62264
G1 X104.528 Y104.331 E2357.64105
G1 X104.225 Y104.654 E2357.65946
G1 X103.991 Y105.037 E2357.67812
G1 X103.803 Y105.64 E2357.70438
G1 X103.776 Y106.111 E2357.724
G1 X103.851 Y106.576 E2357.74358
G1 X104.085 Y107.136 E2357.76881
G1 X104.368 Y107.513 E2357.78841
G1 X104.702 Y107.807 E2357.80691
G1 X105.084 Y108.029 E2357.82528
G1 X105.506 Y108.17 E2357.84378
G1 X105.968 Y108.224 E2357.86311
G1 X106.386 Y108.192 E2357.88054
G1 X106.818 Y108.071 E2357.8992
G0 F7200 X106.987 Y108.476
G0 X107.012 Y108.535
G0 X108.667 Y133.962
G0 X108.351 Y135.267
G0 X107.085 Y136.833
;TYPE:WALL-INNER
G1 F3000 X107.687 Y136.518 E2357.92744
G1 X108.289 Y135.989 E2357.96076
G1 X108.674 Y135.435 E2357.98881
G1 X108.963 Y134.648 E2358.02367
G1 X108.967 Y134.597 E2358.02579
G1 X109.031 Y133.953 E2358.0527
G1 X108.911 Y133.152 E2358.08637
G1 X108.639 Y132.509 E2358.1154
G1 X108.15 Y131.861 E2358.14915
G1 X107.604 Y131.428 E2358.17812
G1 X106.871 Y131.095 E2358.21159
G1 X106.229 Y130.979 E2358.23872
G1 X105.6 Y130.993 E2358.26487
G1 X104.798 Y131.215 E2358.29947
G1 X104.193 Y131.567 E2358.32857
G1 X103.615 Y132.127 E2358.36203
G1 X103.273 Y132.681 E2358.3891
G1 X103.26 Y132.718 E2358.39073
G1 X103.064 Y133.248 E2358.41422
G1 X102.971 Y133.848 E2358.43947
G1 X103.005 Y134.477 E2358.46565
G1 X103.246 Y135.267 E2358.49999
G1 X103.594 Y135.846 E2358.52808
G1 X104.187 Y136.431 E2358.56271
G1 X104.754 Y136.763 E2358.59003
G1 X105.375 Y136.966 E2358.61719
G1 X106.2 Y137.028 E2358.65159
G1 X107.085 Y136.833 E2358.68926
G0 F7200 X106.947 Y136.454
G1 F3000 X107.459 Y136.186 E2358.71329
G1 X107.988 Y135.721 E2358.74257
G1 X108.316 Y135.249 E2358.76647
G1 X108.57 Y134.558 E2358.79708
G1 X108.628 Y133.963 E2358.82193
G1 X108.523 Y133.261 E2358.85144
G1 X108.29 Y132.71 E2358.87631
G1 X107.862 Y132.143 E2358.90585
G1 X107.394 Y131.772 E2358.93068
G1 X106.751 Y131.48 E2358.96004
G1 X106.198 Y131.38 E2358.9834
G1 X105.659 Y131.392 E2359.00582
G1 X104.954 Y131.587 E2359.03623
G1 X104.436 Y131.888 E2359.06113
G1 X103.929 Y132.38 E2359.09051
G1 X103.634 Y132.857 E2359.11382
G1 X103.453 Y133.349 E2359.13562
G1 X103.373 Y133.868 E2359.15745
G1 X103.402 Y134.407 E2359.17989
G1 X103.614 Y135.103 E2359.21014
G1 X103.911 Y135.597 E2359.23411
G1 X104.432 Y136.111 E2359.26453
G1 X104.919 Y136.396 E2359.28799
G1 X105.453 Y136.571 E2359.31136
G1 X106.171 Y136.625 E2359.34129
G1 X106.947 Y136.454 E2359.37433
G0 F7200 X106.809 Y136.075
;TYPE:WALL-OUTER
G1 F1500 X107.231 Y135.854 E2359.39413
G1 X107.687 Y135.453 E2359.41938
G1 X107.958 Y135.063 E2359.43912
G1 X108.177 Y134.468 E2359.46548
G1 X108.225 Y133.973 E2359.48616
G1 X108.135 Y133.37 E2359.51151
G1 X107.941 Y132.911 E2359.53222
G1 X107.574 Y132.425 E2359.55754
G1 X107.184 Y132.116 E2359.57823
G1 X106.631 Y131.865 E2359.60348
G1 X106.167 Y131.781 E2359.62308
G1 X105.718 Y131.791 E2359.64176
G1 X105.11 Y131.959 E2359.66798
G1 X104.679 Y132.209 E2359.6887
G1 X104.243 Y132.633 E2359.71398
G1 X103.995 Y133.033 E2359.73355
G1 X103.842 Y133.449 E2359.75198
G1 X103.775 Y133.888 E2359.77044
G1 X103.799 Y134.337 E2359.78913
G1 X103.982 Y134.939 E2359.81529
G1 X104.228 Y135.348 E2359.83513
G1 X104.677 Y135.791 E2359.86136
G1 X105.084 Y136.029 E2359.88096
G1 X105.532 Y136.176 E2359.90056
G1 X106.142 Y136.222 E2359.926
G1 X106.809 Y136.075 E2359.95439
G0 F7200 X106.959 Y136.488
G0 X106.981 Y136.547
G0 X174.149 Y137.495
;TYPE:WALL-INNER
G1 F3000 X173.975 Y137.5 E2359.96163
G1 X106.005 Y137.5 E2362.78749
G1 X105.482 Y137.459 E2362.8093
G1 X104.991 Y137.349 E2362.83022
G1 X104.505 Y137.162 E2362.85187
G1 X104.055 Y136.907 E2362.87338
G1 X103.658 Y136.597 E2362.89432
G1 X103.293 Y136.214 E2362.91631
G1 X102.999 Y135.797 E2362.93753
G1 X102.779 Y135.362 E2362.95779
G1 X102.647 Y134.994 E2362.97405
G1 X102.541 Y134.51 E2362.99465
G1 X102.5 Y133.966 E2363.01733
G1 X102.5 Y106.003 E2364.17989
G1 X102.541 Y105.484 E2364.20154
G1 X102.653 Y104.987 E2364.22272
G1 X102.838 Y104.505 E2364.24418
G1 X103.093 Y104.055 E2364.26569
G1 X103.403 Y103.658 E2364.28663
G1 X103.786 Y103.293 E2364.30862
G1 X104.202 Y103.001 E2364.32976
G1 X104.658 Y102.771 E2364.35099
G1 X105.156 Y102.607 E2364.37279
G1 X106.024 Y102.5 E2364.40915
G1 X173.995 Y102.5 E2367.23505
G1 X174.518 Y102.541 E2367.25686
G1 X175.009 Y102.651 E2367.27778
G1 X175.495 Y102.838 E2367.29943
G1 X175.945 Y103.093 E2367.32094
G1 X176.342 Y103.403 E2367.34188
G1 X176.707 Y103.786 E2367.36387
G1 X176.999 Y104.202 E2367.385
G1 X177.229 Y104.658 E2367.40624
G1 X177.393 Y105.156 E2367.42804
G1 X177.5 Y106.011 E2367.46386
G1 X177.5 Y133.997 E2368.62738
G1 X177.459 Y134.518 E2368.64911
G1 X177.349 Y135.009 E2368.67003
G1 X177.162 Y135.495 E2368.69168
G1 X176.907 Y135.944 E2368.71315
G1 X176.613 Y136.322 E2368.73306
G1 X176.235 Y136.689 E2368.75496
G1 X175.918 Y136.924 E2368.77137
G1 X175.522 Y137.148 E2368.79028
G1 X175.034 Y137.34 E2368.81208
G1 X174.664 Y137.433 E2368.82795
G1 X174.149 Y137.495 E2368.84951
G0 F7200 X174.176 Y137.895
G1 F3000 X173.985 Y137.9 E2368.85745
G1 X105.987 Y137.9 E2371.68448
G1 X105.427 Y137.856 E2371.70784
G1 X104.873 Y137.732 E2371.73144
G1 X104.333 Y137.524 E2371.7555
G1 X103.833 Y137.241 E2371.77938
G1 X103.385 Y136.891 E2371.80302
G1 X102.985 Y136.471 E2371.82713
G1 X102.654 Y136.001 E2371.85103
G1 X102.41 Y135.519 E2371.87349
G1 X102.262 Y135.106 E2371.89173
G1 X102.144 Y134.57 E2371.91455
G1 X102.1 Y133.983 E2371.93902
G1 X102.1 Y105.985 E2373.10305
G1 X102.144 Y105.427 E2373.12632
G1 X102.269 Y104.871 E2373.15001
G1 X102.476 Y104.333 E2373.17398
G1 X102.759 Y103.833 E2373.19786
G1 X103.109 Y103.385 E2373.2215
G1 X103.529 Y102.985 E2373.24561
G1 X103.996 Y102.657 E2373.26934
G1 X104.478 Y102.415 E2373.29176
G1 X104.506 Y102.4 E2373.29308
G1 X105.058 Y102.218 E2373.31725
G1 X105.593 Y102.125 E2373.33982
G1 X106.017 Y102.1 E2373.35748
G1 X174.013 Y102.1 E2376.18443
G1 X174.573 Y102.144 E2376.20778
G1 X175.127 Y102.268 E2376.23138
G1 X175.667 Y102.476 E2376.25544
G1 X176.167 Y102.759 E2376.27933
G1 X176.615 Y103.109 E2376.30296
G1 X177.015 Y103.529 E2376.32708
G1 X177.343 Y103.996 E2376.3508
G1 X177.585 Y104.478 E2376.37323
G1 X177.6 Y104.506 E2376.37455
G1 X177.782 Y105.058 E2376.39871
G1 X177.875 Y105.593 E2376.42129
G1 X177.898 Y105.987 E2376.4377
G1 X177.9 Y106.011 E2376.4387
G1 X177.9 Y134.015 E2377.60297
G1 X177.856 Y134.573 E2377.62624
G1 X177.732 Y135.127 E2377.64984
G1 X177.524 Y135.667 E2377.6739
G1 X177.241 Y136.166 E2377.69775
G1 X176.91 Y136.592 E2377.72018
G1 X176.494 Y136.996 E2377.74429
G1 X176.14 Y137.258 E2377.7626
G1 X175.694 Y137.51 E2377.7839
G1 X175.157 Y137.722 E2377.8079
G1 X174.737 Y137.827 E2377.8259
G1 X174.176 Y137.895 E2377.84939
G0 F7200 X174.203 Y138.295
;TYPE:WALL-OUTER
G1 F1500 X173.995 Y138.3 E2377.85804
G1 X105.969 Y138.3 E2380.68624
G1 X105.372 Y138.253 E2380.71113
G1 X104.755 Y138.115 E2380.73742
G1 X104.161 Y137.886 E2380.76389
G1 X103.612 Y137.575 E2380.79012
G1 X103.112 Y137.185 E2380.81648
G1 X102.677 Y136.728 E2380.84271
G1 X102.309 Y136.205 E2380.8693
G1 X102.041 Y135.676 E2380.89395
G1 X101.877 Y135.218 E2380.91418
G1 X101.747 Y134.63 E2380.93922
G1 X101.7 Y134 E2380.96548
G1 X101.7 Y105.966 E2382.131
G1 X101.747 Y105.372 E2382.15577
G1 X101.885 Y104.755 E2382.18206
G1 X102.114 Y104.161 E2382.20853
G1 X102.425 Y103.612 E2382.23476
G1 X102.815 Y103.112 E2382.26112
G1 X103.272 Y102.677 E2382.28735
G1 X103.79 Y102.313 E2382.31367
G1 X104.356 Y102.028 E2382.34002
G1 X104.958 Y101.829 E2382.36638
G1 X105.544 Y101.727 E2382.39111
G1 X106.011 Y101.7 E2382.41056
G1 X174.031 Y101.7 E2385.2385
G1 X174.628 Y101.747 E2385.2634
G1 X175.245 Y101.885 E2385.28968
G1 X175.839 Y102.114 E2385.31615
G1 X176.388 Y102.425 E2385.34238
G1 X176.888 Y102.815 E2385.36875
G1 X177.323 Y103.272 E2385.39498
G1 X177.687 Y103.79 E2385.4213
G1 X177.972 Y104.356 E2385.44765
G1 X178.171 Y104.958 E2385.47401
G1 X178.273 Y105.544 E2385.49874
G1 X178.3 Y106.011 E2385.51818
G1 X178.3 Y134.034 E2386.68324
G1 X178.253 Y134.628 E2386.70802
G1 X178.115 Y135.245 E2386.7343
G1 X177.886 Y135.839 E2386.76077
G1 X177.575 Y136.388 E2386.787
G1 X177.207 Y136.862 E2386.81195
G1 X176.753 Y137.303 E2386.83827
G1 X176.362 Y137.592 E2386.85848
G1 X175.866 Y137.872 E2386.88216
G1 X175.28 Y138.104 E2386.90836
G1 X174.81 Y138.221 E2386.9285
G1 X174.203 Y138.295 E2386.95392
G0 F7200 X174.172 Y137.857
G0 X174.165 Y137.795
G0 X172.576 Y137.11
;TYPE:SKIN
G1 F1500 X107.397 Y137.11 E2389.66375
G1 X107.909 Y136.842 E2389.68778
G1 X108.582 Y136.25 E2389.72504
G1 X109.023 Y135.616 E2389.75715
G1 X109.347 Y134.736 E2389.79614
G1 X109.423 Y133.943 E2389.82926
G1 X109.289 Y133.045 E2389.86701
G1 X108.98 Y132.312 E2389.90008
G1 X108.431 Y131.586 E2389.93792
G1 X107.809 Y131.093 E2389.97092
G1 X106.988 Y130.72 E2390.00841
G1 X106.26 Y130.589 E2390.03916
G1 X105.543 Y130.605 E2390.06898
G1 X104.646 Y130.852 E2390.10766
G1 X103.955 Y131.253 E2390.14087
G1 X103.309 Y131.881 E2390.17833
G1 X102.92 Y132.509 E2390.20904
G1 X102.89 Y132.59 E2390.21263
G1 X102.89 Y107.362 E2391.26149
G1 X103.044 Y107.731 E2391.27812
G1 X103.49 Y108.326 E2391.30903
G1 X104.004 Y108.777 E2391.33746
G1 X104.59 Y109.118 E2391.36565
G1 X105.244 Y109.336 E2391.39431
G1 X105.944 Y109.42 E2391.42362
G1 X106.594 Y109.37 E2391.45072
G1 X107.282 Y109.178 E2391.48042
G1 X108.083 Y108.718 E2391.51882
G1 X108.619 Y108.205 E2391.54967
G1 X109.005 Y107.636 E2391.57826
G1 X109.281 Y106.982 E2391.60777
G1 X109.426 Y106.065 E2391.64637
G1 X109.353 Y105.328 E2391.67716
G1 X109.146 Y104.642 E2391.70695
G1 X108.663 Y103.846 E2391.74566
G1 X108.093 Y103.29 E2391.77876
G1 X107.405 Y102.89 E2391.81185
G1 X172.619 Y102.89 E2394.52313
G1 X172.293 Y103.038 E2394.53802
G1 X171.74 Y103.431 E2394.56622
G1 X171.273 Y103.928 E2394.59458
G1 X170.899 Y104.543 E2394.6245
G1 X170.623 Y105.426 E2394.66296
G1 X170.58 Y106.174 E2394.69411
G1 X170.699 Y106.905 E2394.7249
G1 X171.044 Y107.731 E2394.76212
G1 X171.49 Y108.326 E2394.79304
G1 X172.004 Y108.777 E2394.82147
G1 X172.59 Y109.118 E2394.84965
G1 X173.244 Y109.336 E2394.87831
G1 X173.944 Y109.42 E2394.90763
G1 X174.594 Y109.37 E2394.93473
G1 X175.282 Y109.178 E2394.96443
G1 X176.083 Y108.718 E2395.00283
G1 X176.619 Y108.205 E2395.03367
G1 X177.005 Y107.636 E2395.06226
G1 X177.11 Y107.387 E2395.0735
G1 X177.11 Y132.62 E2396.12256
G1 X176.98 Y132.312 E2396.13646
G1 X176.431 Y131.586 E2396.1743
G1 X175.809 Y131.093 E2396.2073
G1 X174.988 Y130.72 E2396.24479
G1 X174.26 Y130.589 E2396.27554
G1 X173.543 Y130.605 E2396.30536
G1 X172.646 Y130.852 E2396.34404
G1 X171.955 Y131.253 E2396.37726
G1 X171.309 Y131.881 E2396.41471
G1 X170.92 Y132.509 E2396.44543
G1 X170.684 Y133.15 E2396.47382
G1 X170.579 Y133.829 E2396.50239
G1 X170.619 Y134.545 E2396.5322
G1 X170.887 Y135.427 E2396.57053
G1 X171.285 Y136.089 E2396.60264
G1 X171.947 Y136.743 E2396.64133
G1 X172.576 Y137.11 E2396.67161
G0 F7200 X147.359 Y121.082
G1 F1500 X147.752 Y120.275 E2396.70893
G1 X148.023 Y119.541 E2396.74146
G1 X148.248 Y118.67 E2396.77886
G1 X148.373 Y117.838 E2396.81384
G1 X148.413 Y117.063 E2396.8461
G1 X148.379 Y116.232 E2396.88068
G1 X148.263 Y115.399 E2396.91564
G1 X148.062 Y114.582 E2396.95062
G1 X147.78 Y113.792 E2396.9855
G1 X147.423 Y113.032 E2397.02041
G1 X146.988 Y112.314 E2397.05531
G1 X146.49 Y111.643 E2397.09005
G1 X145.924 Y111.024 E2397.12492
G1 X145.299 Y110.463 E2397.15984
G1 X144.622 Y109.967 E2397.19473
G1 X143.9 Y109.543 E2397.22954
G1 X143.137 Y109.19 E2397.26449
G1 X142.345 Y108.918 E2397.29931
G1 X141.528 Y108.724 E2397.33422
G1 X140.696 Y108.613 E2397.36912
G1 X139.858 Y108.587 E2397.40397
G1 X139.022 Y108.641 E2397.4388
G1 X138.193 Y108.78 E2397.47375
G1 X137.383 Y109.001 E2397.50866
G1 X136.599 Y109.303 E2397.54359
G1 X135.849 Y109.679 E2397.57847
G1 X135.139 Y110.13 E2397.61344
G1 X134.482 Y110.647 E2397.64819
G1 X133.877 Y111.227 E2397.68304
G1 X133.332 Y111.866 E2397.71796
G1 X132.855 Y112.553 E2397.75273
G1 X132.445 Y113.289 E2397.78775
G1 X132.116 Y114.059 E2397.82257
G1 X131.861 Y114.858 E2397.85744
G1 X131.687 Y115.68 E2397.89237
G1 X131.598 Y116.514 E2397.92724
G1 X131.592 Y117.353 E2397.96212
G1 X131.67 Y118.187 E2397.99695
G1 X131.828 Y119.012 E2398.03187
G1 X132.07 Y119.816 E2398.06678
G1 X132.39 Y120.59 E2398.1016
G1 X132.783 Y121.331 E2398.13647
G1 X133.252 Y122.03 E2398.17147
G1 X133.787 Y122.674 E2398.20627
G1 X134.382 Y123.265 E2398.24114
G1 X135.034 Y123.794 E2398.27605
G1 X135.737 Y124.256 E2398.31102
G1 X136.534 Y124.67 E2398.34836
G1 X137.259 Y124.956 E2398.38076
G1 X138.063 Y125.19 E2398.41558
G1 X138.949 Y125.351 E2398.45302
G1 X139.79 Y125.413 E2398.48807
G1 X140.629 Y125.393 E2398.52297
G1 X141.46 Y125.287 E2398.5578
G1 X142.22 Y125.117 E2398.59017
G1 X143.073 Y124.836 E2398.62751
G1 X143.84 Y124.488 E2398.66253
G1 X144.564 Y124.071 E2398.69726
G1 X145.198 Y123.617 E2398.72968
G1 X145.828 Y123.071 E2398.76434
G1 X146.403 Y122.461 E2398.7992
G1 X146.915 Y121.794 E2398.83416
G1 X147.359 Y121.082 E2398.86904
G0 F7200 X176.666 Y131.632
G1 F1500 X176.949 Y131.349 E2398.88568
G0 F7200 X176.385 Y131.347
G1 F1500 X176.949 Y130.783 E2398.91884
G0 F7200 X176.949 Y130.217
G1 F1500 X176.07 Y131.096 E2398.97052
G0 F7200 X175.722 Y130.879
G1 F1500 X176.949 Y129.652 E2399.04267
G0 F7200 X176.949 Y129.086
G1 F1500 X175.333 Y130.702 E2399.13768
G0 F7200 X174.924 Y130.546
G1 F1500 X176.949 Y128.52 E2399.25677
G0 F7200 X176.949 Y127.955
G1 F1500 X174.443 Y130.46 E2399.40409
G0 F7200 X173.9 Y130.437
G1 F1500 X176.949 Y127.389 E2399.58333
G0 F7200 X176.949 Y126.823
G1 F1500 X173.253 Y130.519 E2399.80064
G0 F7200 X172.394 Y130.813
G1 F1500 X176.949 Y126.258 E2400.06845
G0 F7200 X176.949 Y125.692
G1 F1500 X165.692 Y136.949 E2400.73032
G0 F7200 X166.257 Y136.949
G1 F1500 X170.782 Y132.424 E2400.99637
G0 F7200 X170.502 Y133.27
G1 F1500 X166.823 Y136.949 E2401.21269
G0 F7200 X167.389 Y136.949
G1 F1500 X170.422 Y133.916 E2401.39101
G0 F7200 X170.453 Y134.451
G1 F1500 X167.954 Y136.949 E2401.53792
G0 F7200 X168.52 Y136.949
G1 F1500 X170.561 Y134.908 E2401.65792
G0 F7200 X170.693 Y135.342
G1 F1500 X169.086 Y136.949 E2401.7524
G0 F7200 X169.651 Y136.949
G1 F1500 X170.878 Y135.723 E2401.82452
G0 F7200 X171.09 Y136.077
G1 F1500 X170.217 Y136.949 E2401.87582
G0 F7200 X170.783 Y136.949
G1 F1500 X171.351 Y136.381 E2401.90921
G0 F7200 X171.636 Y136.661
G1 F1500 X171.348 Y136.949 E2401.92615
G0 F7200 X165.126 Y136.949
G1 F1500 X176.949 Y125.126 E2402.62129
G0 F7200 X176.949 Y124.561
G1 F1500 X164.56 Y136.949 E2403.34969
G0 F7200 X163.995 Y136.949
G1 F1500 X176.949 Y123.995 E2404.11134
G0 F7200 X176.949 Y123.429
G1 F1500 X163.429 Y136.949 E2404.90626
G0 F7200 X162.863 Y136.949
G1 F1500 X176.949 Y122.864 E2405.73443
G0 F7200 X176.949 Y122.298
G1 F1500 X162.297 Y136.949 E2406.59589
G0 F7200 X161.732 Y136.949
G1 F1500 X176.949 Y121.732 E2407.49059
G0 F7200 X176.949 Y121.166
G1 F1500 X161.166 Y136.949 E2408.41857
G0 F7200 X160.6 Y136.949
G1 F1500 X176.949 Y120.601 E2409.3798
G0 F7200 X176.949 Y120.035
G1 F1500 X160.035 Y136.949 E2410.37427
G0 F7200 X159.469 Y136.949
G1 F1500 X176.949 Y119.469 E2411.40203
G0 F7200 X176.949 Y118.904
G1 F1500 X158.903 Y136.949 E2412.46304
G0 F7200 X158.338 Y136.949
G1 F1500 X176.949 Y118.338 E2413.55729
G0 F7200 X176.949 Y117.772
G1 F1500 X157.772 Y136.949 E2414.68483
G0 F7200 X157.206 Y136.949
G1 F1500 X176.949 Y117.207 E2415.84561
G0 F7200 X176.949 Y116.641
G1 F1500 X156.641 Y136.949 E2417.03964
G0 F7200 X156.075 Y136.949
G1 F1500 X176.949 Y116.075 E2418.26695
G0 F7200 X176.949 Y115.51
G1 F1500 X155.509 Y136.949 E2419.52752
G0 F7200 X154.944 Y136.949
G1 F1500 X176.949 Y114.944 E2420.82132
G0 F7200 X176.949 Y114.378
G1 F1500 X154.378 Y136.949 E2422.14841
G0 F7200 X153.812 Y136.949
G1 F1500 X176.949 Y113.813 E2423.50875
G0 F7200 X176.949 Y113.247
G1 F1500 X153.247 Y136.949 E2424.90234
G0 F7200 X152.681 Y136.949
G1 F1500 X176.949 Y112.681 E2426.3292
G0 F7200 X176.949 Y112.116
G1 F1500 X152.115 Y136.949 E2427.78932
G0 F7200 X151.549 Y136.949
G1 F1500 X176.949 Y111.55 E2429.28271
G0 F7200 X176.949 Y110.984
G1 F1500 X150.984 Y136.949 E2430.80935
G0 F7200 X150.418 Y136.949
G1 F1500 X176.949 Y110.418 E2432.36927
G0 F7200 X176.949 Y109.853
G1 F1500 X149.852 Y136.949 E2433.96244
G0 F7200 X149.287 Y136.949
G1 F1500 X176.949 Y109.287 E2435.58886
G0 F7200 X176.949 Y108.721
G1 F1500 X148.721 Y136.949 E2437.24856
G0 F7200 X148.155 Y136.949
G1 F1500 X176.949 Y108.156 E2438.94151
G0 F7200 X175.163 Y109.375
G1 F1500 X147.59 Y136.949 E2440.56273
G0 F7200 X147.024 Y136.949
G1 F1500 X174.431 Y109.542 E2442.17415
G0 F7200 X173.84 Y109.568
G1 F1500 X146.458 Y136.949 E2443.78408
G0 F7200 X145.893 Y136.949
G1 F1500 X173.335 Y109.506 E2445.39759
G0 F7200 X172.891 Y109.385
G1 F1500 X145.327 Y136.949 E2447.01825
G0 F7200 X144.761 Y136.949
G1 F1500 X172.475 Y109.235 E2448.64773
G0 F7200 X172.118 Y109.027
G1 F1500 X144.196 Y136.949 E2450.28943
G0 F7200 X143.63 Y136.949
G1 F1500 X171.783 Y108.796 E2451.94472
G0 F7200 X171.481 Y108.533
G1 F1500 X143.064 Y136.949 E2453.6155
G0 F7200 X142.498 Y136.949
G1 F1500 X171.216 Y108.231 E2455.30401
G0 F7200 X170.974 Y107.908
G1 F1500 X141.933 Y136.949 E2457.01151
G0 F7200 X141.367 Y136.949
G1 F1500 X170.786 Y107.531 E2458.74121
G0 F7200 X170.619 Y107.132
G1 F1500 X140.801 Y136.949 E2460.49436
G0 F7200 X140.236 Y136.949
G1 F1500 X170.499 Y106.686 E2462.27371
G0 F7200 X170.42 Y106.199
G1 F1500 X139.67 Y136.949 E2464.08169
G0 F7200 X139.104 Y136.949
G1 F1500 X170.452 Y105.602 E2465.92481
G0 F7200 X170.631 Y104.856
G1 F1500 X138.539 Y136.949 E2467.81172
G0 F7200 X137.973 Y136.949
G1 F1500 X171.873 Y103.049 E2469.80491
G0 F7200 X171.307 Y103.049
G1 F1500 X137.407 Y136.949 E2471.7981
G0 F7200 X136.842 Y136.949
G1 F1500 X170.742 Y103.049 E2473.79129
G0 F7200 X170.176 Y103.049
G1 F1500 X136.276 Y136.949 E2475.78448
G0 F7200 X135.71 Y136.949
G1 F1500 X169.61 Y103.049 E2477.77767
G0 F7200 X169.045 Y103.049
G1 F1500 X135.145 Y136.949 E2479.77086
G0 F7200 X134.579 Y136.949
G1 F1500 X168.479 Y103.049 E2481.76405
G0 F7200 X167.913 Y103.049
G1 F1500 X134.013 Y136.949 E2483.75724
G0 F7200 X133.448 Y136.949
G1 F1500 X167.348 Y103.049 E2485.75043
G0 F7200 X166.782 Y103.049
G1 F1500 X132.882 Y136.949 E2487.74362
G0 F7200 X132.316 Y136.949
G1 F1500 X166.216 Y103.049 E2489.73681
G0 F7200 X165.651 Y103.049
G1 F1500 X147.427 Y121.273 E2490.80831
G0 F7200 X147.957 Y120.177
G1 F1500 X165.085 Y103.049 E2491.81537
G0 F7200 X164.519 Y103.049
G1 F1500 X148.242 Y119.326 E2492.7724
G0 F7200 X148.422 Y118.581
G1 F1500 X163.954 Y103.049 E2493.68562
G0 F7200 X163.388 Y103.049
G1 F1500 X148.522 Y117.915 E2494.55969
G0 F7200 X148.559 Y117.312
G1 F1500 X162.822 Y103.049 E2495.3983
G0 F7200 X162.256 Y103.049
G1 F1500 X148.559 Y116.746 E2496.20363
G0 F7200 X148.536 Y116.204
G1 F1500 X161.691 Y103.049 E2496.97709
G0 F7200 X161.125 Y103.049
G1 F1500 X148.466 Y115.708 E2497.72139
G0 F7200 X148.384 Y115.224
G1 F1500 X160.559 Y103.049 E2498.43723
G0 F7200 X159.994 Y103.049
G1 F1500 X148.273 Y114.77 E2499.12638
G0 F7200 X148.143 Y114.334
G1 F1500 X159.428 Y103.049 E2499.7899
G0 F7200 X158.862 Y103.049
G1 F1500 X147.994 Y113.917 E2500.4289
G0 F7200 X147.827 Y113.518
G1 F1500 X158.297 Y103.049 E2501.04446
G0 F7200 X157.731 Y103.049
G1 F1500 X147.647 Y113.133 E2501.63736
G0 F7200 X147.449 Y112.765
G1 F1500 X157.165 Y103.049 E2502.20863
G0 F7200 X156.6 Y103.049
G1 F1500 X147.235 Y112.414 E2502.75925
G0 F7200 X147.009 Y112.074
G1 F1500 X156.034 Y103.049 E2503.28989
G0 F7200 X155.468 Y103.049
G1 F1500 X146.768 Y111.749 E2503.80141
G0 F7200 X146.516 Y111.435
G1 F1500 X154.903 Y103.049 E2504.29451
G0 F7200 X154.337 Y103.049
G1 F1500 X146.246 Y111.14 E2504.77023
G0 F7200 X145.969 Y110.851
G1 F1500 X153.771 Y103.049 E2505.22896
G0 F7200 X153.205 Y103.049
G1 F1500 X145.671 Y110.584 E2505.67196
G0 F7200 X145.371 Y110.318
G1 F1500 X152.64 Y103.049 E2506.09935
G0 F7200 X152.074 Y103.049
G1 F1500 X145.044 Y110.079 E2506.51268
G0 F7200 X144.718 Y109.839
G1 F1500 X151.508 Y103.049 E2506.91191
G0 F7200 X150.943 Y103.049
G1 F1500 X144.362 Y109.629 E2507.29882
G0 F7200 X144.006 Y109.42
G1 F1500 X150.377 Y103.049 E2507.67341
G0 F7200 X149.811 Y103.049
G1 F1500 X143.622 Y109.238 E2508.0373
G0 F7200 X143.235 Y109.059
G1 F1500 X149.246 Y103.049 E2508.39069
G0 F7200 X148.68 Y103.049
G1 F1500 X142.817 Y108.912 E2508.73541
G0 F7200 X142.396 Y108.767
G1 F1500 X148.114 Y103.049 E2509.07161
G0 F7200 X147.549 Y103.049
G1 F1500 X141.94 Y108.658 E2509.4014
G0 F7200 X141.476 Y108.556
G1 F1500 X146.983 Y103.049 E2509.72519
G0 F7200 X146.417 Y103.049
G1 F1500 X140.978 Y108.489 E2510.04501
G0 F7200 X140.456 Y108.445
G1 F1500 X145.852 Y103.049 E2510.36227
G0 F7200 X145.286 Y103.049
G1 F1500 X139.906 Y108.429 E2510.6786
G0 F7200 X139.307 Y108.463
G1 F1500 X144.72 Y103.049 E2510.99689
G0 F7200 X144.155 Y103.049
G1 F1500 X138.666 Y108.538 E2511.31962
G0 F7200 X137.961 Y108.677
G1 F1500 X143.589 Y103.049 E2511.65053
G0 F7200 X143.023 Y103.049
G1 F1500 X137.156 Y108.917 E2511.99551
G0 F7200 X136.166 Y109.34
G1 F1500 X142.457 Y103.049 E2512.3654
G0 F7200 X141.892 Y103.049
G1 F1500 X134.559 Y110.382 E2512.79655
G0 F7200 X133.383 Y111.558
G1 F1500 X108.968 Y135.973 E2514.23206
G0 F7200 X109.123 Y136.949
G1 F1500 X131.915 Y114.157 E2515.57214
G0 F7200 X131.673 Y114.965
G1 F1500 X109.689 Y136.949 E2516.86472
G0 F7200 X110.254 Y136.949
G1 F1500 X131.526 Y115.678 E2518.1154
G0 F7200 X131.457 Y116.312
G1 F1500 X110.82 Y136.949 E2519.32878
G0 F7200 X111.386 Y136.949
G1 F1500 X131.433 Y116.902 E2520.50746
G0 F7200 X131.439 Y117.461
G1 F1500 X111.951 Y136.949 E2521.65328
G0 F7200 X112.517 Y136.949
G1 F1500 X131.488 Y117.978 E2522.76871
G0 F7200 X131.56 Y118.472
G1 F1500 X113.083 Y136.949 E2523.85508
G0 F7200 X113.649 Y136.949
G1 F1500 X131.651 Y118.947 E2524.91353
G0 F7200 X131.773 Y119.39
G1 F1500 X114.214 Y136.949 E2525.94593
G0 F7200 X114.78 Y136.949
G1 F1500 X131.903 Y119.826 E2526.9527
G0 F7200 X132.066 Y120.229
G1 F1500 X115.346 Y136.949 E2527.93577
G0 F7200 X115.911 Y136.949
G1 F1500 X132.231 Y120.629 E2528.89532
G0 F7200 X132.425 Y121.001
G1 F1500 X116.477 Y136.949 E2529.83301
G0 F7200 X117.043 Y136.949
G1 F1500 X132.621 Y121.371 E2530.74893
G0 F7200 X132.845 Y121.712
G1 F1500 X117.608 Y136.949 E2531.64481
G0 F7200 X118.174 Y136.949
G1 F1500 X133.072 Y122.051 E2532.52076
G0 F7200 X133.322 Y122.366
G1 F1500 X118.74 Y136.949 E2533.37815
G0 F7200 X119.305 Y136.949
G1 F1500 X133.579 Y122.675 E2534.21741
G0 F7200 X133.853 Y122.967
G1 F1500 X119.871 Y136.949 E2535.0395
G0 F7200 X120.437 Y136.949
G1 F1500 X134.138 Y123.248 E2535.84506
G0 F7200 X134.436 Y123.515
G1 F1500 X121.002 Y136.949 E2536.63493
G0 F7200 X121.568 Y136.949
G1 F1500 X134.749 Y123.769 E2537.40989
G0 F7200 X135.072 Y124.01
G1 F1500 X122.134 Y136.949 E2538.17063
G0 F7200 X122.699 Y136.949
G1 F1500 X135.413 Y124.235 E2538.91816
G0 F7200 X135.764 Y124.45
G1 F1500 X123.265 Y136.949 E2539.65305
G0 F7200 X123.831 Y136.949
G1 F1500 X136.137 Y124.643 E2540.3766
G0 F7200 X136.513 Y124.833
G1 F1500 X124.397 Y136.949 E2541.08897
G0 F7200 X124.962 Y136.949
G1 F1500 X136.918 Y124.993 E2541.79194
G0 F7200 X137.333 Y125.144
G1 F1500 X125.528 Y136.949 E2542.48603
G0 F7200 X126.094 Y136.949
G1 F1500 X137.771 Y125.271 E2543.17262
G0 F7200 X138.227 Y125.382
G1 F1500 X126.659 Y136.949 E2543.85275
G0 F7200 X127.225 Y136.949
G1 F1500 X138.705 Y125.469 E2544.52773
G0 F7200 X139.21 Y125.53
G1 F1500 X127.791 Y136.949 E2545.19912
G0 F7200 X128.356 Y136.949
G1 F1500 X139.737 Y125.568 E2545.86828
G0 F7200 X140.311 Y125.56
G1 F1500 X128.922 Y136.949 E2546.53791
G0 F7200 X129.488 Y136.949
G1 F1500 X140.921 Y125.516 E2547.21013
G0 F7200 X141.58 Y125.423
G1 F1500 X130.053 Y136.949 E2547.88784
G0 F7200 X130.619 Y136.949
G1 F1500 X142.315 Y125.253 E2548.57552
G0 F7200 X143.163 Y124.971
G1 F1500 X131.185 Y136.949 E2549.27978
G0 F7200 X131.75 Y136.949
G1 F1500 X144.287 Y124.413 E2550.01688
G0 F7200 X139.81 Y124.662
G0 X138.236 Y124.458
G0 X136.846 Y123.986
G0 X136.117 Y123.608
G0 X134.884 Y122.705
G0 X133.853 Y121.579
G0 X133.069 Y120.27
G0 X132.558 Y118.832
G0 X132.385 Y117.608
G0 X132.315 Y113.191
G1 F1500 X108.557 Y136.949 E2551.41376
G0 F7200 X109.446 Y134.929
G1 F1500 X141.326 Y103.049 E2553.28818
G0 F7200 X140.76 Y103.049
G1 F1500 X109.553 Y134.256 E2555.12303
G0 F7200 X109.547 Y133.696
G1 F1500 X140.195 Y103.049 E2556.92499
G0 F7200 X139.629 Y103.049
G1 F1500 X109.474 Y133.204 E2558.69799
G0 F7200 X109.346 Y132.767
G1 F1500 X139.063 Y103.049 E2560.44526
G0 F7200 X138.498 Y103.049
G1 F1500 X109.178 Y132.368 E2562.16913
G0 F7200 X108.961 Y132.02
G1 F1500 X137.932 Y103.049 E2563.87252
G0 F7200 X137.366 Y103.049
G1 F1500 X108.718 Y131.697 E2565.55691
G0 F7200 X108.452 Y131.398
G1 F1500 X136.801 Y103.049 E2567.22372
G0 F7200 X136.235 Y103.049
G1 F1500 X108.136 Y131.148 E2568.87584
G0 F7200 X107.804 Y130.915
G1 F1500 X135.669 Y103.049 E2570.51422
G0 F7200 X135.104 Y103.049
G1 F1500 X107.415 Y130.738 E2572.14223
G0 F7200 X107.024 Y130.563
G1 F1500 X134.538 Y103.049 E2573.75995
G0 F7200 X133.972 Y103.049
G1 F1500 X106.544 Y130.477 E2575.37261
G0 F7200 X106.022 Y130.434
G1 F1500 X133.407 Y103.049 E2576.98274
G0 F7200 X132.841 Y103.049
G1 F1500 X105.416 Y130.474 E2578.59523
G0 F7200 X104.635 Y130.689
G1 F1500 X132.275 Y103.049 E2580.22035
G0 F7200 X131.709 Y103.049
G1 F1500 X103.05 Y131.709 E2581.90542
G0 F7200 X103.05 Y131.143
G1 F1500 X131.144 Y103.049 E2583.55724
G0 F7200 X130.578 Y103.049
G1 F1500 X103.05 Y130.577 E2585.17578
G0 F7200 X103.05 Y130.012
G1 F1500 X130.012 Y103.049 E2586.76107
G0 F7200 X129.447 Y103.049
G1 F1500 X103.05 Y129.446 E2588.31311
G0 F7200 X103.05 Y128.88
G1 F1500 X128.881 Y103.049 E2589.83188
G0 F7200 X128.315 Y103.049
G1 F1500 X103.05 Y128.315 E2591.31739
G0 F7200 X103.05 Y127.749
G1 F1500 X127.75 Y103.049 E2592.76966
G0 F7200 X127.184 Y103.049
G1 F1500 X103.05 Y127.183 E2594.18865
G0 F7200 X103.05 Y126.618
G1 F1500 X126.618 Y103.049 E2595.57438
G0 F7200 X126.053 Y103.049
G1 F1500 X103.05 Y126.052 E2596.92687
G0 F7200 X103.05 Y125.486
G1 F1500 X125.487 Y103.049 E2598.24608
G0 F7200 X124.921 Y103.049
G1 F1500 X103.05 Y124.921 E2599.53204
G0 F7200 X103.05 Y124.355
G1 F1500 X124.356 Y103.049 E2600.78475
G0 F7200 X123.79 Y103.049
G1 F1500 X103.05 Y123.789 E2602.00418
G0 F7200 X103.05 Y123.223
G1 F1500 X123.224 Y103.049 E2603.19034
G0 F7200 X122.658 Y103.049
G1 F1500 X103.05 Y122.658 E2604.34324
G0 F7200 X103.05 Y122.092
G1 F1500 X122.093 Y103.049 E2605.4629
G0 F7200 X121.527 Y103.049
G1 F1500 X103.05 Y121.526 E2606.54928
G0 F7200 X103.05 Y120.961
G1 F1500 X120.961 Y103.049 E2607.6024
G0 F7200 X120.396 Y103.049
G1 F1500 X103.05 Y120.395 E2608.62228
G0 F7200 X103.05 Y119.829
G1 F1500 X119.83 Y103.049 E2609.60888
G0 F7200 X119.264 Y103.049
G1 F1500 X103.05 Y119.264 E2610.56223
G0 F7200 X103.05 Y118.698
G1 F1500 X118.699 Y103.049 E2611.48233
G0 F7200 X118.133 Y103.049
G1 F1500 X103.05 Y118.132 E2612.36916
G0 F7200 X103.05 Y117.567
G1 F1500 X117.567 Y103.049 E2613.22273
G0 F7200 X117.002 Y103.049
G1 F1500 X103.05 Y117.001 E2614.04305
G0 F7200 X103.05 Y116.435
G1 F1500 X116.436 Y103.049 E2614.8301
G0 F7200 X115.87 Y103.049
G1 F1500 X103.05 Y115.87 E2615.58389
G0 F7200 X103.05 Y115.304
G1 F1500 X115.305 Y103.049 E2616.30444
G0 F7200 X114.739 Y103.049
G1 F1500 X103.05 Y114.738 E2616.99171
G0 F7200 X103.05 Y114.172
G1 F1500 X114.173 Y103.049 E2617.6457
G0 F7200 X113.608 Y103.049
G1 F1500 X109.291 Y107.365 E2617.89949
G0 F7200 X109.504 Y106.587
G1 F1500 X113.042 Y103.049 E2618.10751
G0 F7200 X112.476 Y103.049
G1 F1500 X109.574 Y105.951 E2618.27814
G0 F7200 X109.523 Y105.436
G1 F1500 X111.91 Y103.049 E2618.41849
G0 F7200 X111.345 Y103.049
G1 F1500 X109.414 Y104.979 E2618.53199
G0 F7200 X109.276 Y104.552
G1 F1500 X110.779 Y103.049 E2618.62036
G0 F7200 X110.213 Y103.049
G1 F1500 X109.063 Y104.199 E2618.68798
G0 F7200 X108.85 Y103.847
G1 F1500 X109.648 Y103.049 E2618.7349
G0 F7200 X109.082 Y103.049
G1 F1500 X108.584 Y103.548 E2618.76421
G0 F7200 X108.297 Y103.268
G1 F1500 X108.516 Y103.049 E2618.77709
G0 F7200 X108.669 Y106.042
G0 X107.328 Y109.329
G1 F1500 X103.05 Y113.607 E2619.02862
G0 F7200 X103.05 Y113.041
G1 F1500 X106.56 Y109.531 E2619.23499
G0 F7200 X105.946 Y109.579
G1 F1500 X103.05 Y112.475 E2619.40526
G0 F7200 X103.05 Y111.91
G1 F1500 X105.44 Y109.519 E2619.54582
G0 F7200 X104.979 Y109.414
G1 F1500 X103.05 Y111.344 E2619.65926
G0 F7200 X103.05 Y110.778
G1 F1500 X104.555 Y109.273 E2619.74775
G0 F7200 X104.192 Y109.07
G1 F1500 X103.05 Y110.213 E2619.81493
G0 F7200 X103.05 Y109.647
G1 F1500 X103.846 Y108.851 E2619.86173
G0 F7200 X103.545 Y108.586
G1 F1500 X103.05 Y109.081 E2619.89083
G0 F7200 X103.05 Y108.516
G1 F1500 X103.267 Y108.298 E2619.90362
G0 F7200 X102.987 Y107.164
;TYPE:SKIN
G1 F1500 X103.036 Y107.116 E2619.90505
G0 F7200 X102.952 Y106.916
G1 F1500 X102.659 Y107.209 E2619.91366
G0 F7200 X102.659 Y106.926
G1 F1500 X102.896 Y106.69 E2619.92061
G0 F7200 X102.659 Y106.643
G1 F1500 X102.856 Y106.447 E2619.92639
G0 F7200 X102.659 Y106.36
G1 F1500 X102.816 Y106.203 E2619.931
G0 F7200 X102.659 Y106.078
G1 F1500 X102.825 Y105.912 E2619.93588
G0 F7200 X102.677 Y105.777
G1 F1500 X102.842 Y105.612 E2619.94073
G0 F7200 X102.709 Y105.462
G1 F1500 X102.915 Y105.256 E2619.94679
G0 F7200 X102.792 Y105.096
G1 F1500 X103.044 Y104.844 E2619.9542
G0 F7200 X102.952 Y104.653
G1 F1500 X103.33 Y104.276 E2619.9653
G0 F7200 X103.394 Y103.929
G1 F1500 X103.949 Y103.374 E2619.98161
G0 F7200 X104.271 Y103.335
G1 F1500 X104.655 Y102.951 E2619.9929
G0 F7200 X104.854 Y103.035
G1 F1500 X105.093 Y102.795 E2619.99994
G0 F7200 X105.256 Y102.915
G1 F1500 X105.439 Y102.732 E2620.00532
G0 F7200 X105.597 Y102.857
G1 F1500 X105.761 Y102.693 E2620.01014
G0 F7200 X105.928 Y102.809
G1 F1500 X106.078 Y102.659 E2620.01455
G0 F7200 X106.19 Y102.83
G1 F1500 X106.36 Y102.659 E2620.01957
G0 F7200 X106.453 Y102.85
G1 F1500 X106.643 Y102.659 E2620.02517
G0 F7200 X106.69 Y102.896
G1 F1500 X106.926 Y102.659 E2620.03212
G0 F7200 X107.209 Y102.659
G1 F1500 X106.909 Y102.959 E2620.04094
G0 F7200 X107.128 Y103.023
G1 F1500 X107.207 Y102.944 E2620.04326
G0 F7200 X108.455 Y104.95
G0 X108.669 Y106.042
G0 X102.848 Y132.759
G1 F1500 X102.66 Y132.947 E2620.04879
G0 F7200 X102.66 Y133.23
G1 F1500 X103.038 Y132.851 E2620.05991
G0 F7200 X102.897 Y133.276
G1 F1500 X102.66 Y133.513 E2620.06688
G0 F7200 X102.845 Y133.611
G1 F1500 X102.66 Y133.795 E2620.07231
G0 F7200 X102.814 Y133.925
G1 F1500 X102.668 Y134.07 E2620.07658
G0 F7200 X102.828 Y134.193
G1 F1500 X102.687 Y134.334 E2620.08073
G0 F7200 X102.843 Y134.461
G1 F1500 X102.721 Y134.583 E2620.08432
G0 F7200 X102.901 Y134.686
G1 F1500 X102.771 Y134.816 E2620.08814
G0 F7200 X102.967 Y134.903
G1 F1500 X102.833 Y135.037 E2620.09208
G0 F7200 X103.033 Y135.119
G1 F1500 X102.907 Y135.246 E2620.0958
G0 F7200 X103.1 Y135.335
G1 F1500 X102.997 Y135.439 E2620.09884
G0 F7200 X103.092 Y135.626
G1 F1500 X103.206 Y135.512 E2620.10219
G0 F7200 X103.312 Y135.689
G1 F1500 X103.199 Y135.802 E2620.10551
G0 F7200 X103.316 Y135.968
G1 F1500 X103.418 Y135.866 E2620.10851
G0 F7200 X103.545 Y136.022
G1 F1500 X103.436 Y136.13 E2620.1117
G0 F7200 X103.574 Y136.275
G1 F1500 X103.688 Y136.162 E2620.11504
G0 F7200 X103.83 Y136.303
G1 F1500 X103.712 Y136.421 E2620.11851
G0 F7200 X103.862 Y136.553
G1 F1500 X103.972 Y136.444 E2620.12172
G0 F7200 X104.122 Y136.576
G1 F1500 X104.021 Y136.677 E2620.12469
G0 F7200 X104.185 Y136.796
G1 F1500 X104.301 Y136.68 E2620.1281
G0 F7200 X104.479 Y136.785
G1 F1500 X104.366 Y136.898 E2620.13143
G0 F7200 X104.547 Y137
G1 F1500 X104.658 Y136.889 E2620.13469
G0 F7200 X104.747 Y137.083
G1 F1500 X104.864 Y136.965 E2620.13814
G0 F7200 X104.951 Y137.161
G1 F1500 X105.077 Y137.035 E2620.14185
G0 F7200 X105.171 Y137.224
G1 F1500 X105.29 Y137.105 E2620.14535
G0 F7200 X105.402 Y137.277
G1 F1500 X105.54 Y137.138 E2620.14942
G0 F7200 X105.65 Y137.311
G1 F1500 X105.803 Y137.158 E2620.15392
G0 F7200 X105.912 Y137.332
G1 F1500 X106.066 Y137.178 E2620.15844
G0 F7200 X106.188 Y137.339
G1 F1500 X106.374 Y137.153 E2620.16391
G0 F7200 X106.471 Y137.339
G1 F1500 X106.737 Y137.073 E2620.17173
G0 F7200 X106.754 Y137.339
G1 F1500 X107.099 Y136.994 E2620.18187
G0 F7200 X107.226 Y137.149
G1 F1500 X107.036 Y137.339 E2620.18746
G0 F7200 X172.71 Y137.285
G1 F1500 X172.988 Y137.007 E2620.19563
G0 F7200 X173.2 Y137.077
G1 F1500 X172.938 Y137.339 E2620.20333
G0 F7200 X173.221 Y137.339
G1 F1500 X173.43 Y137.13 E2620.20948
G0 F7200 X173.504 Y137.339
G1 F1500 X173.693 Y137.15 E2620.21503
G0 F7200 X173.787 Y137.339
G1 F1500 X173.956 Y137.17 E2620.22
G0 F7200 X174.072 Y137.337
G1 F1500 X174.222 Y137.187 E2620.22441
G0 F7200 X174.388 Y137.304
G1 F1500 X174.586 Y137.106 E2620.23023
G0 F7200 X174.722 Y137.252
G1 F1500 X174.948 Y137.026 E2620.23688
G0 F7200 X175.126 Y137.132
G1 F1500 X175.419 Y136.838 E2620.24551
G0 F7200 X175.647 Y136.893
G1 F1500 X176.884 Y135.657 E2620.28186
G0 F7200 X176.854 Y135.403
G1 F1500 X177.13 Y135.128 E2620.28996
G0 F7200 X177.019 Y134.955
G1 F1500 X177.246 Y134.728 E2620.29663
G0 F7200 X177.132 Y134.56
G1 F1500 X177.307 Y134.384 E2620.30179
G0 F7200 X177.162 Y134.247
G1 F1500 X177.332 Y134.077 E2620.30679
G0 F7200 X177.188 Y133.938
G1 F1500 X177.338 Y133.788 E2620.3112
G0 F7200 X177.152 Y133.691
G1 F1500 X177.338 Y133.505 E2620.31666
G0 F7200 X177.116 Y133.445
G1 F1500 X177.338 Y133.222 E2620.3232
G0 F7200 X177.079 Y133.199
G1 F1500 X177.338 Y132.939 E2620.33083
G0 F7200 X177.219 Y132.776
G1 F1500 X177.012 Y132.982 E2620.3369
G0 F7200 X177.293 Y107.246
G1 F1500 X177.338 Y107.2 E2620.33824
G0 F7200 X177.058 Y107.198
G1 F1500 X177.338 Y106.918 E2620.34647
G0 F7200 X177.058 Y106.915
G1 F1500 X177.338 Y106.635 E2620.3547
G0 F7200 X177.111 Y106.58
G1 F1500 X177.338 Y106.352 E2620.36139
G0 F7200 X177.164 Y106.244
G1 F1500 X177.338 Y106.069 E2620.36652
G0 F7200 X177.182 Y105.942
G1 F1500 X177.312 Y105.812 E2620.37034
G0 F7200 X177.157 Y105.685
G1 F1500 X177.281 Y105.561 E2620.37399
G0 F7200 X177.131 Y105.428
G1 F1500 X177.25 Y105.309 E2620.37749
G0 F7200 X177.075 Y105.201
G1 F1500 X177.198 Y105.078 E2620.3811
G0 F7200 X177.008 Y104.985
G1 F1500 X177.128 Y104.866 E2620.38462
G0 F7200 X176.942 Y104.768
G1 F1500 X177.05 Y104.66 E2620.38779
G0 F7200 X176.954 Y104.473
G1 F1500 X176.841 Y104.586 E2620.39111
G0 F7200 X176.735 Y104.409
G1 F1500 X176.86 Y104.285 E2620.39477
G0 F7200 X176.743 Y104.119
G1 F1500 X176.628 Y104.233 E2620.39814
G0 F7200 X176.522 Y104.057
G1 F1500 X176.626 Y103.953 E2620.4012
G0 F7200 X176.497 Y103.799
G1 F1500 X176.392 Y103.905 E2620.4043
G0 F7200 X176.249 Y103.765
G1 F1500 X176.359 Y103.654 E2620.40755
G0 F7200 X176.22 Y103.511
G1 F1500 X176.105 Y103.625 E2620.41091
G0 F7200 X175.962 Y103.485
G1 F1500 X176.061 Y103.387 E2620.41381
G0 F7200 X175.902 Y103.263
G1 F1500 X175.786 Y103.379 E2620.41722
G0 F7200 X175.607 Y103.275
G1 F1500 X175.728 Y103.154 E2620.42078
G0 F7200 X175.547 Y103.052
G1 F1500 X175.428 Y103.171 E2620.42428
G0 F7200 X175.25 Y103.067
G1 F1500 X175.358 Y102.958 E2620.42747
G0 F7200 X175.155 Y102.879
G1 F1500 X175.037 Y102.996 E2620.43092
G0 F7200 X174.949 Y102.802
G1 F1500 X174.818 Y102.933 E2620.43477
G0 F7200 X174.719 Y102.749
G1 F1500 X174.598 Y102.87 E2620.43833
G0 F7200 X174.487 Y102.698
G1 F1500 X174.343 Y102.842 E2620.44256
G0 F7200 X174.225 Y102.677
G1 F1500 X174.081 Y102.821 E2620.44679
G0 F7200 X173.96 Y102.659
G1 F1500 X173.796 Y102.823 E2620.45162
G0 F7200 X173.677 Y102.659
G1 F1500 X173.456 Y102.881 E2620.45813
G0 F7200 X173.394 Y102.659
G1 F1500 X173.115 Y102.939 E2620.46634
G0 F7200 X173.111 Y102.659
G1 F1500 X172.812 Y102.958 E2620.47513
G0 F7200 X172.761 Y102.727
G1 F1500 X172.828 Y102.659 E2620.47712
G1 F2400 E2617.47712
;MESH:NONMESH
G0 F600 X172.828 Y102.659 Z2.9
G0 F7200 X107.192 Y109.057
;TIME_ELAPSED:2293.928601
;LAYER:10
;TYPE:WALL-INNER
;MESH:Case3D_Sensor-Tampa.stl
G1 F2400 E2620.47712
G1 F3000 X107.795 Y108.746 E2620.50533
G1 X108.304 Y108.335 E2620.53253
G1 X108.72 Y107.83 E2620.55973
G1 X109.028 Y107.257 E2620.58677
G1 X109.216 Y106.634 E2620.61383
G1 X109.219 Y106.595 E2620.61545
G1 X109.279 Y105.984 E2620.64098
G1 X109.212 Y105.332 E2620.66823
G1 X109.014 Y104.708 E2620.69545
G1 X108.699 Y104.139 E2620.72249
G1 X108.277 Y103.64 E2620.74966
G1 X107.764 Y103.236 E2620.7768
G1 X107.182 Y102.942 E2620.80391
G1 X107.017 Y102.896 E2620.81103
G1 X106.553 Y102.768 E2620.83105
G1 X105.998 Y102.729 E2620.85418
G1 X105.901 Y102.722 E2620.85822
G1 X105.69 Y102.749 E2620.86706
G1 X105.253 Y102.805 E2620.88538
G1 X105.228 Y102.813 E2620.88647
G1 X104.733 Y102.985 E2620.90826
G1 X104.636 Y103.019 E2620.91253
G1 X104.32 Y103.202 E2620.92771
G1 X104.071 Y103.347 E2620.93969
G1 X103.94 Y103.464 E2620.947
G1 X103.585 Y103.783 E2620.96684
G1 X103.277 Y104.193 E2620.98816
G1 X103.193 Y104.305 E2620.99398
G1 X103.051 Y104.605 E2621.00778
G1 X102.914 Y104.893 E2621.02104
G1 X102.876 Y105.047 E2621.02763
G1 X102.754 Y105.528 E2621.04826
G1 X102.733 Y106.029 E2621.06911
G1 X102.726 Y106.18 E2621.07539
G1 X102.826 Y106.826 E2621.10257
G1 X102.896 Y107.016 E2621.11099
G1 X103.053 Y107.438 E2621.12971
G1 X103.396 Y107.994 E2621.15687
G1 X103.844 Y108.472 E2621.18411
G1 X104.377 Y108.849 E2621.21125
G1 X104.972 Y109.115 E2621.23835
G1 X105.609 Y109.257 E2621.26548
G1 X106.289 Y109.269 E2621.29376
G1 X107.192 Y109.057 E2621.33232
G0 F7200 X107.052 Y108.679
G1 F3000 X107.575 Y108.409 E2621.35679
G1 X108.021 Y108.049 E2621.38062
G1 X108.386 Y107.606 E2621.40448
G1 X108.657 Y107.103 E2621.42824
G1 X108.822 Y106.556 E2621.45199
G1 X108.877 Y105.985 E2621.47584
G1 X108.818 Y105.414 E2621.49971
G1 X108.645 Y104.867 E2621.52356
G1 X108.368 Y104.367 E2621.54732
G1 X107.998 Y103.929 E2621.57116
G1 X107.548 Y103.575 E2621.59496
G1 X107.037 Y103.317 E2621.61876
G1 X106.485 Y103.164 E2621.64258
G1 X105.913 Y103.124 E2621.66642
G1 X105.345 Y103.197 E2621.69023
G1 X104.803 Y103.384 E2621.71406
G1 X104.308 Y103.672 E2621.73787
G1 X103.881 Y104.055 E2621.76172
G1 X103.537 Y104.513 E2621.78553
G1 X103.292 Y105.029 E2621.80928
G1 X103.152 Y105.586 E2621.83316
G1 X103.127 Y106.158 E2621.85696
G1 X103.215 Y106.725 E2621.88082
G1 X103.414 Y107.262 E2621.90463
G1 X103.715 Y107.75 E2621.92847
G1 X104.108 Y108.169 E2621.95235
G1 X104.576 Y108.5 E2621.97618
G1 X105.098 Y108.733 E2621.99995
G1 X105.657 Y108.858 E2622.02376
G1 X106.246 Y108.868 E2622.04825
G1 X107.052 Y108.679 E2622.08267
G0 F7200 X106.912 Y108.301
;TYPE:WALL-OUTER
G1 F1500 X107.355 Y108.072 E2622.10341
G1 X107.738 Y107.763 E2622.12386
G1 X108.053 Y107.382 E2622.14442
G1 X108.286 Y106.949 E2622.16486
G1 X108.428 Y106.478 E2622.18531
G1 X108.475 Y105.987 E2622.20582
G1 X108.424 Y105.496 E2622.22634
G1 X108.276 Y105.026 E2622.24683
G1 X108.037 Y104.595 E2622.26732
G1 X107.719 Y104.218 E2622.28782
G1 X107.332 Y103.914 E2622.30828
G1 X106.892 Y103.692 E2622.32877
G1 X106.417 Y103.56 E2622.34927
G1 X105.925 Y103.526 E2622.36977
G1 X105.436 Y103.589 E2622.39027
G1 X104.97 Y103.749 E2622.41076
G1 X104.545 Y103.997 E2622.43121
G1 X104.177 Y104.327 E2622.45176
G1 X103.881 Y104.721 E2622.47225
G1 X103.67 Y105.165 E2622.49269
G1 X103.55 Y105.644 E2622.51322
G1 X103.528 Y106.136 E2622.5337
G1 X103.604 Y106.624 E2622.55423
G1 X103.775 Y107.086 E2622.57471
G1 X104.034 Y107.506 E2622.59522
G1 X104.372 Y107.866 E2622.61575
G1 X104.775 Y108.151 E2622.63628
G1 X105.224 Y108.351 E2622.65671
G1 X105.705 Y108.459 E2622.67721
G1 X106.203 Y108.467 E2622.69791
G1 X106.912 Y108.301 E2622.72819
G0 F7200 X107.064 Y108.713
G0 X107.086 Y108.772
G0 X108.917 Y133.985
G0 X108.693 Y135.118
G0 X107.192 Y137.057
;TYPE:WALL-INNER
G1 F3000 X107.795 Y136.746 E2622.7564
G1 X108.304 Y136.335 E2622.78359
G1 X108.72 Y135.83 E2622.8108
G1 X109.028 Y135.257 E2622.83784
G1 X109.216 Y134.634 E2622.8649
G1 X109.219 Y134.595 E2622.86652
G1 X109.279 Y133.984 E2622.89205
G1 X109.212 Y133.332 E2622.9193
G1 X109.014 Y132.708 E2622.94652
G1 X108.699 Y132.139 E2622.97356
G1 X108.277 Y131.64 E2623.00073
G1 X107.764 Y131.236 E2623.02787
G1 X107.182 Y130.942 E2623.05498
G1 X106.553 Y130.768 E2623.08211
G1 X105.901 Y130.722 E2623.10929
G1 X105.253 Y130.805 E2623.13645
G1 X104.636 Y131.019 E2623.1636
G1 X104.071 Y131.347 E2623.19076
G1 X103.585 Y131.783 E2623.21791
G1 X103.193 Y132.305 E2623.24505
G1 X102.914 Y132.893 E2623.27211
G1 X102.896 Y132.961 E2623.27503
G1 X102.754 Y133.528 E2623.29933
G1 X102.734 Y134.01 E2623.31939
G1 X102.726 Y134.18 E2623.32646
G1 X102.743 Y134.293 E2623.33121
G1 X102.824 Y134.814 E2623.35314
G1 X102.826 Y134.826 E2623.35364
G1 X102.99 Y135.269 E2623.37328
G1 X103.053 Y135.438 E2623.38078
G1 X103.199 Y135.675 E2623.39235
G1 X103.396 Y135.994 E2623.40794
G1 X103.457 Y136.059 E2623.41165
G1 X103.819 Y136.445 E2623.43365
G1 X103.844 Y136.472 E2623.43518
G1 X104.189 Y136.716 E2623.45274
G1 X104.377 Y136.849 E2623.46232
G1 X104.6 Y136.948 E2623.47246
G1 X104.972 Y137.115 E2623.48942
G1 X105.039 Y137.13 E2623.49227
G1 X105.53 Y137.239 E2623.51318
G1 X105.609 Y137.257 E2623.51655
G1 X106.025 Y137.264 E2623.53385
G1 X106.289 Y137.269 E2623.54483
G1 X106.995 Y137.104 E2623.57497
G1 X107.192 Y137.057 E2623.58339
G0 F7200 X107.052 Y136.679
G1 F3000 X107.575 Y136.409 E2623.60786
G1 X108.021 Y136.049 E2623.63169
G1 X108.386 Y135.606 E2623.65555
G1 X108.657 Y135.103 E2623.67931
G1 X108.822 Y134.556 E2623.70306
G1 X108.877 Y133.985 E2623.72691
G1 X108.818 Y133.414 E2623.75078
G1 X108.645 Y132.867 E2623.77463
G1 X108.368 Y132.367 E2623.79839
G1 X107.998 Y131.929 E2623.82223
G1 X107.548 Y131.575 E2623.84603
G1 X107.037 Y131.317 E2623.86983
G1 X106.485 Y131.164 E2623.89365
G1 X105.913 Y131.124 E2623.91749
G1 X105.345 Y131.197 E2623.9413
G1 X104.803 Y131.384 E2623.96513
G1 X104.308 Y131.672 E2623.98894
G1 X103.881 Y132.055 E2624.01279
G1 X103.537 Y132.513 E2624.0366
G1 X103.292 Y133.029 E2624.06035
G1 X103.152 Y133.586 E2624.08423
G1 X103.127 Y134.158 E2624.10803
G1 X103.215 Y134.725 E2624.13189
G1 X103.414 Y135.262 E2624.1557
G1 X103.715 Y135.75 E2624.17954
G1 X104.108 Y136.169 E2624.20342
G1 X104.576 Y136.5 E2624.22725
G1 X105.098 Y136.733 E2624.25102
G1 X105.657 Y136.858 E2624.27483
G1 X106.246 Y136.868 E2624.29932
G1 X107.052 Y136.679 E2624.33374
G0 F7200 X106.912 Y136.301
;TYPE:WALL-OUTER
G1 F1500 X107.355 Y136.072 E2624.35447
G1 X107.738 Y135.763 E2624.37493
G1 X108.053 Y135.382 E2624.39549
G1 X108.286 Y134.949 E2624.41593
G1 X108.428 Y134.478 E2624.43638
G1 X108.475 Y133.987 E2624.45689
G1 X108.424 Y133.496 E2624.47741
G1 X108.276 Y133.026 E2624.4979
G1 X108.037 Y132.595 E2624.51839
G1 X107.719 Y132.218 E2624.53889
G1 X107.332 Y131.914 E2624.55935
G1 X106.892 Y131.692 E2624.57984
G1 X106.417 Y131.56 E2624.60034
G1 X105.925 Y131.526 E2624.62084
G1 X105.436 Y131.589 E2624.64134
G1 X104.97 Y131.749 E2624.66183
G1 X104.545 Y131.997 E2624.68228
G1 X104.177 Y132.327 E2624.70283
G1 X103.881 Y132.721 E2624.72332
G1 X103.67 Y133.165 E2624.74376
G1 X103.55 Y133.644 E2624.76429
G1 X103.528 Y134.136 E2624.78476
G1 X103.604 Y134.624 E2624.8053
G1 X103.775 Y135.086 E2624.82578
G1 X104.034 Y135.506 E2624.84629
G1 X104.372 Y135.866 E2624.86682
G1 X104.775 Y136.151 E2624.88735
G1 X105.224 Y136.351 E2624.90778
G1 X105.705 Y136.459 E2624.92828
G1 X106.203 Y136.467 E2624.94898
G1 X106.912 Y136.301 E2624.97926
G0 F7200 X107.064 Y136.713
G0 X107.086 Y136.772
G0 X139.8 Y125.023
;TYPE:WALL-INNER
G1 F3000 X140.6 Y125.003 E2625.01253
G1 X141.393 Y124.903 E2625.04576
G1 X142.147 Y124.734 E2625.07788
G1 X142.932 Y124.471 E2625.1123
G1 X143.662 Y124.141 E2625.14561
G1 X144.354 Y123.743 E2625.1788
G1 X144.981 Y123.293 E2625.21089
G1 X145.582 Y122.767 E2625.24409
G1 X146.128 Y122.183 E2625.27733
G1 X146.613 Y121.547 E2625.31058
G1 X147.035 Y120.865 E2625.34393
G1 X147.395 Y120.119 E2625.37836
G1 X147.659 Y119.393 E2625.41048
G1 X147.663 Y119.374 E2625.41129
G1 X147.86 Y118.613 E2625.44397
G1 X147.866 Y118.592 E2625.44488
G1 X147.985 Y117.799 E2625.47822
G1 X148.024 Y117.028 E2625.51031
G1 X147.989 Y116.232 E2625.54344
G1 X147.873 Y115.439 E2625.57676
G1 X147.678 Y114.663 E2625.61002
G1 X147.408 Y113.911 E2625.64324
G1 X147.062 Y113.189 E2625.67653
G1 X146.648 Y112.505 E2625.70977
G1 X146.168 Y111.865 E2625.74303
G1 X145.626 Y111.275 E2625.77634
G1 X145.027 Y110.745 E2625.80959
G1 X144.38 Y110.274 E2625.84286
G1 X143.688 Y109.872 E2625.87613
G1 X142.961 Y109.541 E2625.90934
G1 X142.203 Y109.283 E2625.94263
G1 X141.423 Y109.102 E2625.97592
G1 X140.629 Y109 E2626.0092
G1 X139.831 Y108.977 E2626.0424
G1 X139.032 Y109.032 E2626.07569
G1 X138.243 Y109.169 E2626.10899
G1 X137.473 Y109.383 E2626.14221
G1 X136.727 Y109.672 E2626.17547
G1 X136.013 Y110.033 E2626.20874
G1 X135.339 Y110.466 E2626.24204
G1 X134.712 Y110.963 E2626.27531
G1 X134.137 Y111.518 E2626.30853
G1 X133.622 Y112.129 E2626.34175
G1 X133.168 Y112.79 E2626.37509
G1 X132.783 Y113.49 E2626.40831
G1 X132.469 Y114.225 E2626.44154
G1 X132.229 Y114.991 E2626.47491
G1 X132.068 Y115.775 E2626.50818
G1 X131.986 Y116.571 E2626.54145
G1 X131.983 Y117.369 E2626.57463
G1 X132.06 Y118.166 E2626.60792
G1 X132.215 Y118.95 E2626.64115
G1 X132.448 Y119.718 E2626.67451
G1 X132.757 Y120.456 E2626.70778
G1 X133.136 Y121.159 E2626.74098
G1 X133.584 Y121.82 E2626.77418
G1 X134.095 Y122.436 E2626.80745
G1 X134.667 Y122.997 E2626.84076
G1 X135.29 Y123.498 E2626.874
G1 X135.961 Y123.935 E2626.90729
G1 X136.698 Y124.315 E2626.94177
G1 X137.417 Y124.598 E2626.97389
G1 X138.186 Y124.817 E2627.00713
G1 X139.001 Y124.963 E2627.04156
G1 X139.8 Y125.023 E2627.07487
G0 F7200 X139.81 Y124.623
G1 F3000 X140.57 Y124.604 E2627.10648
G1 X141.324 Y124.509 E2627.13807
G1 X142.039 Y124.348 E2627.16854
G1 X142.786 Y124.098 E2627.20129
G1 X143.479 Y123.785 E2627.23291
G1 X144.137 Y123.406 E2627.26448
G1 X144.732 Y122.979 E2627.29492
G1 X145.303 Y122.479 E2627.32648
G1 X145.822 Y121.924 E2627.35807
G1 X146.283 Y121.32 E2627.38966
G1 X146.684 Y120.672 E2627.42134
G1 X147.026 Y119.963 E2627.45407
G1 X147.277 Y119.274 E2627.48456
G1 X147.474 Y118.512 E2627.51728
G1 X147.587 Y117.759 E2627.54893
G1 X147.624 Y117.027 E2627.57941
G1 X147.59 Y116.27 E2627.61091
G1 X147.48 Y115.517 E2627.64255
G1 X147.295 Y114.78 E2627.67414
G1 X147.038 Y114.065 E2627.70573
G1 X146.71 Y113.379 E2627.73734
G1 X146.316 Y112.729 E2627.76894
G1 X145.86 Y112.121 E2627.80054
G1 X145.345 Y111.561 E2627.83217
G1 X144.776 Y111.057 E2627.86377
G1 X144.161 Y110.61 E2627.89538
G1 X143.504 Y110.228 E2627.92698
G1 X142.813 Y109.913 E2627.95855
G1 X142.093 Y109.668 E2627.99017
G1 X141.352 Y109.496 E2628.0218
G1 X140.598 Y109.399 E2628.0534
G1 X139.839 Y109.377 E2628.08497
G1 X139.08 Y109.43 E2628.1166
G1 X138.331 Y109.56 E2628.14821
G1 X137.599 Y109.763 E2628.17979
G1 X136.89 Y110.038 E2628.21141
G1 X136.212 Y110.381 E2628.243
G1 X135.572 Y110.792 E2628.27462
G1 X134.976 Y111.264 E2628.30623
G1 X134.43 Y111.792 E2628.3378
G1 X133.94 Y112.372 E2628.36937
G1 X133.509 Y113 E2628.40104
G1 X133.143 Y113.665 E2628.4326
G1 X132.845 Y114.364 E2628.46419
G1 X132.617 Y115.091 E2628.49586
G1 X132.464 Y115.836 E2628.52748
G1 X132.386 Y116.592 E2628.55908
G1 X132.383 Y117.351 E2628.59064
G1 X132.456 Y118.108 E2628.62226
G1 X132.604 Y118.853 E2628.65384
G1 X132.825 Y119.582 E2628.68551
G1 X133.118 Y120.283 E2628.71709
G1 X133.479 Y120.951 E2628.74866
G1 X133.904 Y121.58 E2628.78022
G1 X134.39 Y122.165 E2628.81184
G1 X134.933 Y122.698 E2628.84348
G1 X135.525 Y123.174 E2628.87506
G1 X136.162 Y123.589 E2628.90667
G1 X136.863 Y123.95 E2628.93945
G1 X137.545 Y124.219 E2628.96993
G1 X138.276 Y124.427 E2629.00152
G1 X139.051 Y124.566 E2629.03426
G1 X139.81 Y124.623 E2629.0659
G0 F7200 X139.82 Y124.223
;TYPE:WALL-OUTER
G1 F1500 X140.54 Y124.205 E2629.09585
G1 X141.255 Y124.115 E2629.12581
G1 X141.931 Y123.962 E2629.15462
G1 X142.64 Y123.725 E2629.1857
G1 X143.296 Y123.429 E2629.21563
G1 X143.92 Y123.069 E2629.24558
G1 X144.483 Y122.665 E2629.27439
G1 X145.024 Y122.191 E2629.30429
G1 X145.516 Y121.665 E2629.33423
G1 X145.953 Y121.093 E2629.36416
G1 X146.333 Y120.479 E2629.39418
G1 X146.657 Y119.807 E2629.4252
G1 X146.895 Y119.155 E2629.45405
G1 X147.082 Y118.432 E2629.4851
G1 X147.189 Y117.719 E2629.51508
G1 X147.224 Y117.026 E2629.54393
G1 X147.191 Y116.308 E2629.57381
G1 X147.087 Y115.595 E2629.60376
G1 X146.912 Y114.897 E2629.63368
G1 X146.668 Y114.219 E2629.66364
G1 X146.358 Y113.569 E2629.69358
G1 X145.984 Y112.953 E2629.72354
G1 X145.552 Y112.377 E2629.75348
G1 X145.064 Y111.847 E2629.78343
G1 X144.525 Y111.369 E2629.81338
G1 X143.942 Y110.946 E2629.84333
G1 X143.32 Y110.584 E2629.87325
G1 X142.665 Y110.285 E2629.90318
G1 X141.983 Y110.053 E2629.93313
G1 X141.281 Y109.89 E2629.96309
G1 X140.567 Y109.798 E2629.99302
G1 X139.847 Y109.777 E2630.02297
G1 X139.128 Y109.828 E2630.05294
G1 X138.419 Y109.951 E2630.08285
G1 X137.725 Y110.143 E2630.11279
G1 X137.053 Y110.404 E2630.14276
G1 X136.411 Y110.729 E2630.17268
G1 X135.805 Y111.118 E2630.20262
G1 X135.24 Y111.565 E2630.23257
G1 X134.723 Y112.066 E2630.2625
G1 X134.258 Y112.615 E2630.29241
G1 X133.85 Y113.21 E2630.32241
G1 X133.503 Y113.84 E2630.35231
G1 X133.221 Y114.503 E2630.38226
G1 X133.005 Y115.191 E2630.41225
G1 X132.86 Y115.897 E2630.44221
G1 X132.786 Y116.613 E2630.47214
G1 X132.783 Y117.333 E2630.50207
G1 X132.852 Y118.05 E2630.53202
G1 X132.992 Y118.756 E2630.56194
G1 X133.202 Y119.446 E2630.59193
G1 X133.479 Y120.11 E2630.62184
G1 X133.822 Y120.744 E2630.65181
G1 X134.224 Y121.34 E2630.6817
G1 X134.685 Y121.894 E2630.71166
G1 X135.199 Y122.399 E2630.74162
G1 X135.76 Y122.85 E2630.77154
G1 X136.363 Y123.243 E2630.80147
G1 X137.028 Y123.585 E2630.83256
G1 X137.674 Y123.84 E2630.86143
G1 X138.366 Y124.037 E2630.89135
G1 X139.101 Y124.169 E2630.92239
G1 X139.82 Y124.223 E2630.95237
G0 F7200 X139.81 Y124.662
G0 X139.808 Y124.722
G0 X141.33 Y124.548
G0 X142.8 Y124.135
G0 X173.609 Y109.257
;TYPE:WALL-INNER
G1 F3000 X174.289 Y109.269 E2630.98064
G1 X175.192 Y109.057 E2631.01921
G1 X175.795 Y108.746 E2631.04742
G1 X176.304 Y108.335 E2631.07461
G1 X176.72 Y107.83 E2631.10182
G1 X177.028 Y107.257 E2631.12886
G1 X177.104 Y107.006 E2631.13977
G1 X177.216 Y106.634 E2631.15592
G1 X177.219 Y106.595 E2631.15754
G1 X177.279 Y105.984 E2631.18307
G1 X177.249 Y105.684 E2631.1956
G1 X177.212 Y105.332 E2631.21032
G1 X177.178 Y105.225 E2631.21499
G1 X177.02 Y104.725 E2631.23679
G1 X177.014 Y104.708 E2631.23754
G1 X176.797 Y104.315 E2631.2562
G1 X176.699 Y104.139 E2631.26458
G1 X176.529 Y103.938 E2631.27552
G1 X176.277 Y103.64 E2631.29175
G1 X176.202 Y103.581 E2631.29571
G1 X175.807 Y103.27 E2631.31661
G1 X175.764 Y103.236 E2631.31889
G1 X175.39 Y103.047 E2631.33632
G1 X175.182 Y102.942 E2631.346
G1 X174.947 Y102.877 E2631.35614
G1 X174.553 Y102.768 E2631.37314
G1 X174.503 Y102.765 E2631.37522
G1 X173.963 Y102.727 E2631.39772
G1 X173.901 Y102.722 E2631.40031
G1 X173.253 Y102.805 E2631.42747
G1 X172.991 Y102.896 E2631.439
G1 X172.636 Y103.019 E2631.45462
G1 X172.071 Y103.347 E2631.48178
G1 X171.585 Y103.783 E2631.50893
G1 X171.193 Y104.305 E2631.53607
G1 X170.914 Y104.893 E2631.56313
G1 X170.754 Y105.528 E2631.59035
G1 X170.726 Y106.18 E2631.61748
G1 X170.826 Y106.826 E2631.64466
G1 X171.053 Y107.438 E2631.6718
G1 X171.396 Y107.994 E2631.69896
G1 X171.844 Y108.472 E2631.7262
G1 X172.377 Y108.849 E2631.75334
G1 X172.972 Y109.115 E2631.78044
G1 X173.609 Y109.257 E2631.80757
G0 F7200 X173.657 Y108.858
G1 F3000 X174.246 Y108.868 E2631.83206
G1 X175.052 Y108.679 E2631.86648
G1 X175.575 Y108.409 E2631.89095
G1 X176.021 Y108.049 E2631.91478
G1 X176.386 Y107.606 E2631.93864
G1 X176.657 Y107.103 E2631.9624
G1 X176.822 Y106.556 E2631.98615
G1 X176.877 Y105.985 E2632.01
G1 X176.818 Y105.414 E2632.03387
G1 X176.645 Y104.867 E2632.05772
G1 X176.368 Y104.367 E2632.08148
G1 X175.998 Y103.929 E2632.10532
G1 X175.548 Y103.575 E2632.12912
G1 X175.037 Y103.317 E2632.15292
G1 X174.485 Y103.164 E2632.17674
G1 X173.913 Y103.124 E2632.20058
G1 X173.345 Y103.197 E2632.22439
G1 X172.803 Y103.384 E2632.24822
G1 X172.308 Y103.672 E2632.27203
G1 X171.881 Y104.055 E2632.29588
G1 X171.537 Y104.513 E2632.31969
G1 X171.292 Y105.029 E2632.34344
G1 X171.152 Y105.586 E2632.36732
G1 X171.127 Y106.158 E2632.39112
G1 X171.215 Y106.725 E2632.41498
G1 X171.414 Y107.262 E2632.43879
G1 X171.715 Y107.75 E2632.46263
G1 X172.108 Y108.169 E2632.48651
G1 X172.576 Y108.5 E2632.51034
G1 X173.098 Y108.733 E2632.53411
G1 X173.657 Y108.858 E2632.55792
G0 F7200 X173.705 Y108.459
;TYPE:WALL-OUTER
G1 F1500 X174.203 Y108.467 E2632.57863
G1 X174.912 Y108.301 E2632.6089
G1 X175.355 Y108.072 E2632.62964
G1 X175.738 Y107.763 E2632.6501
G1 X176.053 Y107.382 E2632.67065
G1 X176.286 Y106.949 E2632.69109
G1 X176.428 Y106.478 E2632.71154
G1 X176.475 Y105.987 E2632.73205
G1 X176.424 Y105.496 E2632.75257
G1 X176.276 Y105.026 E2632.77306
G1 X176.037 Y104.595 E2632.79355
G1 X175.719 Y104.218 E2632.81406
G1 X175.332 Y103.914 E2632.83452
G1 X174.892 Y103.692 E2632.855
G1 X174.417 Y103.56 E2632.8755
G1 X173.925 Y103.526 E2632.89601
G1 X173.436 Y103.589 E2632.9165
G1 X172.97 Y103.749 E2632.93699
G1 X172.545 Y103.997 E2632.95745
G1 X172.177 Y104.327 E2632.978
G1 X171.881 Y104.721 E2632.99848
G1 X171.67 Y105.165 E2633.01892
G1 X171.55 Y105.644 E2633.03945
G1 X171.528 Y106.136 E2633.05993
G1 X171.604 Y106.624 E2633.08046
G1 X171.775 Y107.086 E2633.10094
G1 X172.034 Y107.506 E2633.12146
G1 X172.372 Y107.866 E2633.14199
G1 X172.775 Y108.151 E2633.16251
G1 X173.224 Y108.351 E2633.18294
G1 X173.705 Y108.459 E2633.20344
G0 F7200 X173.653 Y108.895
G0 X173.646 Y108.957
G0 X171.088 Y134.16
G0 X171.379 Y135.279
G0 X172.943 Y137.102
;TYPE:WALL-INNER
G1 F3000 X172.972 Y137.115 E2633.20476
G1 X173.609 Y137.257 E2633.23189
G1 X173.992 Y137.263 E2633.24782
G1 X174.289 Y137.269 E2633.26017
G1 X174.783 Y137.153 E2633.28127
G1 X175.192 Y137.057 E2633.29873
G1 X175.242 Y137.031 E2633.30108
G1 X175.691 Y136.8 E2633.32207
G1 X175.795 Y136.746 E2633.32694
G1 X176.083 Y136.513 E2633.34234
G1 X176.304 Y136.335 E2633.35414
G1 X176.424 Y136.189 E2633.362
G1 X176.72 Y135.83 E2633.38134
G1 X176.958 Y135.386 E2633.40229
G1 X177.028 Y135.257 E2633.40839
G1 X177.123 Y134.941 E2633.42211
G1 X177.216 Y134.634 E2633.43544
G1 X177.219 Y134.595 E2633.43707
G1 X177.229 Y134.492 E2633.44137
G1 X177.279 Y133.984 E2633.46259
G1 X177.212 Y133.332 E2633.48984
G1 X177.104 Y132.991 E2633.50471
G1 X177.014 Y132.708 E2633.51706
G1 X176.699 Y132.139 E2633.5441
G1 X176.277 Y131.64 E2633.57127
G1 X175.764 Y131.236 E2633.59842
G1 X175.182 Y130.942 E2633.62553
G1 X174.553 Y130.768 E2633.65266
G1 X173.901 Y130.722 E2633.67983
G1 X173.253 Y130.805 E2633.70699
G1 X172.636 Y131.019 E2633.73415
G1 X172.071 Y131.347 E2633.76131
G1 X171.585 Y131.783 E2633.78845
G1 X171.193 Y132.305 E2633.81559
G1 X170.914 Y132.893 E2633.84265
G1 X170.754 Y133.528 E2633.86988
G1 X170.726 Y134.18 E2633.89701
G1 X170.826 Y134.826 E2633.92419
G1 X171.053 Y135.438 E2633.95132
G1 X171.396 Y135.994 E2633.97848
G1 X171.844 Y136.472 E2634.00572
G1 X172.377 Y136.849 E2634.03286
G1 X172.943 Y137.102 E2634.05864
G0 F7200 X173.098 Y136.733
G1 F3000 X173.657 Y136.858 E2634.08245
G1 X174.246 Y136.868 E2634.10694
G1 X175.052 Y136.679 E2634.14136
G1 X175.575 Y136.409 E2634.16583
G1 X176.021 Y136.049 E2634.18966
G1 X176.386 Y135.606 E2634.21353
G1 X176.657 Y135.103 E2634.23728
G1 X176.822 Y134.556 E2634.26103
G1 X176.877 Y133.985 E2634.28488
G1 X176.818 Y133.414 E2634.30875
G1 X176.645 Y132.867 E2634.3326
G1 X176.368 Y132.367 E2634.35637
G1 X175.998 Y131.929 E2634.3802
G1 X175.548 Y131.575 E2634.40401
G1 X175.037 Y131.317 E2634.42781
G1 X174.485 Y131.164 E2634.45162
G1 X173.913 Y131.124 E2634.47546
G1 X173.345 Y131.197 E2634.49927
G1 X172.803 Y131.384 E2634.52311
G1 X172.308 Y131.672 E2634.54692
G1 X171.881 Y132.055 E2634.57076
G1 X171.537 Y132.513 E2634.59458
G1 X171.292 Y133.029 E2634.61833
G1 X171.152 Y133.586 E2634.6422
G1 X171.127 Y134.158 E2634.66601
G1 X171.215 Y134.725 E2634.68986
G1 X171.414 Y135.262 E2634.71367
G1 X171.715 Y135.75 E2634.73751
G1 X172.108 Y136.169 E2634.76139
G1 X172.576 Y136.5 E2634.78523
G1 X173.098 Y136.733 E2634.80899
G0 F7200 X173.224 Y136.351
;TYPE:WALL-OUTER
G1 F1500 X173.705 Y136.459 E2634.82949
G1 X174.203 Y136.467 E2634.85019
G1 X174.912 Y136.301 E2634.88047
G1 X175.355 Y136.072 E2634.9012
G1 X175.738 Y135.763 E2634.92166
G1 X176.053 Y135.382 E2634.94221
G1 X176.286 Y134.949 E2634.96266
G1 X176.428 Y134.478 E2634.98311
G1 X176.475 Y133.987 E2635.00362
G1 X176.424 Y133.496 E2635.02414
G1 X176.276 Y133.026 E2635.04463
G1 X176.037 Y132.595 E2635.06511
G1 X175.719 Y132.218 E2635.08562
G1 X175.332 Y131.914 E2635.10608
G1 X174.892 Y131.692 E2635.12657
G1 X174.417 Y131.56 E2635.14707
G1 X173.925 Y131.526 E2635.16757
G1 X173.436 Y131.589 E2635.18807
G1 X172.97 Y131.749 E2635.20855
G1 X172.545 Y131.997 E2635.22901
G1 X172.177 Y132.327 E2635.24956
G1 X171.881 Y132.721 E2635.27005
G1 X171.67 Y133.165 E2635.29049
G1 X171.55 Y133.644 E2635.31102
G1 X171.528 Y134.136 E2635.33149
G1 X171.604 Y134.624 E2635.35202
G1 X171.775 Y135.086 E2635.37251
G1 X172.034 Y135.506 E2635.39302
G1 X172.372 Y135.866 E2635.41355
G1 X172.775 Y136.151 E2635.43407
G1 X173.224 Y136.351 E2635.45451
G0 F7200 X173.086 Y136.768
G0 X173.067 Y136.827
G0 X106.021 Y137.5
;TYPE:WALL-INNER
G1 F3000 X105.593 Y137.468 E2635.46463
G1 X105.482 Y137.459 E2635.46745
G1 X104.991 Y137.349 E2635.47923
G1 X104.897 Y137.313 E2635.48182
G1 X104.505 Y137.162 E2635.49168
G1 X104.274 Y137.032 E2635.498
G1 X104.055 Y136.907 E2635.50402
G1 X103.713 Y136.64 E2635.51419
G1 X103.658 Y136.597 E2635.51608
G1 X103.293 Y136.214 E2635.52837
G1 X103.224 Y136.116 E2635.53137
G1 X103.001 Y135.798 E2635.54046
G1 X102.867 Y135.532 E2635.54748
G1 X102.775 Y135.349 E2635.55237
G1 X102.623 Y134.895 E2635.56347
G1 X102.607 Y134.848 E2635.56494
G1 X102.518 Y134.328 E2635.5772
G1 X102.511 Y134.192 E2635.58054
G1 X102.5 Y134 E2635.58524
G1 X102.5 Y133.528 E2635.59716
G1 X102.5 Y132.944 E2635.61706
G1 X102.5 Y107.029 E2636.69448
G1 X102.5 Y106.826 E2636.70216
G1 X102.5 Y106.18 E2636.72072
G1 X102.5 Y106.02 E2636.72463
G1 X102.538 Y105.512 E2636.73662
G1 X102.541 Y105.482 E2636.73758
G1 X102.651 Y104.991 E2636.74939
G1 X102.717 Y104.818 E2636.7539
G1 X102.838 Y104.505 E2636.76183
G1 X103.01 Y104.202 E2636.77004
G1 X103.093 Y104.055 E2636.77417
G1 X103.404 Y103.657 E2636.78605
G1 X103.435 Y103.627 E2636.78744
G1 X103.786 Y103.293 E2636.79876
G1 X103.951 Y103.177 E2636.80361
G1 X104.202 Y103.001 E2636.81082
G1 X104.54 Y102.831 E2636.81969
G1 X104.658 Y102.771 E2636.82299
G1 X105.156 Y102.607 E2636.83516
G1 X105.216 Y102.597 E2636.83686
G1 X105.66 Y102.519 E2636.84732
G1 X105.889 Y102.507 E2636.8528
G1 X106.014 Y102.5 E2636.85596
G1 X106.553 Y102.5 E2636.86979
G1 X107.035 Y102.5 E2636.88657
G1 X172.975 Y102.5 E2639.62804
G1 X173.253 Y102.5 E2639.63826
G1 X173.901 Y102.5 E2639.65604
G1 X173.979 Y102.5 E2639.65801
G1 X174.518 Y102.541 E2639.6707
G1 X174.599 Y102.559 E2639.6729
G1 X175.009 Y102.651 E2639.68281
G1 X175.257 Y102.746 E2639.68915
G1 X175.495 Y102.838 E2639.69524
G1 X175.869 Y103.05 E2639.70532
G1 X175.945 Y103.093 E2639.70762
G1 X176.342 Y103.403 E2639.71943
G1 X176.429 Y103.494 E2639.72257
G1 X176.707 Y103.786 E2639.73202
G1 X176.87 Y104.018 E2639.73875
G1 X176.999 Y104.202 E2639.74411
G1 X177.205 Y104.611 E2639.7548
G1 X177.229 Y104.658 E2639.75632
G1 X177.393 Y105.156 E2639.76845
G1 X177.417 Y105.296 E2639.77195
G1 X177.481 Y105.66 E2639.78058
G1 X177.497 Y105.972 E2639.78802
G1 X177.5 Y106.01 E2639.78961
G1 X177.5 Y106.634 E2639.80643
G1 X177.5 Y107.023 E2639.8203
G1 X177.5 Y132.974 E2640.89921
G1 X177.5 Y133.332 E2640.91205
G1 X177.5 Y133.979 E2640.92917
G1 X177.499 Y134 E2640.92984
G1 X177.46 Y134.514 E2640.94203
G1 X177.423 Y134.68 E2640.94665
G1 X177.349 Y135.009 E2640.95467
G1 X177.225 Y135.332 E2640.96285
G1 X177.162 Y135.495 E2640.96713
G1 X176.907 Y135.945 E2640.97938
G1 X176.892 Y135.964 E2640.98038
G1 X176.602 Y136.335 E2640.99141
G1 X176.448 Y136.483 E2640.9965
G1 X176.23 Y136.694 E2641.00363
G1 X175.916 Y136.916 E2641.01259
G1 X175.795 Y137.001 E2641.01622
G1 X175.344 Y137.228 E2641.02798
G1 X175.259 Y137.256 E2641.0303
G1 X174.84 Y137.395 E2641.04101
G1 X174.33 Y137.482 E2641.0536
G1 X174.301 Y137.483 E2641.05481
G1 X173.988 Y137.5 E2641.06232
G1 X173.609 Y137.5 E2641.07177
G1 X172.972 Y137.5 E2641.09258
G1 X172.94 Y137.5 E2641.09388
G1 X107.014 Y137.5 E2643.83477
G1 X106.289 Y137.5 E2643.85861
G1 X106.021 Y137.5 E2643.86516
G0 F7200 X106.004 Y137.9
G1 F3000 X105.427 Y137.856 E2643.88922
G1 X104.873 Y137.732 E2643.91282
G1 X104.333 Y137.524 E2643.93688
G1 X103.833 Y137.241 E2643.96077
G1 X103.385 Y136.891 E2643.9844
G1 X102.985 Y136.471 E2644.00852
G1 X102.657 Y136.004 E2644.03224
G1 X102.405 Y135.504 E2644.05552
G1 X102.218 Y134.945 E2644.08003
G1 X102.12 Y134.375 E2644.10408
G1 X102.102 Y134.022 E2644.11877
G1 X102.1 Y134 E2644.11969
G1 X102.1 Y106.002 E2645.28371
G1 X102.144 Y105.427 E2645.30769
G1 X102.268 Y104.873 E2645.33129
G1 X102.476 Y104.333 E2645.35535
G1 X102.759 Y103.833 E2645.37923
G1 X103.11 Y103.384 E2645.40293
G1 X103.529 Y102.985 E2645.42698
G1 X103.996 Y102.657 E2645.45071
G1 X104.478 Y102.415 E2645.47313
G1 X104.506 Y102.4 E2645.47445
G1 X105.058 Y102.218 E2645.49862
G1 X105.611 Y102.121 E2645.52196
G1 X106.012 Y102.1 E2645.53865
G1 X173.996 Y102.1 E2648.3651
G1 X174.573 Y102.144 E2648.38916
G1 X175.127 Y102.268 E2648.41276
G1 X175.667 Y102.476 E2648.43682
G1 X176.167 Y102.759 E2648.46071
G1 X176.615 Y103.109 E2648.48434
G1 X177.015 Y103.529 E2648.50846
G1 X177.343 Y103.996 E2648.53218
G1 X177.585 Y104.478 E2648.5546
G1 X177.6 Y104.506 E2648.55592
G1 X177.782 Y105.058 E2648.58009
G1 X177.879 Y105.611 E2648.60343
G1 X177.898 Y105.989 E2648.61917
G1 X177.9 Y106.01 E2648.62004
G1 X177.9 Y133.999 E2649.78369
G1 X177.857 Y134.569 E2649.80746
G1 X177.732 Y135.127 E2649.83123
G1 X177.524 Y135.667 E2649.85529
G1 X177.241 Y136.167 E2649.87918
G1 X176.897 Y136.607 E2649.9024
G1 X176.485 Y137.004 E2649.92618
G1 X176.005 Y137.343 E2649.95061
G1 X175.494 Y137.6 E2649.97439
G1 X174.942 Y137.783 E2649.99857
G1 X174.908 Y137.788 E2650
G1 X174.375 Y137.88 E2650.02249
G1 X173.99 Y137.9 E2650.03852
G1 X106.004 Y137.9 E2652.86505
G0 F7200 X105.986 Y138.3
;TYPE:WALL-OUTER
G1 F1500 X105.372 Y138.253 E2652.89065
G1 X104.755 Y138.115 E2652.91693
G1 X104.161 Y137.886 E2652.9434
G1 X103.612 Y137.575 E2652.96963
G1 X103.112 Y137.185 E2652.996
G1 X102.677 Y136.728 E2653.02223
G1 X102.313 Y136.21 E2653.04855
G1 X102.035 Y135.659 E2653.07421
G1 X101.829 Y135.042 E2653.10125
G1 X101.722 Y134.422 E2653.12741
G1 X101.7 Y134 E2653.14498
G1 X101.7 Y105.984 E2654.30975
G1 X101.747 Y105.372 E2654.33527
G1 X101.885 Y104.755 E2654.36155
G1 X102.114 Y104.161 E2654.38802
G1 X102.425 Y103.612 E2654.41425
G1 X102.815 Y103.112 E2654.44062
G1 X103.272 Y102.677 E2654.46685
G1 X103.79 Y102.313 E2654.49317
G1 X104.356 Y102.028 E2654.51951
G1 X104.958 Y101.829 E2654.54587
G1 X105.562 Y101.723 E2654.57137
G1 X106.01 Y101.7 E2654.59002
G1 X174.014 Y101.7 E2657.4173
G1 X174.628 Y101.747 E2657.4429
G1 X175.245 Y101.885 E2657.46919
G1 X175.839 Y102.114 E2657.49565
G1 X176.388 Y102.425 E2657.52188
G1 X176.888 Y102.815 E2657.54825
G1 X177.323 Y103.272 E2657.57448
G1 X177.687 Y103.79 E2657.6008
G1 X177.972 Y104.356 E2657.62715
G1 X178.171 Y104.958 E2657.65351
G1 X178.277 Y105.562 E2657.679
G1 X178.3 Y106.01 E2657.69765
G1 X178.3 Y134.016 E2658.86201
G1 X178.254 Y134.624 E2658.88736
G1 X178.115 Y135.245 E2658.91381
G1 X177.886 Y135.839 E2658.94028
G1 X177.575 Y136.388 E2658.96651
G1 X177.195 Y136.875 E2658.9922
G1 X176.737 Y137.316 E2659.01863
G1 X176.215 Y137.685 E2659.04521
G1 X175.644 Y137.972 E2659.07178
G1 X175.043 Y138.171 E2659.0981
G1 X174.422 Y138.278 E2659.12429
G1 X173.99 Y138.3 E2659.14228
G1 X105.986 Y138.3 E2661.96956
G0 F7200 X106.002 Y137.861
G0 X106.007 Y137.801
G0 X107.939 Y137.11
;TYPE:SKIN
G1 F1500 X108.009 Y137.074 E2661.97283
G1 X108.579 Y136.614 E2662.00328
G1 X109.045 Y136.048 E2662.03376
G1 X109.39 Y135.407 E2662.06403
G1 X109.6 Y134.71 E2662.09429
G1 X109.671 Y133.982 E2662.1247
G1 X109.596 Y133.252 E2662.15521
G1 X109.374 Y132.553 E2662.1857
G1 X109.021 Y131.917 E2662.21594
G1 X108.55 Y131.358 E2662.24633
G1 X107.974 Y130.906 E2662.27677
G1 X107.323 Y130.577 E2662.3071
G1 X106.619 Y130.382 E2662.33747
G1 X105.89 Y130.33 E2662.36786
G1 X105.163 Y130.423 E2662.39833
G1 X104.472 Y130.662 E2662.42873
G1 X103.841 Y131.03 E2662.4591
G1 X103.296 Y131.518 E2662.48951
G1 X102.89 Y132.059 E2662.51763
G1 X102.89 Y107.918 E2663.5213
G1 X103.084 Y108.232 E2663.53664
G1 X103.587 Y108.768 E2663.5672
G1 X104.182 Y109.19 E2663.59753
G1 X104.849 Y109.487 E2663.62789
G1 X105.562 Y109.647 E2663.65827
G1 X106.33 Y109.659 E2663.6902
G1 X107.328 Y109.426 E2663.73281
G1 X108.009 Y109.074 E2663.76468
G1 X108.579 Y108.614 E2663.79513
G1 X109.045 Y108.048 E2663.82561
G1 X109.39 Y107.407 E2663.85588
G1 X109.6 Y106.71 E2663.88614
G1 X109.671 Y105.982 E2663.91655
G1 X109.596 Y105.252 E2663.94706
G1 X109.374 Y104.553 E2663.97755
G1 X109.021 Y103.917 E2664.00779
G1 X108.55 Y103.358 E2664.03818
G1 X107.974 Y102.906 E2664.06862
G1 X107.942 Y102.89 E2664.07011
G1 X172.082 Y102.89 E2666.73674
G1 X171.841 Y103.03 E2666.74833
G1 X171.296 Y103.518 E2666.77875
G1 X170.858 Y104.102 E2666.8091
G1 X170.545 Y104.76 E2666.83939
G1 X170.366 Y105.471 E2666.86987
G1 X170.334 Y106.201 E2666.90025
G1 X170.446 Y106.925 E2666.93071
G1 X170.7 Y107.61 E2666.96108
G1 X171.084 Y108.232 E2666.99147
G1 X171.587 Y108.768 E2667.02203
G1 X172.182 Y109.19 E2667.05236
G1 X172.849 Y109.487 E2667.08272
G1 X173.562 Y109.647 E2667.1131
G1 X174.33 Y109.659 E2667.14503
G1 X175.328 Y109.426 E2667.18764
G1 X176.009 Y109.074 E2667.21951
G1 X176.579 Y108.614 E2667.24996
G1 X177.045 Y108.048 E2667.28044
G1 X177.11 Y107.927 E2667.28615
G1 X177.11 Y132.077 E2668.29019
G1 X177.021 Y131.917 E2668.29781
G1 X176.55 Y131.358 E2668.3282
G1 X175.974 Y130.906 E2668.35864
G1 X175.323 Y130.577 E2668.38896
G1 X174.619 Y130.382 E2668.41933
G1 X173.89 Y130.33 E2668.44972
G1 X173.163 Y130.423 E2668.48019
G1 X172.472 Y130.662 E2668.51059
G1 X171.841 Y131.03 E2668.54096
G1 X171.296 Y131.518 E2668.57137
G1 X170.858 Y132.102 E2668.60172
G1 X170.545 Y132.76 E2668.63201
G1 X170.366 Y133.471 E2668.6625
G1 X170.334 Y134.201 E2668.69288
G1 X170.446 Y134.925 E2668.72333
G1 X170.7 Y135.61 E2668.75371
G1 X171.084 Y136.232 E2668.7841
G1 X171.587 Y136.768 E2668.81466
G1 X172.07 Y137.11 E2668.83926
G1 X107.939 Y137.11 E2671.50552
G0 F7200 X132.802 Y121.362
G1 F1500 X133.272 Y122.054 E2671.5403
G1 X133.808 Y122.701 E2671.57523
G1 X134.408 Y123.289 E2671.61016
G1 X135.06 Y123.814 E2671.64496
G1 X135.764 Y124.272 E2671.67988
G1 X136.536 Y124.67 E2671.71599
G1 X137.292 Y124.968 E2671.74977
G1 X138.098 Y125.197 E2671.78461
G1 X138.952 Y125.351 E2671.82069
G1 X139.79 Y125.413 E2671.85562
G1 X140.629 Y125.393 E2671.89051
G1 X141.46 Y125.287 E2671.92534
G1 X142.252 Y125.11 E2671.95908
G1 X143.075 Y124.834 E2671.99517
G1 X143.84 Y124.488 E2672.03008
G1 X144.565 Y124.071 E2672.06485
G1 X145.223 Y123.599 E2672.09852
G1 X145.853 Y123.048 E2672.13331
G1 X146.426 Y122.435 E2672.1682
G1 X146.935 Y121.769 E2672.20305
G1 X147.378 Y121.053 E2672.23805
G1 X147.755 Y120.271 E2672.27415
G1 X148.032 Y119.508 E2672.30789
G1 X148.248 Y118.67 E2672.34387
G1 X148.373 Y117.838 E2672.37885
G1 X148.414 Y117.03 E2672.41249
G1 X148.377 Y116.195 E2672.44724
G1 X148.256 Y115.363 E2672.48219
G1 X148.052 Y114.55 E2672.51704
G1 X147.769 Y113.761 E2672.55189
G1 X147.405 Y113.004 E2672.58681
G1 X146.972 Y112.287 E2672.62163
G1 X146.468 Y111.615 E2672.65656
G1 X145.899 Y110.996 E2672.69151
G1 X145.271 Y110.441 E2672.72636
G1 X144.593 Y109.947 E2672.76123
G1 X143.867 Y109.525 E2672.79615
G1 X143.105 Y109.178 E2672.83096
G1 X142.31 Y108.907 E2672.86588
G1 X141.492 Y108.718 E2672.90078
G1 X140.66 Y108.61 E2672.93566
G1 X139.823 Y108.587 E2672.97047
G1 X138.985 Y108.644 E2673.00539
G1 X138.157 Y108.788 E2673.04033
G1 X137.35 Y109.012 E2673.07515
G1 X136.569 Y109.315 E2673.10998
G1 X135.82 Y109.694 E2673.14488
G1 X135.112 Y110.148 E2673.17985
G1 X134.455 Y110.669 E2673.21471
G1 X133.852 Y111.251 E2673.24955
G1 X133.312 Y111.893 E2673.28443
G1 X132.836 Y112.585 E2673.31935
G1 X132.432 Y113.319 E2673.35418
G1 X132.103 Y114.09 E2673.38903
G1 X131.851 Y114.893 E2673.42402
G1 X131.682 Y115.716 E2673.45895
G1 X131.596 Y116.55 E2673.49381
G1 X131.593 Y117.387 E2673.52861
G1 X131.674 Y118.223 E2673.56353
G1 X131.836 Y119.045 E2673.59836
G1 X132.081 Y119.85 E2673.63335
G1 X132.404 Y120.624 E2673.66821
G1 X132.802 Y121.362 E2673.70307
G0 F7200 X108.554 Y136.838
G1 F1500 X108.664 Y136.948 E2673.70954
G0 F7200 X108.835 Y136.553
G1 F1500 X109.23 Y136.948 E2673.73277
G0 F7200 X109.796 Y136.948
G1 F1500 X109.091 Y136.243 E2673.77422
G0 F7200 X109.308 Y135.896
G1 F1500 X110.361 Y136.948 E2673.8361
G0 F7200 X110.927 Y136.948
G1 F1500 X109.506 Y135.527 E2673.91965
G0 F7200 X109.647 Y135.103
G1 F1500 X111.493 Y136.948 E2674.02816
G0 F7200 X112.058 Y136.948
G1 F1500 X109.764 Y134.655 E2674.16301
G0 F7200 X109.815 Y134.14
G1 F1500 X112.624 Y136.948 E2674.32814
G0 F7200 X113.19 Y136.948
G1 F1500 X109.786 Y133.545 E2674.52825
G0 F7200 X109.626 Y132.819
G1 F1500 X113.755 Y136.948 E2674.77102
G0 F7200 X114.321 Y136.948
G1 F1500 X108.914 Y131.541 E2675.08893
G0 F7200 X108.435 Y131.062
G1 F1500 X103.05 Y125.677 E2675.40555
G0 F7200 X103.05 Y125.111
G1 F1500 X114.887 Y136.948 E2676.10152
G0 F7200 X115.452 Y136.948
G1 F1500 X103.05 Y124.546 E2676.83071
G0 F7200 X103.05 Y123.98
G1 F1500 X116.018 Y136.948 E2677.59318
G0 F7200 X116.584 Y136.948
G1 F1500 X103.05 Y123.414 E2678.38892
G0 F7200 X103.05 Y122.849
G1 F1500 X117.149 Y136.948 E2679.21789
G0 F7200 X117.715 Y136.948
G1 F1500 X103.05 Y122.283 E2680.08014
G0 F7200 X103.05 Y121.717
G1 F1500 X118.281 Y136.948 E2680.97566
G0 F7200 X118.846 Y136.948
G1 F1500 X103.05 Y121.152 E2681.9044
G0 F7200 X103.05 Y120.586
G1 F1500 X119.412 Y136.948 E2682.86643
G0 F7200 X119.978 Y136.948
G1 F1500 X103.05 Y120.02 E2683.86173
G0 F7200 X103.05 Y119.455
G1 F1500 X120.544 Y136.948 E2684.89028
G0 F7200 X121.109 Y136.948
G1 F1500 X103.05 Y118.889 E2685.95208
G0 F7200 X103.05 Y118.323
G1 F1500 X121.675 Y136.948 E2687.04716
G0 F7200 X122.241 Y136.948
G1 F1500 X103.05 Y117.758 E2688.17549
G0 F7200 X103.05 Y117.192
G1 F1500 X122.806 Y136.948 E2689.33706
G0 F7200 X123.372 Y136.948
G1 F1500 X103.05 Y116.626 E2690.53192
G0 F7200 X103.05 Y116.06
G1 F1500 X123.938 Y136.948 E2691.76005
G0 F7200 X124.503 Y136.948
G1 F1500 X103.05 Y115.495 E2693.02141
G0 F7200 X103.05 Y114.929
G1 F1500 X125.069 Y136.948 E2694.31604
G0 F7200 X125.635 Y136.948
G1 F1500 X103.05 Y114.363 E2695.64395
G0 F7200 X103.05 Y113.798
G1 F1500 X126.2 Y136.948 E2697.00508
G0 F7200 X126.766 Y136.948
G1 F1500 X103.05 Y113.232 E2698.39949
G0 F7200 X103.05 Y112.666
G1 F1500 X127.332 Y136.948 E2699.82718
G0 F7200 X127.897 Y136.948
G1 F1500 X103.05 Y112.101 E2701.28809
G0 F7200 X103.05 Y111.535
G1 F1500 X128.463 Y136.948 E2702.78228
G0 F7200 X129.029 Y136.948
G1 F1500 X103.05 Y110.969 E2704.30974
G0 F7200 X103.05 Y110.404
G1 F1500 X129.594 Y136.948 E2705.87043
G0 F7200 X130.16 Y136.948
G1 F1500 X103.05 Y109.838 E2707.46439
G0 F7200 X103.05 Y109.272
G1 F1500 X130.726 Y136.948 E2709.09163
G0 F7200 X131.292 Y136.948
G1 F1500 X103.05 Y108.707 E2710.75213
G0 F7200 X104.347 Y109.438
G1 F1500 X131.857 Y136.948 E2712.36961
G0 F7200 X132.423 Y136.948
G1 F1500 X105.205 Y109.73 E2713.96992
G0 F7200 X105.851 Y109.811
G1 F1500 X132.989 Y136.948 E2715.5655
G0 F7200 X133.554 Y136.948
G1 F1500 X106.41 Y109.804 E2717.16147
G0 F7200 X106.868 Y109.697
G1 F1500 X134.12 Y136.948 E2718.76375
G0 F7200 X134.686 Y136.948
G1 F1500 X107.326 Y109.589 E2720.37239
G0 F7200 X107.71 Y109.407
G1 F1500 X135.251 Y136.948 E2721.99169
G0 F7200 X135.817 Y136.948
G1 F1500 X108.083 Y109.214 E2723.62234
G0 F7200 X108.398 Y108.964
G1 F1500 X136.383 Y136.948 E2725.26772
G0 F7200 X136.948 Y136.948
G1 F1500 X108.707 Y108.707 E2726.92819
G0 F7200 X108.963 Y108.398
G1 F1500 X137.514 Y136.948 E2728.60685
G0 F7200 X138.08 Y136.948
G1 F1500 X109.209 Y108.078 E2730.30432
G0 F7200 X109.407 Y107.71
G1 F1500 X138.645 Y136.948 E2732.0234
G0 F7200 X139.211 Y136.948
G1 F1500 X109.582 Y107.319 E2733.76548
G0 F7200 X109.713 Y106.884
G1 F1500 X139.777 Y136.948 E2735.53312
G0 F7200 X140.343 Y136.949
G1 F1500 X109.79 Y106.396 E2737.32952
G0 F7200 X109.818 Y105.858
G1 F1500 X140.909 Y136.949 E2739.15755
G0 F7200 X141.475 Y136.949
G1 F1500 X109.752 Y105.227 E2741.02272
G0 F7200 X109.446 Y104.355
G1 F1500 X142.04 Y136.949 E2742.93912
G0 F7200 X142.606 Y136.949
G1 F1500 X108.707 Y103.05 E2744.93225
G0 F7200 X109.272 Y103.05
G1 F1500 X143.172 Y136.949 E2746.92541
G0 F7200 X143.737 Y136.949
G1 F1500 X109.838 Y103.05 E2748.91854
G0 F7200 X110.404 Y103.05
G1 F1500 X144.303 Y136.949 E2750.91167
G0 F7200 X144.869 Y136.949
G1 F1500 X110.969 Y103.05 E2752.90483
G0 F7200 X111.535 Y103.05
G1 F1500 X145.434 Y136.949 E2754.89797
G0 F7200 X146 Y136.949
G1 F1500 X112.101 Y103.05 E2756.8911
G0 F7200 X112.666 Y103.05
G1 F1500 X146.566 Y136.949 E2758.88426
G0 F7200 X147.131 Y136.949
G1 F1500 X113.232 Y103.05 E2760.87739
G0 F7200 X113.798 Y103.05
G1 F1500 X147.697 Y136.949 E2762.87052
G0 F7200 X148.263 Y136.949
G1 F1500 X135.768 Y124.455 E2763.60515
G0 F7200 X136.842 Y124.962
G1 F1500 X148.829 Y136.949 E2764.30994
G0 F7200 X149.394 Y136.949
G1 F1500 X137.694 Y125.249 E2764.99785
G0 F7200 X138.431 Y125.42
G1 F1500 X149.96 Y136.949 E2765.67571
G0 F7200 X150.526 Y136.949
G1 F1500 X139.099 Y125.522 E2766.34758
G0 F7200 X139.71 Y125.568
G1 F1500 X151.091 Y136.949 E2767.01674
G0 F7200 X151.657 Y136.949
G1 F1500 X140.27 Y125.562 E2767.68625
G0 F7200 X140.805 Y125.531
G1 F1500 X152.223 Y136.949 E2768.35758
G0 F7200 X152.788 Y136.949
G1 F1500 X141.306 Y125.467 E2769.03268
G0 F7200 X141.783 Y125.378
G1 F1500 X153.354 Y136.949 E2769.71301
G0 F7200 X153.92 Y136.949
G1 F1500 X142.245 Y125.275 E2770.39943
G0 F7200 X142.673 Y125.137
G1 F1500 X154.485 Y136.949 E2771.09393
G0 F7200 X155.051 Y136.949
G1 F1500 X143.097 Y124.995 E2771.79678
G0 F7200 X143.49 Y124.822
G1 F1500 X155.617 Y136.949 E2772.5098
G0 F7200 X156.182 Y136.949
G1 F1500 X143.879 Y124.645 E2773.2332
G0 F7200 X144.24 Y124.441
G1 F1500 X156.748 Y136.949 E2773.96862
G0 F7200 X157.314 Y136.949
G1 F1500 X144.599 Y124.235 E2774.71618
G0 F7200 X144.933 Y124.003
G1 F1500 X157.879 Y136.949 E2775.47736
G0 F7200 X158.445 Y136.949
G1 F1500 X145.262 Y123.766 E2776.25247
G0 F7200 X145.569 Y123.508
G1 F1500 X159.011 Y136.949 E2777.04278
G0 F7200 X159.577 Y136.949
G1 F1500 X145.871 Y123.244 E2777.84861
G0 F7200 X146.153 Y122.96
G1 F1500 X160.142 Y136.949 E2778.67111
G0 F7200 X160.708 Y136.949
G1 F1500 X146.426 Y122.667 E2779.51083
G0 F7200 X146.684 Y122.359
G1 F1500 X161.274 Y136.949 E2780.36867
G0 F7200 X161.839 Y136.949
G1 F1500 X146.929 Y122.038 E2781.24535
G0 F7200 X147.161 Y121.705
G1 F1500 X162.405 Y136.949 E2782.14164
G0 F7200 X162.971 Y136.949
G1 F1500 X147.377 Y121.355 E2783.05851
G0 F7200 X147.582 Y120.995
G1 F1500 X163.536 Y136.949 E2783.99654
G0 F7200 X164.102 Y136.949
G1 F1500 X147.766 Y120.613 E2784.95704
G0 F7200 X147.941 Y120.223
G1 F1500 X164.668 Y136.949 E2785.94049
G0 F7200 X165.233 Y136.949
G1 F1500 X148.091 Y119.807 E2786.94837
G0 F7200 X148.228 Y119.378
G1 F1500 X165.799 Y136.949 E2787.98148
G0 F7200 X166.365 Y136.949
G1 F1500 X148.344 Y118.928 E2789.04105
G0 F7200 X148.44 Y118.458
G1 F1500 X166.93 Y136.949 E2790.12822
G0 F7200 X167.496 Y136.949
G1 F1500 X148.513 Y117.966 E2791.24434
G0 F7200 X148.551 Y117.439
G1 F1500 X168.062 Y136.949 E2792.39149
G0 F7200 X168.627 Y136.949
G1 F1500 X148.566 Y116.888 E2793.571
G0 F7200 X148.539 Y116.295
G1 F1500 X169.193 Y136.949 E2794.78537
G0 F7200 X169.759 Y136.949
G1 F1500 X148.457 Y115.647 E2796.03785
G0 F7200 X148.312 Y114.937
G1 F1500 X170.325 Y136.949 E2797.3321
G0 F7200 X170.89 Y136.949
G1 F1500 X148.069 Y114.128 E2798.67389
G0 F7200 X147.647 Y113.14
G1 F1500 X171.456 Y136.949 E2800.07377
G0 F7200 X170.436 Y135.364
G1 F1500 X146.605 Y111.533 E2801.47494
G0 F7200 X145.527 Y110.455
G1 F1500 X138.122 Y103.05 E2801.91032
G0 F7200 X137.557 Y103.05
G1 F1500 X143.846 Y109.339 E2802.28009
G0 F7200 X142.87 Y108.929
G1 F1500 X136.991 Y103.05 E2802.62575
G0 F7200 X136.425 Y103.05
G1 F1500 X142.06 Y108.685 E2802.95707
G0 F7200 X141.348 Y108.538
G1 F1500 X135.859 Y103.05 E2803.27977
G0 F7200 X135.294 Y103.05
G1 F1500 X140.697 Y108.453 E2803.59745
G0 F7200 X140.113 Y108.434
G1 F1500 X134.728 Y103.05 E2803.91404
G0 F7200 X134.162 Y103.05
G1 F1500 X139.557 Y108.444 E2804.23121
G0 F7200 X139.027 Y108.48
G1 F1500 X133.597 Y103.05 E2804.55048
G0 F7200 X133.031 Y103.05
G1 F1500 X138.539 Y108.558 E2804.87433
G0 F7200 X138.064 Y108.648
G1 F1500 X132.465 Y103.05 E2805.2035
G0 F7200 X131.9 Y103.05
G1 F1500 X137.62 Y108.77 E2805.53981
G0 F7200 X137.186 Y108.902
G1 F1500 X131.334 Y103.05 E2805.88389
G0 F7200 X130.768 Y103.05
G1 F1500 X136.779 Y109.06 E2806.23728
G0 F7200 X136.382 Y109.229
G1 F1500 X130.203 Y103.05 E2806.60058
G0 F7200 X129.637 Y103.05
G1 F1500 X136.007 Y109.419 E2806.97508
G0 F7200 X135.64 Y109.619
G1 F1500 X129.071 Y103.05 E2807.36132
G0 F7200 X128.506 Y103.05
G1 F1500 X135.295 Y109.839 E2807.76048
G0 F7200 X134.956 Y110.066
G1 F1500 X127.94 Y103.05 E2808.173
G0 F7200 X127.374 Y103.05
G1 F1500 X134.64 Y110.316 E2808.60021
G0 F7200 X134.327 Y110.568
G1 F1500 X126.808 Y103.05 E2809.04227
G0 F7200 X126.243 Y103.05
G1 F1500 X134.039 Y110.846 E2809.50064
G0 F7200 X133.752 Y111.124
G1 F1500 X125.677 Y103.05 E2809.97539
G0 F7200 X125.111 Y103.05
G1 F1500 X133.492 Y111.43 E2810.46813
G0 F7200 X133.234 Y111.738
G1 F1500 X124.546 Y103.05 E2810.97896
G0 F7200 X123.98 Y103.05
G1 F1500 X132.998 Y112.067 E2811.50915
G0 F7200 X132.767 Y112.402
G1 F1500 X123.414 Y103.05 E2812.05904
G0 F7200 X122.849 Y103.05
G1 F1500 X132.557 Y112.758 E2812.62983
G0 F7200 X132.356 Y113.123
G1 F1500 X122.283 Y103.05 E2813.22209
G0 F7200 X121.717 Y103.05
G1 F1500 X132.176 Y113.509 E2813.83704
G0 F7200 X132.007 Y113.905
G1 F1500 X121.152 Y103.05 E2814.47527
G0 F7200 X120.586 Y103.05
G1 F1500 X131.861 Y114.325 E2815.1382
G0 F7200 X131.726 Y114.755
G1 F1500 X120.02 Y103.05 E2815.82643
G0 F7200 X119.455 Y103.05
G1 F1500 X131.62 Y115.215 E2816.54169
G0 F7200 X131.524 Y115.685
G1 F1500 X118.889 Y103.05 E2817.28458
G0 F7200 X118.323 Y103.05
G1 F1500 X131.47 Y116.197 E2818.05757
G0 F7200 X131.434 Y116.727
G1 F1500 X117.758 Y103.05 E2818.8617
G0 F7200 X117.192 Y103.05
G1 F1500 X131.432 Y117.29 E2819.69896
G0 F7200 X131.481 Y117.905
G1 F1500 X116.626 Y103.05 E2820.57237
G0 F7200 X116.06 Y103.05
G1 F1500 X131.578 Y118.567 E2821.48474
G0 F7200 X131.746 Y119.301
G1 F1500 X115.495 Y103.05 E2822.44024
G0 F7200 X114.929 Y103.05
G1 F1500 X132.034 Y120.155 E2823.44595
G0 F7200 X132.552 Y121.239
G1 F1500 X114.363 Y103.05 E2824.51539
G0 F7200 X138.688 Y103.05
G1 F1500 X170.232 Y134.594 E2826.37006
G0 F7200 X170.182 Y133.979
G1 F1500 X139.254 Y103.05 E2828.18853
G0 F7200 X139.819 Y103.05
G1 F1500 X170.209 Y133.439 E2829.97532
G0 F7200 X170.322 Y132.986
G1 F1500 X140.385 Y103.05 E2831.73547
G0 F7200 X140.951 Y103.05
G1 F1500 X170.461 Y132.56 E2833.47055
G0 F7200 X170.644 Y132.178
G1 F1500 X141.516 Y103.05 E2835.18316
G0 F7200 X142.082 Y103.05
G1 F1500 X170.862 Y131.83 E2836.87532
G0 F7200 X171.104 Y131.507
G1 F1500 X142.648 Y103.05 E2838.54845
G0 F7200 X143.213 Y103.05
G1 F1500 X171.386 Y131.222 E2840.20488
G0 F7200 X171.684 Y130.954
G1 F1500 X143.779 Y103.05 E2841.84556
G0 F7200 X144.345 Y103.05
G1 F1500 X172.029 Y130.734 E2843.47327
G0 F7200 X172.386 Y130.525
G1 F1500 X144.91 Y103.05 E2845.08873
G0 F7200 X145.476 Y103.05
G1 F1500 X172.804 Y130.377 E2846.69548
G0 F7200 X173.243 Y130.251
G1 F1500 X146.042 Y103.05 E2848.2948
G0 F7200 X146.607 Y103.05
G1 F1500 X173.744 Y130.186 E2849.89032
G0 F7200 X174.324 Y130.2
G1 F1500 X147.173 Y103.05 E2851.48666
G0 F7200 X147.739 Y103.05
G1 F1500 X175.016 Y130.327 E2853.09045
G0 F7200 X175.989 Y130.734
G1 F1500 X148.305 Y103.05 E2854.71816
G0 F7200 X148.87 Y103.05
G1 F1500 X176.949 Y131.128 E2856.36907
G0 F7200 X176.949 Y130.563
G1 F1500 X149.436 Y103.05 E2857.98673
G0 F7200 X150.002 Y103.05
G1 F1500 X176.949 Y129.997 E2859.57111
G0 F7200 X176.949 Y129.431
G1 F1500 X150.567 Y103.05 E2861.12224
G0 F7200 X151.133 Y103.05
G1 F1500 X176.949 Y128.865 E2862.64009
G0 F7200 X176.949 Y128.3
G1 F1500 X151.699 Y103.05 E2864.12469
G0 F7200 X152.264 Y103.05
G1 F1500 X176.949 Y127.734 E2865.57605
G0 F7200 X176.949 Y127.168
G1 F1500 X152.83 Y103.05 E2866.99412
G0 F7200 X153.396 Y103.05
G1 F1500 X176.949 Y126.603 E2868.37895
G0 F7200 X176.949 Y126.037
G1 F1500 X153.961 Y103.05 E2869.73053
G0 F7200 X154.527 Y103.05
G1 F1500 X176.949 Y125.471 E2871.04882
G0 F7200 X176.949 Y124.906
G1 F1500 X155.093 Y103.05 E2872.33387
G0 F7200 X155.658 Y103.05
G1 F1500 X176.949 Y124.34 E2873.58567
G0 F7200 X176.949 Y123.774
G1 F1500 X156.224 Y103.05 E2874.80419
G0 F7200 X156.79 Y103.05
G1 F1500 X176.949 Y123.209 E2875.98947
G0 F7200 X176.949 Y122.643
G1 F1500 X157.356 Y103.05 E2877.14146
G0 F7200 X157.921 Y103.05
G1 F1500 X176.949 Y122.077 E2878.2602
G0 F7200 X176.949 Y121.512
G1 F1500 X158.487 Y103.05 E2879.3457
G0 F7200 X159.053 Y103.05
G1 F1500 X176.949 Y120.946 E2880.39791
G0 F7200 X176.949 Y120.38
G1 F1500 X159.618 Y103.05 E2881.41688
G0 F7200 X160.184 Y103.05
G1 F1500 X176.949 Y119.815 E2882.4026
G0 F7200 X176.949 Y119.249
G1 F1500 X160.75 Y103.05 E2883.35504
G0 F7200 X161.315 Y103.05
G1 F1500 X176.949 Y118.683 E2884.27423
G0 F7200 X176.949 Y118.117
G1 F1500 X161.881 Y103.05 E2885.16014
G0 F7200 X162.447 Y103.05
G1 F1500 X176.949 Y117.552 E2886.0128
G0 F7200 X176.949 Y116.986
G1 F1500 X163.012 Y103.05 E2886.83221
G0 F7200 X163.578 Y103.05
G1 F1500 X176.949 Y116.42 E2887.61835
G0 F7200 X176.949 Y115.855
G1 F1500 X164.144 Y103.05 E2888.37123
G0 F7200 X164.709 Y103.05
G1 F1500 X176.949 Y115.289 E2889.09087
G0 F7200 X176.949 Y114.723
G1 F1500 X165.275 Y103.05 E2889.77723
G0 F7200 X165.841 Y103.05
G1 F1500 X170.689 Y107.898 E2890.06227
G0 F7200 X170.284 Y106.927
G1 F1500 X166.406 Y103.05 E2890.29025
G0 F7200 X166.972 Y103.05
G1 F1500 X170.18 Y106.258 E2890.47887
G0 F7200 X170.194 Y105.706
G1 F1500 X167.538 Y103.05 E2890.63503
G0 F7200 X168.104 Y103.05
G1 F1500 X170.266 Y105.212 E2890.76215
G0 F7200 X170.379 Y104.759
G1 F1500 X168.669 Y103.05 E2890.86266
G0 F7200 X169.235 Y103.05
G1 F1500 X170.553 Y104.368 E2890.94016
G0 F7200 X170.741 Y103.99
G1 F1500 X169.801 Y103.05 E2890.99542
G0 F7200 X170.366 Y103.05
G1 F1500 X170.984 Y103.668 E2891.03176
G0 F7200 X171.237 Y103.355
G1 F1500 X170.932 Y103.05 E2891.04969
G0 F7200 X171.088 Y106.16
G0 X172.137 Y109.346
G1 F1500 X176.949 Y114.158 E2891.33262
G0 F7200 X176.949 Y113.592
G1 F1500 X173.054 Y109.697 E2891.56163
G0 F7200 X173.732 Y109.81
G1 F1500 X176.949 Y113.026 E2891.75075
G0 F7200 X176.949 Y112.461
G1 F1500 X174.306 Y109.818 E2891.90615
G0 F7200 X174.773 Y109.719
G1 F1500 X176.949 Y111.895 E2892.03409
G0 F7200 X176.949 Y111.329
G1 F1500 X175.232 Y109.612 E2892.13504
G0 F7200 X175.633 Y109.448
G1 F1500 X176.949 Y110.764 E2892.21242
G0 F7200 X176.949 Y110.198
G1 F1500 X176.005 Y109.255 E2892.26789
G0 F7200 X176.334 Y109.017
G1 F1500 X176.949 Y109.632 E2892.30405
G0 F7200 X176.949 Y109.066
G1 F1500 X176.647 Y108.765 E2892.32178
G0 F7200 X142.8 Y124.135
G0 X141.61 Y124.468
G0 X107.176 Y130.369
G1 F1500 X103.05 Y126.243 E2892.56437
G0 F7200 X103.05 Y126.808
G1 F1500 X106.449 Y130.208 E2892.76425
G0 F7200 X105.848 Y130.172
G1 F1500 X103.05 Y127.374 E2892.92876
G0 F7200 X103.05 Y127.94
G1 F1500 X105.346 Y130.237 E2893.06378
G0 F7200 X104.89 Y130.346
G1 F1500 X103.05 Y128.506 E2893.17197
G0 F7200 X103.05 Y129.071
G1 F1500 X104.47 Y130.491 E2893.25546
G0 F7200 X104.103 Y130.691
G1 F1500 X103.05 Y129.637 E2893.3174
G0 F7200 X103.05 Y130.203
G1 F1500 X103.746 Y130.899 E2893.35832
G0 F7200 X103.448 Y131.166
G1 F1500 X103.05 Y130.768 E2893.38173
G0 F7200 X103.05 Y131.334
G1 F1500 X103.155 Y131.439 E2893.3879
;TIME_ELAPSED:2556.119704
G1 F2400 E2890.3879
M140 S0
M107
G91 ;Relative positioning
G1 E-2 F2700 ;Retract a bit
G1 E-2 Z0.2 F2400 ;Retract and raise Z
G1 X0 Y240 F3000 ;Wipe out
G1 Z10 ;Raise Z more
G90 ;Absolute positionning

G1 X0 Y240 ;Present print
M106 S0 ;Turn-off fan
M104 S0 ;Turn-off hotend
M140 S0 ;Turn-off bed

M84 X Y E ;Disable all steppers but Z

M82 ;absolute extrusion mode
M104 S0
;End of Gcode
;SETTING_3 {"extruder_quality": ["[general]\\nversion = 4\\nname = Draft #2\\nde
;SETTING_3 finition = SV01_Pro\\n\\n[metadata]\\ntype = quality_changes\\npositi
;SETTING_3 on = 0\\nquality_type = draft\\nsetting_version = 16\\n\\n[values]\\n
;SETTING_3 brim_line_count = 2\\nbrim_width = 3\\ngradual_infill_steps = 0\\ninf
;SETTING_3 ill_line_width = 0.3\\ninfill_overlap_mm = 0.13\\ninfill_randomize_st
;SETTING_3 art_location = True\\ninfill_sparse_density = 50\\ninitial_layer_line
;SETTING_3 _width_factor = 130\\nmaterial_print_temperature = 228\\nspeed_layer_
;SETTING_3 0 = 20.0\\nspeed_print = 50.0\\n\\n"], "global_quality": "[general]\\
;SETTING_3 nversion = 4\\nname = Draft #2\\ndefinition = SV01_Pro\\n\\n[metadata
;SETTING_3 ]\\ntype = quality_changes\\nquality_type = draft\\nsetting_version =
;SETTING_3  16\\n\\n[values]\\nadhesion_type = brim\\nlayer_height = 0.25\\nlaye
;SETTING_3 r_height_0 = 0.4\\nmaterial_bed_temperature = 110\\n\\n"}
